article type,Article Number,link,Journal,Year,Author,Host,Host_name,Host_number,Pathogen group,Pathogen_group_number,Pathogen_species,Pathogen_species_number,Environment,Environment_number,Inoculation (yes/no),Disease variable,scale_type,Author's definition,min,max,Description,Measure reference,Disease index?,Sample unit (type),Sample size,Observation,Transformation,anova_type,means_separation,Replicates_n,Replicates_max,Units_per_replicate,Sample_size_parse_status,,analysis_method,analysis_family,comparison_methods,comparison_number,comparison_family
original article,1,https://doi.org/10.1007/s13313-011-0088-0,Australasian Plant Pathology,2011,"B. L. Shearer, C. E. Crane",Lambertia taxa,Lambertia,1,Oomycete,1,Phytophthora cinnamomi,1,Greenhouse / Shadehouse,2,Yes,Incidence,Continuous,Percentage plant mortality calculated for assessment times after inoculation,0,100,Disease progress curves of percentage plant mortality modelled with logistic model,Meyer et al. 1999 (Loglet Lab),No,Pot / Plant,10 replicates (single plant per pot),Thrice weekly for 5 months,Log,Anova,Fisher LSD,10,,,Parsed replicate count,,ANOVA,ANOVA-based,Fisher's LSD,1,Multiple-comparison procedure
original article,8,https://doi.org/10.1007/s13313-011-0090-6,Australasian Plant Pathology,2011,"J. M. Anderson, K. G. Pegg, C. Scott, A. Drenth",Pineapple,Pineapple,1,Oomycete,1,Phytophthora cinnamomi,1,Greenhouse / Field,2,Yes,Incidence,Continuous,Percentage of dead plants out of total plants per plot,0,100,Incidence of heart rot recorded as percentage of dead plants out of 30 plants per plot,,No,Plot,2 replications with 30 plants per plot,"11, 14, 20 weeks after planting",Angular transformation,Repeated Measures Anova,Fisher LSD,2,,30,Parsed replicate count,,Repeated-measures ANOVA,ANOVA-based,Fisher's LSD,1,Multiple-comparison procedure
original article,16,https://doi.org/10.1007/s13313-011-0101-7,Australasian Plant Pathology,2011,"Mary Grace B. Saldajeno, Masanori Ito, Mitsuro Hyakumachi","Cucumber, bentgrass, tomato","Cucumber, bentgrass, tomato",3,Fungi,1,Rhizoctonia solani AG-4 / Rhizoctonia solani AG2-2 / Fusarium oxysporum f. sp. radicis-lycopersici,3,Growth chamber / Greenhouse,2,Yes,Severity,Ordinal,Sum of DI/total number of plants. DI on a 0-4 scale for each,0,4,Disease severity calculated based on disease index 0-4,,Yes,Plant,"3 replicates, repeated at least thrice. n=12 (cucumber), n=9 (bentgrass, tomato)","7 days (cucumber), 7 weeks (bentgrass), 10 weeks (tomato)",,Anova (two-way),Fisher LSD,3,,,Parsed replicate count,,Two-way ANOVA,ANOVA-based,Fisher's LSD,1,Multiple-comparison procedure
original article,18,https://doi.org/10.1007/s13313-011-0107-1,Australasian Plant Pathology,2011,"Patr√≠cia Baston Barretti, Ricardo Magela de Souza, Edson Amp√©lio Pozza, Jorge Teodoro de Souza",Tomato,Tomato,1,Bacteria,1,Ralstonia solanacearum,1,Greenhouse,1,Yes,AUDPC,Continuous,AUDPC calculated from disease severity assessed every 5 days using Winstead and Kelman scale,0,,AUDPC based on disease severity,Shaner and Finney (1977); Winstead and Kelman (1952),No,Plant,2 plants per experimental plot in 4 or 5 replicates,30 days after inoculation,,Anova,Scott-Knott,5,,,Parsed replicate count,,ANOVA,ANOVA-based,Scott‚ÄìKnott,1,Multiple-comparison procedure
original article,34,https://doi.org/10.1007/s13313-011-0113-3,Australasian Plant Pathology,2012,"Kirstin Lee McLean, Mark Braithwaite, Jayanthi Swaminathan, Alison Stewart",Onion,Onion,1,Fungi,1,Stromatinia cepivora,1,Field,1,No,Incidence,Continuous,Percentage disease calculated relative to plant emergence,0,100,Number of diseased plants over emerged plants,,No,Plot,4 to 6 replicate plots depending on the trial,Monthly intervals following seed sowing,,Anova,Fisher LSD,4,6,,Parsed replicate count,,ANOVA,ANOVA-based,Fisher's LSD,1,Multiple-comparison procedure
original article,35,https://doi.org/10.1007/s13313-012-0119-5,Australasian Plant Pathology,2012,"Li-Hua Chen, Ya-Qing Cui, Xing-Ming Yang, Di-Kun Zhao, Qi-Rong Shen",Cucumber,Cucumber,1,Fungi,1,Fusarium oxysporum f. sp. cucumerinum,1,Laboratory / Greenhouse,2,Yes,Index / Dry weight,Continuous,"Disease index based on a scale of 5 (0: healthy, 5: whole plant died), converted to percentage",0,100,"Wilt development rated on a scale of 0-5, converted to percentage disease index",Chen et al. 2011a,Yes,Pot / Plant,"3 replicates, 5 plants per pot",Every day after transplanting,,Anova,Duncan's MRT,3,,5,Parsed replicate count,,ANOVA,ANOVA-based,Duncan,1,Multiple-comparison procedure
original article,36,https://doi.org/10.1007/s13313-012-0138-2,Australasian Plant Pathology,2012,"Ma. Eugenia Cisneros-Lopez, Leopoldo E. Mendoza-Onofre, Victor E. Gonzalez-Hernandez, Noe Montes-Garcia",Sorghum,Sorghum,1,Fungi,1,Claviceps africana,1,Field,1,No,Incidence / Severity,Continuous,Incidence = number of plants showing signs; Severity = average percentage of florets with ergot symptoms,0,100,"Disease severity visually rated using a specific percentage scale (0, 1, 5, 10, or 20%)",,Yes,Plot / Panicle,4 to 12 replications depending on row ratio,Once physiological seed maturity stage was reached,Arcsine transformed,Anova,Tukey's HSD,4,12,,Parsed replicate count,,ANOVA,ANOVA-based,Tukey,1,Multiple-comparison procedure
original article,39,https://doi.org/10.1007/s13313-012-0180-0,Australasian Plant Pathology,2013,"A. Watson, S. L. Browne, M. G. Snudden, E. M. Mudford",Bean,Bean,1,Oomycete,1,Aphanomyces euteiches,1,Greenhouse / Field,2,Yes,Incidence / Severity,Continuous,"Disease ratings from 0 to 5 (0=no disease, 5=severe necrosis) or percentage of plants with hypocotyl lesions",0,100,Disease assessed by examining hypocotyl region for browning (0-5 scale) or % of plants with lesions,,Yes,Pot / Plot,"Various (e.g. 10 pots with 5 seeds each, 3 replicates)","Various (e.g. 1 month after sowing, 4 weeks, 6 weeks)",,GLMM,Fisher LSD,3,,,Parsed replicate count,,GLMM,Mixed model,Fisher's LSD,1,Multiple-comparison procedure
original article,57,https://doi.org/10.1007/s13313-015-0394-z,Australasian Plant Pathology,2016,"M. Khani, J. A. Davidson, M. R. Sosnowski, E. S. Scott",Field pea,Field pea,1,Fungi,1,Phoma koolunga,1,Growth chamber,1,Yes,Index,Ordinal,"Necrotic index = sum(ni * di) / N, where ni is number of seedlings in each disease category, di is the value of disease category and N is the total number of seedlings assessed based on a 0 to 5 scale",0,5,Necrotic index or disease severity score based on a 0-5 scale,"Moussart et al. (1998)"";""Onfroy et al. (2009)",Yes,Plant,"four replications, each with 20 seeds",21 days post-inoculation,,Anova,,4,,20,Parsed replicate count,,ANOVA,ANOVA-based,Not reported,0,Not reported
original article,79,https://doi.org/10.1007/s13313-017-0467-2,Australasian Plant Pathology,2017,"K. L. Nechet, E. S. D. Vilela, D. W. Heck, D. Terao, B. A. Halfeld-Vieira",Strawberry,Strawberry,1,Fungi,1,Botrytis cinerea,1,Field,1,Yes,Incidence,Continuous,incidence of B. cinerea,0,100,Incidence of Botrytis cinerea (gray mold),,No,Plant,,during five weeks per season,,Anova,Tukey's HSD,,,,Not reported,,ANOVA,ANOVA-based,Tukey,1,Multiple-comparison procedure
original article,89,https://doi.org/10.1007/s13313-017-0496-x,Australasian Plant Pathology,2017,"R. Mostowfizadeh-Ghalamfarsa, K. Hussaini, R. Ghasemi-Fasaei",Pistachio,Pistachio,1,Oomycete,1,Phytophthora pistaciae,1,Greenhouse,1,Yes,Incidence,Continuous,percentage of colonized roots and the mortality of the hosts,0,100,Percentage of colonized roots and host mortality,,No,Plant,four replications for each combination,,,Anova,Duncan's MRT,4,,,Parsed replicate count,,ANOVA,ANOVA-based,Duncan,1,Multiple-comparison procedure
original article,100,https://doi.org/10.1007/s13313-018-0598-0,Australasian Plant Pathology,2018,"E. A. Sandoval Cruz, C. R. McGill, R. C. Southward, C. M. McKenzie, S. D. Card, X. Z. He, M. Wang, M. P. Rolston, R. J. Chynoweth",Perennial ryegrass,Perennial ryegrass,1,Fungi,1,Gloeotinia temulenta,1,Field,1,Yes,Incidence,Continuous,assess blind seed incidence,0,100,Incidence of blind seed disease assessed on non-germinated seed,Matthews (1981),No,Seed,four times in a randomised block design,14 days,,,Fisher LSD,,,,"Reported, complex/unparsed",,Not reported,Not reported,Fisher's LSD,1,Multiple-comparison procedure
original article,119,https://doi.org/10.1007/s13313-018-0594-4,Australasian Plant Pathology,2018,"T. T. T. Tran, T. Q. Pham, Paul A. Barber, C. M. Nguyen",Acacia,Acacia,1,Fungi,1,Ceratocystis manginecans,1,Greenhouse,1,Yes,Index,Ordinal,DI = sum(class of disease score x number of seedlings in class) / total number of seedlings... 0-4 scale,0,4,Disease index estimating the severity of Ceratocystis wilt based on a 0-4 scale,,Yes,Plant,,After 40 days,,Anova,Duncan's MRT,,,,Not reported,,ANOVA,ANOVA-based,Duncan,1,Multiple-comparison procedure
original article,149,https://doi.org/10.1007/s13313-019-00636-0,Australasian Plant Pathology,2019,"Shashikant B. Ghule, Indu S. Sawant, Sanjay D. Sawant, Sujoy Saha, R. M. Devarumath",Grapevine,Grapevine,1,Fungi,1,Erysiphe necator,1,Field,1,No,Severity,Ordinal,"ratings 0-5 scale... 0 = no infection, 1 = 1%-10% of the leaf area infected... 5 = 76%-100% powdery mildew infection",0,5,Powdery mildew severity on leaves based on a 0-5 scale of infected area,Horsfall and Heuberger 1942,Yes,Leaf,100 leaves per replicate,,,Anova,Duncan's MRT,,,100,"Reported, complex/unparsed",,ANOVA,ANOVA-based,Duncan,1,Multiple-comparison procedure
original article,154,https://doi.org/10.1007/s13313-020-00695-8,Australasian Plant Pathology,2020,"A. Wilson, W. S. Cuddy, R. F. Park, G. F. S. Harm, M. J. Priest, J. Bailey, M. C. Moffitt",Wheat,Wheat,1,Fungi,1,Puccinia triticina,1,Laboratory,1,Yes,Severity,Continuous,rust pustule number,0,,Number of rust pustules on leaf sections,,No,Leaf,Three replicates,,,,Tukey's HSD,3,,,Parsed replicate count,,Not reported,Not reported,Tukey,1,Multiple-comparison procedure
original article,202,https://doi.org/10.1007/s13313-021-00783-3,Australasian Plant Pathology,2021,"P. A. Rheinlander, P. W. Sutherland, P. A. G. Elmer",Kiwifruit,Kiwifruit,1,Bacteria,1,Pseudomonas syringae pv. actinidiae,1,Laboratory,1,Yes,Pathogen cell size,Continuous,length and width of Psa cells,0,,Length and width of Psa cells measured in micrometers,,No,Cell,total of 113 and 93 cells,"7 days after inoculation, 10 days after inoculation",,Anova,,,,,"Reported, complex/unparsed",,ANOVA,ANOVA-based,Not reported,0,Not reported
original article,221,https://doi.org/10.1007/s13313-021-00836-7,Australasian Plant Pathology,2022,"Gabriel Martins Ferreira, Rafaele Regina Moreira, Tiago Miguel Jarek, Cristiano Nunes Nesi, Luiz Antonio Biasi & Louise Larissa May De Mio",Vitis labrusca,Fox grape,1,Fungi,1,Plasmopara viticola,1,Field,1,Yes,Severity,Continuous,Percentage,0,100,Disease severity (AUDPC) evaluated as percentage area,Azevedo,No,Plant / Leaf,3 plants,,,Anova,Bartlett test,,,,"Reported, complex/unparsed",,ANOVA,ANOVA-based,t-test / Bartlett,2,Pairwise test / Other
original article,225,https://doi.org/10.1007/s13313-022-00877-6,Australasian Plant Pathology,2022,J. A. Davidson,Pisum sativum,Pea,1,Fungi,1,Didymella pinodes / Ascochyta pisi,2,Field,1,Yes,Index,Continuous,,0,100,Disease Index per plot based on node scores,Davidson,No,Plot,3 replicate blocks (5 plants per plot),mid-flowering,,Anova,,3,,5,Parsed replicate count,,ANOVA,ANOVA-based,Not reported,0,Not reported
original article,226,https://doi.org/10.1007/s13313-022-00852-1,Australasian Plant Pathology,2022,"J. M. Anderson, J. R. Dean, K. G. Pegg",Pineapple,Pineapple,1,Fungi,1,Ceratocystis paradoxa,1,Laboratory,1,Yes,Average daily growth rate / Incidence / Severity,Ordinal,"0=no infection"";""5=complete colonisation of cut stem+all basal leaves",0,5,Base rot severity,,Yes,Crown,"20 fresh crowns, 6 well-cured crowns, or 20 crowns per treatment",,square root transformed,Anova / Kruskal-Wallis,Bonferroni adjustment,,,,"Reported, complex/unparsed",,ANOVA / Kruskal‚ÄìWallis,Parametric / Nonparametric,Bonferroni,1,Multiplicity adjustment
original article,232,https://doi.org/10.1007/s13313-022-00879-4,Australasian Plant Pathology,2022,"Matias Silva-Campos, Md Tohidul Islam, David M. Cahill",Sweet chestnut,Sweet chestnut,1,Fungi,1,Gnomoniopsis smithogilvyi,1,Laboratory / Field,2,Yes,Conidial germination inhibition / Mycelial growth inhibition / Severity,Continuous,MGI (%) = [(MGcontrol - MGtreatment) / MGcontrol] x 100. Percentage of infection per tissue relative to total samples analysed.,0,100,"Conidial germination, Mycelial growth, Tissue infection percentage",,No,Petri dish / Flower,"Triplicate (in vitro), 4 trees per treatment (field)",,Arcsin square-root,Anova (two-way),Fisher LSD,,,4,"Reported, complex/unparsed",,Two-way ANOVA,ANOVA-based,Fisher's LSD,1,Multiple-comparison procedure
original article,273,https://doi.org/10.1007/s13313-023-00906-y,Australasian Plant Pathology,2023,Unknown,Corylus avellana,European hazelnut,1,Fungi,1,Cryptosporiopsis tarraconensis,1,Laboratory,1,Yes,Lesion size,Continuous,mm or cm,0,,Diameters of the spots formed on the leaves,,No,Leaf,5 replicates,2 weeks,,Anova,Duncan's MRT,5,,,Parsed replicate count,,ANOVA,ANOVA-based,Duncan,1,Multiple-comparison procedure
original article,274,https://doi.org/10.1007/s13313-023-00949-1,Australasian Plant Pathology,2023,Unknown,Triticum aestivum,Bread wheat,1,Fungi,1,Puccinia triticina,1,Field,1,Yes,Severity,Ordinal,0-9 scale,0,9,Percent disease severity recorded using modified Cobb scale (0-9),Cobb,No,Plot,,,,,,,,,Not reported,,Not reported,Not reported,Not reported,0,Not reported
original article,278,https://doi.org/10.1007/s13313-024-00974-8,Australasian Plant Pathology,2024,"Alyssa M. Martino, Robert F. Park, Peri A. Tobias",Melaleuca spp.,Melaleuca,1,Fungi,1,Austropuccinia psidii,1,Greenhouse,1,Yes,Severity,Ordinal,1-5 scoring system: 1 = Completely Resistant (No visible symptoms);2 = Highly Resistant (Chlorotic or necrotic spots/blotches);3 = Low Susceptibility (Necrotic flecks with limited sporulation);4 = Moderate Susceptibility (Abundant sporulation with necrotic halos);5 = High Susceptibility (Abundant sporulation with no visible necrosis),1,5,Myrtle rust infection score,Morin et al. (2012),No,Plant,11-80 plants per species,,,,,,,,"Reported, complex/unparsed",,Not reported,Not reported,Not reported,0,Not reported
original article,286,https://doi.org/10.1007/s13313-024-00968-6,Australasian Plant Pathology,2024,"Giti Alizadeh-Moghaddam, Mehdi Nasr-Esfahani, Arman Nasr-Esfahani, Leila Mohammadbagheri",Solanum lycopersicum,Tomato,1,Fungi,1,Alternaria alternata,1,Field,1,Yes,Severity / AUDPC,Continuous,Percentage,0,100,Disease severity (%) and AUDPC based on a 0-5 scoring scale,Nasr-Esfahani / Tehrani et al.,No,Plant,4 replications (40 plants each),"Flowering, fruiting and maturing stages",,Anova,Fisher LSD,4,,,Parsed replicate count,,ANOVA,ANOVA-based,Fisher's LSD,1,Multiple-comparison procedure
original article,340,https://doi.org/10.1007/s13313-025-01022-9,Australasian Plant Pathology,2025,"Wenzhuo Sun, Weihu Ma, Jingyu Ji, Yajun Wang, Bing Bi, Jie Zhang, Guocai C. Zhang",Pinus sylvestris,Scots pine,1,Fungi,1,Pestalotiopsis neglecta,1,Greenhouse,1,Yes,Lesion size,Continuous,Area,,,Lesion area,,No,Plant,3 replicates,"7, 14, 21 days",,Anova,Duncan's MRT,3,,,Parsed replicate count,,ANOVA,ANOVA-based,Duncan,1,Multiple-comparison procedure
original article,341,https://doi.org/10.1007/s13313-025-01059-w,Australasian Plant Pathology,2025,"Xin Gui, Jiaojiao Lu, Mei Wang, Yanbo Huo, Jing Wang, Mingqing Liu, Zhijun Zhang",Setaria italica,Foxtail millet,1,Oomycete,1,Sclerospora graminicola,1,Field,1,Yes,Index,Ordinal,Index,,,Disease severity index,,No,Plant,,At harvest,,Anova,Duncan's MRT,,,,Not reported,,ANOVA,ANOVA-based,Duncan,1,Multiple-comparison procedure
original article,6,https://doi.org/10.1080/07060661.2011.588250,Canadian Journal of Plant Pathology,2011,"J. Boul√©, P. L. Sholberg, S. M. Lehman, D. T. O'Gorman, A. M. Svircev","Pear, Apple","Pear, Apple",2,Bacteria,1,Erwinia amylovora,1,Laboratory / Greenhouse,2,Yes,Incidence / Index,Continuous,"Severity index 0-5 (0: no necrosis, 5: necrosis extends to peduncle). Incidence = percentage of infected clusters/shoots",0,100,Severity index of 3 replications of 5 detached flowers averaged. Incidence evaluated on potted apple trees.,,Yes,Blossom / Tree,"3 replications of 5 detached blossoms, or 5 replicate potted trees","4-5 days after inoculation (detached), 8 and 20 days after inoculation (potted trees)",Arcsine transformed,Anova,Waller-Duncan k-ratio t test,5,,,Parsed replicate count,,ANOVA,ANOVA-based,Waller‚ÄìDuncan,1,Multiple-comparison procedure
original article,9,https://doi.org/10.1080/07060661.2011.630758,Canadian Journal of Plant Pathology,2011,"Janice F. Elmhirst, C. Haselhan, Z. K. Punja","Geranium, Rose","Geranium, Rose",2,Fungi,1,Botrytis cinerea / Podosphaera pannosa,2,Greenhouse / Outdoor container,2,Yes,Incidence / Severity,Continuous,Disease incidence = number of leaves with symptoms; Disease severity = per cent leaf area diseased,0,100,Total lesion area rated on a visual scale of 0 to 10 mapped to percentages (0-100%),,Yes,Plant,"4 replicates, 4 plants per plot (geranium) or 3-4 plants per plot (rose)","Prior to first application and every 14 days, up to 14 days after final application",,Anova,Duncan's MRT,4,,4,Parsed replicate count,,ANOVA,ANOVA-based,Duncan,1,Multiple-comparison procedure
original article,22,https://doi.org/10.1080/07060661.2011.561875,Canadian Journal of Plant Pathology,2011,"S. Banniza, C. L. Armstrong-Cho, Y. Gan, G. Chongo",Chickpea,Chickpea,1,Fungi,1,Ascochyta rabiei,1,Field,1,No,Severity,Continuous,"Assessed using a 0-11 scale, converted to percentage",0,100,Disease severity assessed at 5 arbitrary spots in each plot,Horsfall & Barratt (1945); Shaner & Finney (1977),Yes,Plot,4 replicates,Prior to each fungicide application and 10-14 days after the last treatment,,GLMM / Repeated measures Anova,Fisher LSD,4,,,Parsed replicate count,,GLMM / Repeated-measures ANOVA,Mixed model / ANOVA-based,Fisher's LSD,1,Multiple-comparison procedure
original article,44,https://doi.org/10.1080/07060661.2012.751937,Canadian Journal of Plant Pathology,2013,"P. G. Braun, P. D. Hildebrand",Strawberry,Strawberry,1,Bacteria,1,Xanthomonas fragariae,1,Greenhouse,1,Yes,Lesion size,Continuous,Number of lesions/cm2,0,,"Lesion densities evaluated using a 0-7 scale, then converted to lesions/cm2",Hildebrand et al. 2005,Yes,Plant,4 plants per treatment,21 days after inoculation,Log2,Anova,Fisher LSD,,,4,"Reported, complex/unparsed",,ANOVA,ANOVA-based,Fisher's LSD,1,Multiple-comparison procedure
original article,65,https://doi.org/10.1080/07060661.2016.1263807,Canadian Journal of Plant Pathology,2016,"Wojciech J. Janisiewicz, Fumiomi Takeda, Breyn Nichols, D. Mike Glenn, Wayne M. Jurick II, Mary J. Camp",Strawberry,Strawberry,1,Fungi,1,Podosphaera aphanis,1,Greenhouse,1,Yes,Incidence,Continuous,percentage of discs containing mildew infections (incidence of infection),0,100,Percentage of disc quadrants infected with powdery mildew,Carisse et al.,No,Leaf disc,six replicates (plants) per treatment,15 weeks,,Anova,,6,,,Parsed replicate count,,ANOVA,ANOVA-based,Not reported,0,Not reported
original article,114,https://doi.org/10.1080/07060661.2018.1559224,Canadian Journal of Plant Pathology,2018,"Pervaiz A. Abbasi, Willy Renderos, Sherry Fillmore",Radish,Radish,1,Fungi,1,Rhizoctonia solani,1,Greenhouse,1,Yes,Severity,Ordinal,"using a 1-5 scale: 1, asymptomatic;2, small root/stem lesion;3, large root/stem lesion;4, post-emergence damping-off;and 5, pre-emergence damping-off",1,5,Severity of pre- and post-emergence damping-off on a 1-5 scale,,Yes,Plant,two experiments and three replicates per experiment,2 weeks after planting,,Anova,,3,,,Parsed replicate count,,ANOVA,ANOVA-based,Not reported,0,Not reported
original article,128,https://doi.org/10.1080/07060661.2019.1641555,Canadian Journal of Plant Pathology,2019,"Emily Rotich, Margaret T. Mmbaga, Jacqueline Joshua",Flowering dogwood,Flowering dogwood,1,Fungi,1,Erysiphe pulchra,1,Greenhouse,1,Yes,Severity,Ordinal,"using a modified Horsfall and Barratt (1945) rating scale of 0 to 5, where 0 = no disease symptoms... 5 = 76-100% of leaves with disease symptoms",0,5,Disease severity based on a 0-5 modified Horsfall and Barratt scale measuring percentage of symptomatic leaves,Horsfall and Barratt 1945,Yes,Plant,40 individual plants per treatment,14 days after inoculation,,,Fisher LSD,,,,"Reported, complex/unparsed",,Not reported,Not reported,Fisher's LSD,1,Multiple-comparison procedure
original article,146,https://doi.org/10.1080/07060661.2019.1686654,Canadian Journal of Plant Pathology,2019,"Saad A. M. Alamri, Mohamed Hashem, Maha S. A. Alqahtani, Ali M. A. Alshehri, Zakaria A. Mohamed, El Sayed H. Ziedan",Peach,Peach,1,Fungi,1,Rhizopus stolonifer,1,Postharvest,1,Yes,Severity,Ordinal,using the following scale: 0 = 0% of fruit surface rotten... 5 = 76-100% rotten,0,5,Disease severity based on a 0-5 scale of fruit surface rotten,Sivakumar et al. 2002,Yes,Fruit,Ten fruits,7 days,,,Fisher LSD,,,,"Reported, complex/unparsed",,Not reported,Not reported,Fisher's LSD,1,Multiple-comparison procedure
original article,153,https://doi.org/10.1080/07060661.2018.1564792,Canadian Journal of Plant Pathology,2019,"Youwei He, Manli Zhu, Junbin Huang, Tom Hsiang, Lu Zheng",Rice,Rice,1,Fungi,1,Magnaporthe oryzae,1,Greenhouse,1,Yes,Index,Ordinal,on a 0-9 scale,0,9,Disease severity based on a 0-9 scale,Prabavathy et al. 2006,Yes,Plant,30 seedlings,6 days,,Anova,Fisher LSD,,,,"Reported, complex/unparsed",,ANOVA,ANOVA-based,Fisher's LSD,1,Multiple-comparison procedure
original article,205,https://doi.org/10.1080/07060661.2021.1980822,Canadian Journal of Plant Pathology,2021,"Sai Shiva Krishna Prasad Vurukonda, Davide Giovanardi & Emilio Stefani",Solanum lycopersicum,Tomato,1,Bacteria,1,Xanthomonas vesicatoria,1,Greenhouse,1,Yes,Severity,Ordinal,0=no symptoms to 4=necrotic,0,4,Disease severity evaluated using a descriptive scale ranging from 0 to 4,Vurukonda et al.,No,Plant,"12 plants per replicate, 3 replicates",weekly for three weeks,,,,3,,12,Parsed replicate count,,Not reported,Not reported,Not reported,0,Not reported
original article,208,https://doi.org/10.1080/07060661.2021.1937321,Canadian Journal of Plant Pathology,2021,"T. Talapov, S. Yuceer, O. Dedecan, O. Demirel, C. Can",Sunflower,Sunflower,1,Fungi,1,Macrophomina phaseolina,1,Greenhouse,1,Yes,Severity,Ordinal,Scoring of the cut-stem inoculation method was performed according to the 0-8 scale... All other methods were scored according to the 0-4 scale,0,8,Disease severity scored on 0-8 or 0-4 scales and calculated as a percentage,Viteri and Linares (2017) or Pratt et al.,Yes,Plant,three and four replicates... with 16 repeats,every 3 days,,independent sample t-tests,,4,,,Parsed replicate count,,t-test,t-test,Not reported,0,Not reported
original article,212,https://doi.org/10.1080/07060661.2021.1933602,Canadian Journal of Plant Pathology,2021,"Xing Ge Huang, Mei Ya Li, Xiao Ning Yan, Jang Shun Yang, Meng Chen Rao & Xiao Feng Yuan",Atractylodes macrocephala,White atractylodes,1,Fungi,1,Fusarium oxysporum,1,Greenhouse,1,Yes,Severity,Continuous,Percentage,0,100,Reduced root rot severity evaluated as a percentage,Huang et al.,No,Plant,,60 d,,Anova,Fisher LSD,,,,Not reported,,ANOVA,ANOVA-based,Fisher's LSD,1,Multiple-comparison procedure
original article,215,https://doi.org/10.1080/07060661.2021.1907447,Canadian Journal of Plant Pathology,2021,"Yuefeng Ruan, Ryan Babonich, John M. Clarke, Pierre J. Hucl, Fran R. Clarke, Ron E. Knox, Firdissa E. Bokore, Curtis J. Pozniak",Wheat,Wheat,1,Fungi,1,Fusarium graminearum,1,Greenhouse,1,Yes,Severity,Ordinal,Fusarium head blight severity was rated on a 0 to 5 disease scale (DS) and as percentage of infected spikelets (IS) per spike,0,5,FHB severity rated on a 0 to 5 scale and as percentage of infected spikelets,Murphy et al.,Yes,Spike,four plants for each treatment... 120 spikes inoculated,"day 7, 14 and 21 after inoculation",,Mixed analysis,Fisher LSD,,,120,"Reported, complex/unparsed",,Mixed analysis,Mixed model,Fisher's LSD,1,Multiple-comparison procedure
original article,235,https://doi.org/10.1080/07060661.2021.2024262,Canadian Journal of Plant Pathology,2022,"Saad Z. Morsy, Mohamed F. Shady, Moustafa I. Gouda, Bahnasy A. Kamereldawla & Mohamed A. S. Abdelrazek",Beta vulgaris,Beet,1,Fungi,1,Cercospora beticola,1,Field,1,Yes,Severity,Continuous,Percentage,0,100,Disease severity as average percentage of affected leaf area,Verreet,No,Plot,4 replicates (100 leaves),10-15 d intervals,,Anova,Fisher LSD / Duncan,4,,100,Parsed replicate count,,ANOVA,ANOVA-based,Duncan / Fisher's LSD,2,Multiple-comparison procedure
original article,240,https://doi.org/10.1080/07060661.2022.2056247,Canadian Journal of Plant Pathology,2022,Thomas Thomidis & Ioanna Prodromou,Lactuca sativa,Lettuce,1,Oomycete,1,Bremia lactucae,1,Greenhouse,1,Yes,Severity,Continuous,Percentage,0,100,Percentage of leaf infection (area of disease lesions),Thomidis & Prodromou,No,Plant,3 replicates of 6 plants,,,Anova,Duncan's MRT,3,,6,Parsed replicate count,,ANOVA,ANOVA-based,Duncan,1,Multiple-comparison procedure
original article,250,https://doi.org/10.1080/07060661.2023.2172082,Canadian Journal of Plant Pathology,2023,Cameron Scott & Zamir K. Punja,Cannabis sativa,Cannabis,1,Fungi,1,Fusarium oxysporum / Pythium myriotylum,2,Greenhouse,1,Yes,Severity,Ordinal,0-4 scale,0,4,"0=no symptoms, 1=minor chlorosis, 2=moderate chlorosis/slight wilting, 3=obvious wilting, 4=extreme wilting/necrosis",Scott & Punja,No,Plant,3 replicate experiments (6 cuttings per treatment),"7, 14, 21 dpi",,Kruskal-Wallis,Conover-Iman,3,,6,Parsed replicate count,,Kruskal‚ÄìWallis,Nonparametric,Conover‚ÄìIman,1,Nonparametric comparison
original article,260,https://doi.org/10.1080/07060661.2023.2175913,Canadian Journal of Plant Pathology,2023,"Luanna Karoline Rinaldi, Monique Thiara Rodrigues E Silva, Angelica Miamoto, Angelica Calandrelli & Claudia Regina Dias-Arieira",Glycine max,Soybean,1,Nematode,1,Meloidogyne javanica,1,Greenhouse,1,Yes,Index,Discrete,,0,,Gall index / number of nematodes,Taylor and Sasser,No,Plant,6 replicate experimental units,60 days,,Anova,Tukey's HSD,6,,,Parsed replicate count,,ANOVA,ANOVA-based,Tukey,1,Multiple-comparison procedure
original article,4,https://doi.org/10.1007/s10658-011-9780-8,European Journal of Plant Pathology,2011,Ioannis O. Giannakou,"Tomato, Cucumber","Tomato, Cucumber",2,Nematode,1,Meloidogyne incognita,1,Laboratory / Greenhouse,2,Yes,Count,Continuous,Number of nematodes per 200 g soil or per g of root,0,,Efficacy assessed by counting nematodes in soil and roots,,No,Plot / Pot,4 replicates,"7, 42, 56, 73 days after transplanting",,Anova,Tukey's HSD,4,,,Parsed replicate count,,ANOVA,ANOVA-based,Tukey,1,Multiple-comparison procedure
original article,11,https://doi.org/10.1007/s10658-011-9818-y,European Journal of Plant Pathology,2011,"Junia Vianna Corr√™a da Silva, Fernando C√©sar Juliatti, Jo√£o Renato Vaz da Silva, Fernanda Carvalho Barros",Soybean,Soybean,1,Fungi,1,Phakopsora pachyrhizi,1,Field,1,Yes,Severity / Defoliation / Yield,Continuous,"Visual severity expressed as AUDPC, percentage defoliation, productivity in kg/ha",0,100,Mean severities calculated using diagrammatic scale,Godoy et al. (2006),Yes,Plot,4 replications,Every week,No transformation,Anova,Tukey's HSD,4,,,Parsed replicate count,,ANOVA,ANOVA-based,Tukey,1,Multiple-comparison procedure
original article,21,https://doi.org/10.1007/s10658-011-9753-y,European Journal of Plant Pathology,2011,"Ruba Abuamsha, Mazen Salman, Ralf-Udo Ehlers",Oilseed rape,Oilseed rape,1,Fungi,1,Leptosphaeria maculans,1,Growth chamber,1,Yes,Index,Ordinal,Disease score based on size of 4 lesions per plant. Symptoms classified on a scale of 0-6.,0,100,Disease index evaluating size of lesions on a scale of 0-6,Borges et al. (2003),Yes,Tray / Plant,"6 replicates, each with ten plants on one tray per treatment",14 days post-inoculation,Arcsine transformed,Anova,Tukey's HSD,6,,10,Parsed replicate count,,ANOVA,ANOVA-based,Tukey,1,Multiple-comparison procedure
original article,28,https://doi.org/10.1007/s10658-012-0009-2,European Journal of Plant Pathology,2012,"Ana Garc√≠a-Ibarra, Federico Dicenta, Pedro Mart√≠nez-G√≥mez, Manuel Rubio",Apricot,Apricot,1,Virus,1,Apple chlorotic leaf spot virus,1,Greenhouse,1,Yes,Infection rate,Continuous,Percentage of susceptible replications (RT-PCR positive) out of total replications evaluated,0,100,Percentage of replications of each apricot cultivar that tested positive for ACLSV by RT-PCR,,No,Plant,5 replications per rootstock,Leaf testing by RT-PCR during three cycles (growing seasons),,,,5,,,Parsed replicate count,,Not reported,Not reported,Not reported,0,Not reported
original article,32,https://doi.org/10.1007/s10658-012-0040-3,European Journal of Plant Pathology,2012,"Jiaqin Mei, Dayong Wei, Joseph Onwusemu Disi, Yijuan Ding, Yao Liu, Wei Qian",Brassica crops,Brassica crops,1,Fungi,1,Sclerotinia sclerotiorum,1,Laboratory / Field,2,Yes,Lesion size,Continuous,Lesion length (cm),0,,Lesion length on stems or branches measured 3 days after detached stem inoculation or 10 days after toothpick field inoculation,Zhao and Meng (2003),No,Stem segment / Branch segment,"3 individuals per plot, 2 replications (expt 1); 20 clones per genotype, 71 F2 genotypes (expt 2)",3 days after inoculation (detached stem) or 10 days after inoculation (toothpick),,Anova,,2,,,Parsed replicate count,,ANOVA,ANOVA-based,Not reported,0,Not reported
original article,45,https://doi.org/10.1007/s10658-012-0087-1,European Journal of Plant Pathology,2013,"Rebecca Grumet, Marivi Colle, Kaori Ando, Da-Sen Xie, Laura Havenga, Jessica A. Switzenberg",Cucumber,Cucumber,1,Oomycete,1,Phytophthora capsici,1,Greenhouse,1,Yes,Severity,Ordinal,"1-5 disease progression score (1: no symptoms, 5: extensive tissue damage or collapse)",1,5,Disease score based on symptoms and tissue damage after zoospore inoculation of harvested fruit,Gevens et al. (2006),No,Fruit,7-10 replicate fruit per treatment,Daily for 4 days post inoculation,,,,7,10,,Parsed replicate count,,Not reported,Not reported,Not reported,0,Not reported
original article,56,https://doi.org/10.1007/s10658-015-0850-1,European Journal of Plant Pathology,2016,"Luc√≠a da Cruz Cabral, Virginia Fern√°ndez Pinto, Andrea Patriarca",Tomato,Tomato,1,Fungi,1,Alternaria alternata,1,Laboratory,1,Yes,Incidence,Continuous,,0,100,Percentage of fruits showing infection symptoms,,No,Fruit,Ten replicates,,,Anova,Tukey's HSD,10,,,Parsed replicate count,,ANOVA,ANOVA-based,Tukey,1,Multiple-comparison procedure
original article,63,https://doi.org/10.1007/s10658-016-1107-3,European Journal of Plant Pathology,2016,"Svetlana Milijasevic-Marcic, Milos Stepanovic, Biljana Todorovic, Bojan Duduk, Jelena Stepanovic, Emil Rekanovic, Ivana Potocnik",Agaricus bisporus,Button mushroom,1,Fungi,1,Trichoderma harzianum,1,Growth chamber,1,Yes,Incidence,Continuous,E (%) = [(Ic-It)/Ic] x 100; Ic - disease incidence in inoculated control;It - disease incidence in treated samples,0,100,Incidence of green mould on Agaricus bisporus fruiting bodies,Gea et al.,No,Plot,six replicates,during all three flushes,,Anova,,6,,,Parsed replicate count,,ANOVA,ANOVA-based,Not reported,0,Not reported
original article,75,https://doi.org/10.1007/s10658-017-1189-6,European Journal of Plant Pathology,2017,"Guy Blomme, Walter Ocimati, Charles Sivirihauma, Lusenge Vutseme, Bumba Mariamu, Muller Kamira, Boudy van Schagen, Javier Ekboir, Jules Ntamwira",Banana,Banana,1,Bacteria,1,Xanthomonas campestris pv. musacearum,1,Field,1,No,Incidence,Continuous,Disease incidence at the plant level was calculated as diseased plants/total number of plants in a plot.,0,100,Percentage of diseased banana plants,,No,Plot,,weekly until the end of July 2014,,,,,,,Not reported,,Not reported,Not reported,Not reported,0,Not reported
original article,76,https://doi.org/10.1007/s10658-017-1276-8,European Journal of Plant Pathology,2017,"Hassan Etesami, Hossein Ali Alikhani",Rice,Rice,1,Fungi,1,Magnaporthe oryzae,1,Laboratory,1,Yes,Mycelial growth,Continuous,inhibitory effects against the mycelial growth,0,100,Percentage inhibition of mycelial growth,,No,Petri dish,six replicates,for 20 days,,Anova,Tukey's HSD,6,,,Parsed replicate count,,ANOVA,ANOVA-based,Tukey,1,Multiple-comparison procedure
original article,81,https://doi.org/10.1007/s10658-017-1360-0,European Journal of Plant Pathology,2017,"M. Ganuza, N. Pastor, J. Erazo, J. Andr√©s, M. M. Reynoso, M. Rovera, A. M. Torres",Peanut,Peanut,1,Fungi,1,Thecaphora frezii,1,Field,1,No,Index,Ordinal,Severity of the disease through a 0-4 scale... IDS = (n0x0 + n1x1 ... + n4x4) / N-1,0,4,Severity of peanut smut based on a 0-4 scale of pod/seed infection,Marinelli et al.,Yes,Pod,four replicates,120 days after planting,square root,Anova,,4,,,Parsed replicate count,,ANOVA,ANOVA-based,Not reported,0,Not reported
original article,87,https://doi.org/10.1007/s10658-017-1152-6,European Journal of Plant Pathology,2017,"Ofere Francis Emeriewen, Andreas Peil, Klaus Richter, Elena Zini, Magda-Viola Hanke, Mickael Malnoy",Apple,Apple,1,Bacteria,1,Erwinia amylovora,1,Greenhouse,1,Yes,Incidence,Continuous,,0,100,Percentage of lesion length on inoculated shoots,,No,Plant,up to 10 replicates,,,Kruskal-Wallis,,10,,,Parsed replicate count,,Kruskal‚ÄìWallis,Nonparametric,Not reported,0,Not reported
original article,96,https://doi.org/10.1007/s10658-018-01618-6,European Journal of Plant Pathology,2018,"C. Martinez-Arias, D. Macaya-Sanz, J. Witzell, J. A. Martin",Populus alba,White poplar,1,Fungi,1,Venturia tremulae,1,Greenhouse,1,Yes,Severity,Ordinal,disease severity scale ranged from 0 to 6... 1 = Black or brown small necrotic spots restricted... 6 = Leaves and stem infected,0,6,Disease severity based on necrotic lesions on leaves and stems using a 0-6 scale,,Yes,Plant,,14 and 21 days after inoculation,,Multifactorial ANOVA,Fisher LSD,,,,Not reported,,Multifactorial ANOVA,ANOVA-based,Fisher's LSD,1,Multiple-comparison procedure
original article,115,https://doi.org/10.1007/s10658-018-1519-3,European Journal of Plant Pathology,2018,"Prashant P. Jambhulkar, Pratibha Sharma, Raja Manokaran, Dilip K. Lakshman, Pramod Rokadia and Nitiprasad Jambhulkar",Rice,Rice,1,Fungi / Bacteria,2,Magnaporthe oryzae / Xanthomonas oryzae pv. oryzae,2,Field,1,Yes,Severity,Continuous,Percentage,0,100,Percentage disease severity of rice blast and bacterial leaf blight,,No,Plant,,,,Anova,Tukey's HSD,,,,Not reported,,ANOVA,ANOVA-based,Tukey,1,Multiple-comparison procedure
original article,117,https://doi.org/10.1007/s10658-018-01646-2,European Journal of Plant Pathology,2018,"S. Dhaouadi, W. Rouissi, A. Mougou-Hamdane, B. Nasraoui",Melon,Melon,1,Fungi,1,Fusarium oxysporum / Fusarium solani,2,Greenhouse,1,Yes,Severity,Ordinal,vascular wilt and discoloration index were calculated based on 0 - 3 scale where: 0: no visible evidence of disease... 3: 100% disease severity: dead plant.,0,3,Vascular wilt and discoloration index on a 0-3 scale,Song et al.,Yes,Plant,,3 weeks after inoculation,,Anova,,,,,Not reported,,ANOVA,ANOVA-based,Not reported,0,Not reported
original article,137,https://doi.org/10.1007/s10658-019-01815-x,European Journal of Plant Pathology,2019,"Luca Riccioni, Laura Orzali, Massimo Romani, Paolo Annicchiarico, Luciano Pecetti",Pea,Pea,1,Fungi,1,Ascochyta blight fungal complex,1,Laboratory,1,Yes,Incidence,Continuous,seed infection after 30 days,0,100,Percentage of infected seeds in laboratory,,No,Seed,,30 days,,Anova,Duncan's MRT,,,,Not reported,,ANOVA,ANOVA-based,Duncan,1,Multiple-comparison procedure
original article,139,https://doi.org/10.1007/s10658-019-01803-1,European Journal of Plant Pathology,2019,"Matheus Mereb Negrisoli, Carlos Gilberto Raetano, Diego Miranda de Souza, Felipe Matheus Santos e Souza, Laryssa Moreira Bernardes, Luciano Del Bem Junior, Danilo Morilha Rodrigues, Maria Marcia Pereira Sartori",Soybean,Soybean,1,Fungi,1,Phakopsora pachyrhizi,1,Field,1,Yes,Severity,Continuous,number of pustules per cm2 per leaflet,0,,Disease severity based on the number of pustules per square centimeter of leaflet,Campbell and Madden 1990,No,Leaflet,four repetitions,8 evaluations starting 1 day after inoculation,,Anova,Tukey's HSD / Dunnet,4,,,Parsed replicate count,,ANOVA,ANOVA-based,Tukey / Dunnett / Dunn,3,Multiple-comparison procedure / Nonparametric comparison
original article,145,https://doi.org/10.1007/s10658-019-01838-4,European Journal of Plant Pathology,2019,"Priscila de Castro e Silva, Livio Antonio Silva Pereira, Edila Maria de Rezende, Michele Valquiria dos Reis, Amanda Maria Teixeira Lago, Gabriel Ribeiro Carvalho, Renato Paiva, Juliano Elvis Oliveira, Jose Manoel Marconcini",Soybean,Soybean,1,Fungi,1,Aspergillus flavus,1,Laboratory,1,Yes,Incidence,Continuous,incidence data (%) of fungi in the seeds,0,100,Incidence of fungi in the seeds expressed as a percentage,,No,Seed,eight replicates of 25 seeds,,Square root (x + 0.5),,Tukey's HSD,8,,25,Parsed replicate count,,Not reported,Not reported,Tukey,1,Multiple-comparison procedure
original article,150,https://doi.org/10.1007/s10658-019-01909-6,European Journal of Plant Pathology,2019,"Xiao Yang, Chuanxue Hong",Annual vinca,Annual vinca,1,Oomycete,1,Phytophthora nicotianae,1,Greenhouse,1,Yes,Severity,Ordinal,"assessed based on a 0-10 scale (0-100% of the foliage was blighted, respectively)",0,10,Disease severity based on a 0-10 scale corresponding to 0-100% blighted foliage,,Yes,Plant,three replications,10 days,,,Fisher LSD,3,,,Parsed replicate count,,Not reported,Not reported,Fisher's LSD,1,Multiple-comparison procedure
original article,170,https://doi.org/10.1007/s10658-020-02075-w,European Journal of Plant Pathology,2020,"Marja Jalli, Janne Kaseva, Bj√É¬∂rn Andersson, Andrea Ficke, Lise Nistrup-J√É¬∏rgensen, Antanas Ronis, Timo Kaukoranta, Jens-Erik √Érum, Annika Djurle",Wheat and barley,Wheat and barley,1,Fungi,1,Zymoseptoria tritici / Pyrenophora tritici-repentis / Parastagonospora nodorum / Pyrenophora teres / Rhynchosporium graminicola / Ramularia collo-cygni,6,Field,1,No,Severity,Continuous,Estimated percentage of the leaf area diseased,0,100,Percentage of diseased leaf area,,No,Plot,449 field trials (two to four replicates per trial),,,GLMM,Tukey-Kramer,2,4,,Parsed replicate count,,GLMM,Mixed model,Tukey,1,Multiple-comparison procedure
original article,174,https://doi.org/10.1007/s10658-020-01977-z,European Journal of Plant Pathology,2020,"Shashika S. Hewavitharana, Mark Mazzola",Apple,Apple,1,Fungi,1,Rhizoctonia solani,1,Greenhouse,1,No,Incidence,Continuous,incidence of root infection,0,100,Incidence of root infection by replant pathogens,,No,Root,five biological replicates,,,Anova,Tukey's HSD,5,,,Parsed replicate count,,ANOVA,ANOVA-based,Tukey,1,Multiple-comparison procedure
original article,178,https://doi.org/10.1007/s10658-020-01947-5,European Journal of Plant Pathology,2020,"Yi-Chun Chien, Cheng-Hua Huang",Tomato,Tomato,1,Bacteria,1,Xanthomonas perforans,1,Greenhouse,1,Yes,Severity,Ordinal,evaluate the percentage of foliage infected by bacterial spot using the Horsfall-Barratt scale,0,100,Percentage of foliage infected using Horsfall-Barratt scale,Horsfall and Barratt 1945,Yes,Plant,nine replicates per treatment,"3, 7, and 14 days after the pathogen inoculation",,GLMM,Fisher LSD,9,,,Parsed replicate count,,GLMM,Mixed model,Fisher's LSD,1,Multiple-comparison procedure
original article,190,https://doi.org/10.1007/s10658-021-02361-1,European Journal of Plant Pathology,2021,Fatemeh Maghsoodi & Parissa Taheri,Citrus sinensis,Citrus,1,Fungi,1,Alternaria spp.,1,Laboratory,1,Yes,Lesion size,Continuous,Lesion diameter (mm),0,,Lesion diameter measured around selected locations on the fruits,Maghsoodi & Taheri,No,Fruit,,,,Anova,Duncan's MRT,,,,Not reported,,ANOVA,ANOVA-based,Duncan,1,Multiple-comparison procedure
original article,201,https://doi.org/10.1007/s10658-021-02296-7,European Journal of Plant Pathology,2021,Osama M. Darwesh & Ibrahim E. Elshahawy,Allium spp.,Allium,1,Fungi,1,Stromatinia cepivora,1,Greenhouse,1,Yes,Incidence,Continuous,Percentage of white rot incidence,0,100,Percentage of white rot disease incidence,Darwesh & Elshahawy,No,Pot,5 replicates (greenhouse),,,Anova,Duncan's MRT,5,,,Parsed replicate count,,ANOVA,ANOVA-based,Duncan,1,Multiple-comparison procedure
original article,204,https://doi.org/10.1007/s10658-021-02305-9,European Journal of Plant Pathology,2021,"Sadanand Kumbar, C Narayanankutty, P Sainamole Kurian, U Sreelatha & Satyaprakash Barik",Solanum melongena,Eggplant,1,Bacteria,1,Ralstonia solanacearum,1,Field,1,Yes,Incidence,Continuous,Bacterial wilt incidence (%),0,100,Bacterial wilt incidence (%) = Number of dead plants / Total * 100. Also grouped into categories 0-5,Kumbar et al.,No,Plot,,up to 90 days after transplanting,,Anova,Duncan's MRT,,,,Not reported,,ANOVA,ANOVA-based,Duncan,1,Multiple-comparison procedure
original article,210,https://doi.org/10.1007/s10658-021-02297-6,European Journal of Plant Pathology,2021,"V. Felipe, M.I. Bianco, M. Terrestre, N. Mielnichuk, A.M. Romero & P.M. Yaryura",Solanum lycopersicum,Tomato,1,Bacteria,1,Xanthomonas vesicatoria,1,Greenhouse,1,Yes,Severity,Continuous,Proportion of diseased tissue,0,100,Severity of bacterial spot (proportion of diseased tissue),Felipe et al.,No,Plant,8 biological replicates,10-14 days post-inoculation,,Anova,Tukey's HSD,8,,,Parsed replicate count,,ANOVA,ANOVA-based,Tukey,1,Multiple-comparison procedure
original article,230,https://doi.org/10.1007/s10658-022-02529-3,European Journal of Plant Pathology,2022,"Lucio Valetti, Nelson Bernardi Lima, Luis I. Cazon, Clara Crociara, Leandro Ortega & Silvina Pastor",Malus domestica,Apple,1,Fungi,1,Valsa ceratosperma,1,Laboratory,1,Yes,Lesion size,Continuous,Area,0,,Damaged area measured using ImageJ,Valetti et al.,No,Shoot,2 independent replicates with 5 repetitions each,30 days,,Anova,Fisher LSD,5,,,Parsed replicate count,,ANOVA,ANOVA-based,Fisher's LSD,1,Multiple-comparison procedure
original article,231,https://doi.org/10.1007/s10658-022-02459-0,European Journal of Plant Pathology,2022,"Malek Marian, Yusuke Takashima, Wiwiek Harsonowati, Haruhiko Murota & Kazuhiko Narisawa",Eustoma grandiflorum,Lisianthus,1,Oomycete,1,Pythium irregulare,1,Greenhouse,1,Yes,Severity,Continuous,Percentage,0,100,Shoot/Root disease severity (%),Marian et al.,No,Plant,10 plants per replicate,21 dpi,,Anova,Tukey / t-test,,,10,"Reported, complex/unparsed",,ANOVA,ANOVA-based,Tukey / t-test,2,Multiple-comparison procedure / Pairwise test
original article,234,https://doi.org/10.1007/s10658-022-02509-7,European Journal of Plant Pathology,2022,"Qiuyuan Chai, Jianqiang Xu, Yuwei Guo, Ying Hou, Xiaogai Hou & Shengming Liu",Paeonia,Peony,1,Fungi,1,Cladosporium paeoniae,1,Field,1,Yes,Index,Continuous,,0,100,Disease index,Fang,No,Plant,,14 d,,Anova,Fisher LSD,,,,Not reported,,ANOVA,ANOVA-based,Fisher's LSD,1,Multiple-comparison procedure
original article,247,https://doi.org/10.1007/s10658-023-02710-2,European Journal of Plant Pathology,2023,Aysin Bilgili & Ali Volkan Bilgili,Solanum lycopersicum,Tomato,1,Fungi,1,Fusarium oxysporum f. sp. lycopersici,1,Greenhouse,1,Yes,Index,Continuous,,0,100,Disease severity index,Bilgili & Bilgili,No,Plant,4 replications (4 seedlings each),Growing season,,Anova,Tukey's HSD,4,,,Parsed replicate count,,ANOVA,ANOVA-based,Tukey,1,Multiple-comparison procedure
original article,249,https://doi.org/10.1007/s10658-023-02680-5,European Journal of Plant Pathology,2023,"Bin Liu, Yanrong Xu, Shida Ji, Ping Zhang, Huifang Zhang, Jing Han, Haijuan Fan, Jinjie Wang, Jinyu Qi, Yue Ma & Zhihua Liu",Malus sieversii,Wild apple,1,Fungi,1,Podosphaera leucotricha,1,Greenhouse,1,Yes,Incidence,Continuous,Percentage,0,100,Disease incidence,Liu et al.,No,Plant,3 replicates,30 days,,Anova,Duncan's MRT,3,,,Parsed replicate count,,ANOVA,ANOVA-based,Duncan,1,Multiple-comparison procedure
original article,277,https://doi.org/10.1007/s10658-023-02668-1,European Journal of Plant Pathology,2023,"Yarida Nujthet, Arom Jantasorn & Tida Dethoup",Capsicum spp. / Brassica oleracea,Pepper / Cabbage,1,Fungi,1,Colletotrichum truncatum / Alternaria brassicicola,2,Greenhouse,1,Yes,Incidence,Continuous,Percentage,0,100,Percentage of disease incidence calculated from rating scale,Panwar et al.,No,Plant,5 pots (replicates),14 days,,Anova,Duncan's MRT,,,,"Reported, complex/unparsed",,ANOVA,ANOVA-based,Duncan,1,Multiple-comparison procedure
original article,279,https://doi.org/10.1007/s10658-024-02901-5,European Journal of Plant Pathology,2024,"Arlita Chaowanaprasert, Lalita Thanwisai, Wilailak Siripornadulsil, Surasak Siripornadulsil",Oryza sativa,Rice,1,Fungi,1,Pyricularia oryzae,1,Greenhouse,1,Yes,Survival rate,Continuous,Percentage,0,100,Percentage survival of rice seedlings,Chaowanaprasert et al.,No,Plant,At least 3 replicates,7 to 45 days,,Anova,Fisher LSD,3,,,Parsed replicate count,,ANOVA,ANOVA-based,Fisher's LSD,1,Multiple-comparison procedure
original article,295,https://doi.org/10.1007/s10658-024-02852-x,European Journal of Plant Pathology,2024,"Namphet Seekham, Niphon Kaewsalong, Tida Dethoup",Oryza sativa,Rice,1,Fungi,1,Ustilaginoidea virens,1,Field,1,Yes,Incidence,Continuous,Percentage,0,100,"Percentage of rice seedling rot, infected panicles and infected seeds",Seekham et al.,No,Seed / Panicle,5 plots per treatment (300 panicles / 300 seeds each),110 days / milk stages,,Anova,Duncan's MRT,,,,"Reported, complex/unparsed",,ANOVA,ANOVA-based,Duncan,1,Multiple-comparison procedure
original article,305,https://doi.org/10.1007/s10658-024-02853-w,European Journal of Plant Pathology,2024,"Tida Dethoup, Chutima Kaewkrajay, Yarida Nujthet",Mangifera indica,Mango,1,Fungi,1,Colletotrichum gloeosporioides,1,Field,1,Yes,Severity,Continuous,Percentage,0,100,Percentage of disease severity based on 0-9 scale,Gava et al.,No,Fruit,,Flowering to post-harvest,,Anova,Duncan's MRT,,,,Not reported,,ANOVA,ANOVA-based,Duncan,1,Multiple-comparison procedure
original article,309,https://doi.org/10.1007/s10658-024-02835-y,European Journal of Plant Pathology,2024,"Yang Zhang, Yi Chen, Jian Ma, Dongxu Zhao, Yu Wang, Liang Yan, Li Wu, Yujian He",Citrus,Citrus,1,Bacteria,1,Candidatus Liberibacter asiaticus,1,Field,1,Yes,Incidence,Continuous,Percentage,0,100,Percentage of HLB-positive citrus trees,Zhang et al.,No,Tree,,Over three years,,Anova,Duncan's MRT,,,,Not reported,,ANOVA,ANOVA-based,Duncan,1,Multiple-comparison procedure
original article,314,https://doi.org/10.1007/s10658-024-03000-1,European Journal of Plant Pathology,2025,"Camila Rodrigues Carmello, M√°rcia Maria Rosa Magri, Jean Carlos Cardoso",Solanum lycopersicum,Tomato,1,Fungi,1,Alternaria alternata,1,Laboratory,1,Yes,Incidence / AUDPC,Continuous,Percentage / AUDPC,0,100,Percentage of incidence and AUDPC,Campbell and Madden,No,Fruit,4 replicates (4 fruits per replicate),15 days,,Anova,Tukey's HSD,4,,4,Parsed replicate count,,ANOVA,ANOVA-based,Tukey,1,Multiple-comparison procedure
original article,324,https://doi.org/10.1007/s10658-025-03097-y,European Journal of Plant Pathology,2025,"Huong Thi-Thu Quach, Thi Hien Thao Van, Thanh-Tam Ho, Thu Thi Nguyen, Nguyen Thi Lam Hai, Canh Xuan Nguyen, Trung Thanh Nguyen",Panax vietnamensis,Vietnamese ginseng,1,Fungi,1,Fusarium stercicola / Fusarium babinda,2,Greenhouse,1,Yes,Lesion size,Continuous,,,,Lesion measurements,,No,Plant,3 replicates,9 days,,Anova,Duncan's MRT,3,,,Parsed replicate count,,ANOVA,ANOVA-based,Duncan,1,Multiple-comparison procedure
original article,338,https://doi.org/10.1007/s10658-025-03091-4,European Journal of Plant Pathology,2025,"Toktam Ataeisalami, Gholamhosein Shahidibonjar, Akbar Hosseinipour, Roohollah Abdolshahi, Maryam Dorrani-Nejad, Ismail Saadoun, Essaid Ait Barka",Vigna radiata,Mung bean,1,Oomycete,1,Pythium aphanidermatum,1,Greenhouse,1,Yes,Survival rate,Continuous,Percentage,0,100,Survival rate of mung bean seedlings,,No,Plant,3 replications,,,Anova,Duncan's MRT,3,,,Parsed replicate count,,ANOVA,ANOVA-based,Duncan,1,Multiple-comparison procedure
original article,27,https://doi.org/10.1007/s10327-012-0388-4,Journal of General Plant Pathology,2012,"Akira Kawaguchi, Ken-ichi Kondo, Koji Inoue",Apple,Apple,1,Bacteria,1,Rhizobium radiobacter / Rhizobium rhizogenes,2,Field,1,Yes,Incidence,Continuous,Percentage of plants with tumors on stems or roots,0,100,Percentage of plants showing tumors after soaking roots in cell suspension of antagonists,,No,Plant,"25-30 plants per plot in 3 replicates (expts 1, 2); 11 plants per plot in 3 replicates (expt 3)",6 or 8 months after planting,,Anova,Ryan's test,3,,30,Parsed replicate count,,ANOVA,ANOVA-based,Ryan,1,Multiple-comparison procedure
original article,62,https://doi.org/10.1007/s10327-016-0669-4,Journal of General Plant Pathology,2016,"Sebastian Reznikov, Gabriel R. Vellicce, Victoria Gonz√°lez, Vicente de Lisi, Atilio P. Castagnaro, L. Daniel Ploper",Soybean,Soybean,1,Fungi,1,Macrophomina phaseolina,1,Field,1,Yes,Severity,Ordinal,"1-5 disease severity scale: 1 = no discoloration;2 = no discoloration, few microsclerotia;3 = partially discolored, microsclerotia partially covering;4 = discolored, numerous microsclerotia;5 = numerous microsclerotia producing dark color",1,5,Disease severity based on visual symptoms and microsclerotia presence,Paris et al. (2006),No,Plant,4 replications of randomized blocks,stage R7,square-root transformed (√¢ÀÜ≈°x),Anova,Fisher LSD,4,,,Parsed replicate count,,ANOVA,ANOVA-based,Fisher's LSD,1,Multiple-comparison procedure
original article,70,https://doi.org/10.1007/s10327-016-0667-6,Journal of General Plant Pathology,2016,"Yoshihiko Hirayama, Shunsuke Asano, Keiichiroh Watanabe, Yasuhiro Sakamoto, Masaaki Ozaki, Ken'o Okayama, Satoshi T. Ohki, Motoaki Tojo",Strawberry,Strawberry,1,Fungi,1,Colletotrichum fructicola,1,Greenhouse,1,Yes,Incidence,Continuous,percentage of the diseased plants in total plants,0,100,Percentage of diseased plants,,No,Plant,four replicates each consisting of 20 plants,,,,,4,,20,Parsed replicate count,,Not reported,Not reported,Not reported,0,Not reported
original article,77,https://doi.org/10.1007/s10327-017-0745-4,Journal of General Plant Pathology,2017,"Hirofumi Nagai, Noriyuki Miyake, Shinro Kato, Daisuke Maekawa, Yasuhiro Inoue, Yuichi Takikawa",Broccoli,Broccoli,1,Bacteria,1,Xanthomonas campestris pv. campestris,1,Field,1,Yes,Incidence,Continuous,Incidence of diseased broccoli,0,100,Percentage of broccoli plants showing black rot symptoms,,No,Plant,,3-4 weeks after inoculation,,Ryan method,Ryan method,,,,Not reported,,Ryan method,Other,Ryan,1,Multiple-comparison procedure
original article,86,https://doi.org/10.1007/s10327-017-0746-3,Journal of General Plant Pathology,2017,"Noriyuki Miyake, Hirofumi Nagai",Fig,Fig,1,Oomycete,1,Phytophthora palmivora,1,Field,1,Yes,Incidence,Continuous,percentage of total leaves that were diseased,0,100,Percentage of fig leaves showing disease symptoms,,No,Leaf,four replications,7 days after inoculation,,Anova,Tukey-Kramer,4,,,Parsed replicate count,,ANOVA,ANOVA-based,Tukey,1,Multiple-comparison procedure
original article,90,https://doi.org/10.1007/s10327-017-0750-7,Journal of General Plant Pathology,2017,Sunao Ochi,Soybean,Soybean,1,Fungi,1,Calonectria ilicicola,1,Field,1,No,Index,Ordinal,"index 0, healthy;1, a few lateral roots rotted and part of the main root had turned dark brown;2, many lateral roots rotted and more than half of main root dark brown;3, almost of all lateral roots rotted and main root decayed.",0,3,Red crown rot severity index based on root rot symptoms,,Yes,Plant,51 fields,maturation period of soybean,,Meta-analysis,,,,,"Reported, complex/unparsed",,Meta-analysis,Meta-analysis,Not reported,0,Not reported
original article,108,https://doi.org/10.1007/s10327-018-00833-7,Journal of General Plant Pathology,2018,"Iori Imazaki, Ikuo Kadota",Melon,Melon,1,Fungi,1,Fusarium oxysporum f. sp. melonis,1,Field,1,Yes,Severity,Ordinal,"scored 20 days after transplanting as 0 = no symptoms, 1 = yellowing and/or bending of leaf stem(s), 2 = browning of true leaf (leaves), 3 = death.",0,3,Fusarium wilt disease severity on a 0-3 scale,,Yes,Plant,16 melon plants per plot,20 days after transplanting,,Anova / Kruskal-Wallis,Tukey-Kramer honestly significant difference (HSD) test / Bonferroni test,,,,"Reported, complex/unparsed",,ANOVA / Kruskal‚ÄìWallis,Parametric / Nonparametric,Tukey / Bonferroni,2,Multiple-comparison procedure / Multiplicity adjustment
original article,110,https://doi.org/10.1007/s10327-018-0821-4,Journal of General Plant Pathology,2018,"Libo Xiang, Minfeng Xue, Lijun Yang, Shuangjun Gong, Dazhao Yu",Tomato,Tomato,1,Fungi,1,Botrytis cinerea,1,Field,1,No,Index,Ordinal,disease severity using the 0-9 scale... 0 is a completely healthy leaf... 9 indicates 50-100% diseased leaf area... DSI = sum(n x Ln) / ...,0,9,Disease severity index based on a 0-9 scale of diseased leaf area,Anonymous (1993) / Zhang et al. (2014),Yes,Leaf,three replicates,7 days after each fungicide application,,Anova,Tukey's HSD,3,,,Parsed replicate count,,ANOVA,ANOVA-based,Tukey,1,Multiple-comparison procedure
original article,123,https://doi.org/10.1007/s10327-018-0783-6,Journal of General Plant Pathology,2018,"Yonas Kefialew, Sanju Kunwar, Dawit Abate, Amare Ayalew, James Colee, Laura Ritchie, Stephen M. Olson, Mathews L. Paret",Watermelon,Watermelon,1,Fungi,1,Stagonosporopsis citrulli,1,Greenhouse,1,Yes,Severity,Ordinal,rated from 0 to 11 using the Horsfall-Barratt scale,0,11,Disease severity rated on the 0-11 Horsfall-Barratt scale,Horsfall and Barratt 1945,Yes,Plant,five replications,3 weeks,,Anova,Tukey / Fisher LSD,5,,,Parsed replicate count,,ANOVA,ANOVA-based,Tukey / Fisher's LSD,2,Multiple-comparison procedure
original article,163,https://doi.org/10.1007/s10327-019-00891-5,Journal of General Plant Pathology,2020,"Hiroyuki Hagiwara, Rieko Ogura, Takeshi Fukumoto, Toshiaki Ohara, Mikio Tsuda, Kazuyuki Hiratsuka",Rice,Rice,1,Bacteria,1,Xanthomonas oryzae pv. oryzae,1,Growth chamber / Greenhouse,2,Yes,Lesion size,Continuous,Length of lesions on inoculated leaf blades,0,,Length of lesion,Kauffman et al. 1973,No,Leaf,16 replicates,10 days after inoculation,,Anova,Tukey's HSD,16,,,Parsed replicate count,,ANOVA,ANOVA-based,Tukey,1,Multiple-comparison procedure
original article,168,https://doi.org/10.1007/s10327-020-00941-3,Journal of General Plant Pathology,2020,"Maho Takahashi, Yasunori Tsutaki, Hitoshi Nakamura",Loquat,Loquat,1,Fungi,1,Rosellinia necatrix,1,Field,1,Yes,Severity,Ordinal,0 = healthy; 1 = slightly damaged... 3 = entirely damaged,0,3,Disease severity on roots rated on a 0-3 scale,,Yes,Root,three replicates per treatment,8 months after inoculation,,,Fisher's exact test,3,,,Parsed replicate count,,Not reported,Not reported,t-test / Fisher's exact,2,Pairwise test
original article,176,https://doi.org/10.1007/s10327-020-00965-9,Journal of General Plant Pathology,2020,"Takako Ishiga, Nanami Sakata, Tsutomu Ugajin, Yasuhiro Ishiga",Cabbage,Cabbage,1,Bacteria,1,Pseudomonas cannabina pv. alisalensis,1,Greenhouse,1,Yes,Severity,Continuous,"decrease in symptoms, including necrosis and chlorosis",0,,Severity of symptoms including necrosis and chlorosis,,No,Leaf,three biological replicates,,,,Tukey's HSD,3,,,Parsed replicate count,,Not reported,Not reported,Tukey,1,Multiple-comparison procedure
original article,207,https://doi.org/10.1007/s10327-021-01013-w,Journal of General Plant Pathology,2021,"Sigeo Nakao, Hisayoshi Watanabe, Taku Yano, Yuichi Yamaoka & Hideo Ishii",Pyrus pyrifolia,Asian pear,1,Fungi,1,Venturia nashicola,1,Field,1,Yes,Incidence,Continuous,Incidence on leaves (%),0,100,Scab incidence assessed on the leaves,Nakao et al.,No,Leaf,15 shoots per replicate,Growing season and after harvest,,Anova,Tukey's HSD,,,,"Reported, complex/unparsed",,ANOVA,ANOVA-based,Tukey,1,Multiple-comparison procedure
original article,214,https://doi.org/10.1007/s10327-021-01019-4,Journal of General Plant Pathology,2021,"Yolani de J. Bojorquez-Armenta, Guadalupe A. Mora-Romero, Melina Lopez-Meyer, Ignacio E. Maldonado-Mendoza, Claudia Castro-Martinez, Cecilia de los A. Romero-Urias, Jesus D. Cordero-Ramirez & Juan C. Martinez-Alvarez",Phaseolus vulgaris,Bean,1,Fungi,1,Macrophomina phaseolina,1,Growth chamber,1,Yes,Index,Continuous,Disease severity index (DI) (%),0,100,Disease severity index DI(%) = sum(ab)/(AK) * 100,Bojorquez-Armenta et al.,No,Plant,5 replicates per treatment,8 days,,Kruskal-Wallis / Dunn,,5,,,Parsed replicate count,,Kruskal‚ÄìWallis,Nonparametric,Not reported,0,Not reported
original article,217,https://doi.org/10.1007/s10327-022-01107-z,Journal of General Plant Pathology,2022,"Ayane Kanaizuka, Ryota Sasaki, Shuhei Miyashita, Sugihiro Ando, Kumiko Ito, Toshiyuki Fukuhara & Hideki Takahashi",Oryza sativa,Rice,1,Bacteria,1,Burkholderia glumae,1,Greenhouse,1,Yes,Index,Continuous,,0,100,Rice seedling rot disease severity index (DSI),Kanaizuka et al.,No,Plant,,,,,,,,,Not reported,,Not reported,Not reported,Not reported,0,Not reported
original article,253,https://doi.org/10.1007/s10327-023-01122-8,Journal of General Plant Pathology,2023,"Gasta Mouka Adechina Adam Dade, Junichi Kihara & Makoto Ueno",Solanum lycopersicum,Tomato,1,Fungi,1,Athelia rolfsii,1,Greenhouse,1,Yes,Incidence,Continuous,Percentage,0,100,Percentage of plants that developed damping off,Dade et al.,No,Plant,,3 weeks,,Anova,Tukey-Kramer,,,,Not reported,,ANOVA,ANOVA-based,Tukey,1,Multiple-comparison procedure
original article,275,https://doi.org/10.1007/s10327-023-01145-1,Journal of General Plant Pathology,2023,"Valeria Fernanda Bernardo, Matias Alberto Gonzalez, Sebastian Andr√É∆í√Ç¬©s Garita, Roberto Oscar Lopez, Maria Cecilia Arango, Mario Carlos Nazareno Saparrat, Marcela Fabiana Ruscitti",Pepper,Pepper,1,Nematode,1,Nacobbus aberrans,1,Greenhouse,1,Yes,Count / Reproduction factor,Continuous,"Reproductive Factor RF = Fp/Pi - 1, where Fp = final population (eggs and larvae extracted from roots) and Pi = number of inoculated eggs",0,,Nematode Reproductive Factor (RF) and egg count,Oostenbrink (1966),No,Plant,10 replicates per treatment,,,Anova,Fisher LSD,10,,,Parsed replicate count,,ANOVA,ANOVA-based,Fisher's LSD,1,Multiple-comparison procedure
original article,287,https://doi.org/10.1007/s10327-024-01206-z,Journal of General Plant Pathology,2024,"Herlina Raharja Putri, Akhiruddin Maddu, Sari Nurulita, Fitrianingrum Kurniawati, Tri Asmira Damayanti",Capsicum annuum,Pepper,1,Virus,1,Tobacco mosaic virus,1,Greenhouse,1,Yes,Incidence / Severity,Continuous,Percentage,0,100,Disease incidence (%) and disease severity score (0-3),Putri et al.,No,Plant,,4 weeks after inoculation,,Kruskal-Wallis / Anova,Tukey's HSD,,,,Not reported,,ANOVA / Kruskal‚ÄìWallis,Parametric / Nonparametric,Tukey,1,Multiple-comparison procedure
original article,333,https://doi.org/10.1007/s10327-025-01224-5,Journal of General Plant Pathology,2025,"Namiko Kirino, Akira Kawaguchi",Solanum lycopersicum,Tomato,1,Fungi,1,Pseudocercospora fuligena,1,Greenhouse,1,Yes,Incidence,Continuous,Percentage,0,100,Number of leaves with and without BLM lesions,,No,Leaf,14 greenhouses,Late in cultivation,,GLMM,Tukey's HSD,,,,"Reported, complex/unparsed",,GLMM,Mixed model,Tukey,1,Multiple-comparison procedure
original article,12,https://doi.org/10.1111/j.1439-0434.2010.01782.x,Journal of Phytopathology,2011,"Kaituo Wang, Peng Jin, Shifeng Cao, Huaijin Rui, Yonghua Zheng",Chinese bayberry,Chinese bayberry,1,Fungi,1,Penicillium citrinum / Verticicladiella abietina,2,Laboratory,1,Yes,Incidence,Continuous,Percentage of infected wounds or fruits,0,100,Percentage of infected wounds or fruits with visible mould growth,,No,Fruit / Wound,3 replicates of 50 fruits (100 wound sites) each,2 days at 20C or 8 days at 1C,,Anova,Duncan's MRT,3,,50,Parsed replicate count,,ANOVA,ANOVA-based,Duncan,1,Multiple-comparison procedure
original article,40,https://doi.org/10.1111/jph.12027,Journal of Phytopathology,2013,"He-Qin Zhu, Zi-Li Feng, Zhi-Fang Li, Yong-Qiang Shi, Li-Hong Zhao, Jia-Rong Yang",Cotton,Cotton,1,Fungi,1,Verticillium dahliae,1,Greenhouse,1,Yes,Incidence / Index,Continuous,"Disease incidence (%) = percentage of symptomatic plants; Disease index = weighted index based on ratings from 0 to 4 (0: healthy, 4: necrotic meristem or dead plant)",0,100,Disease incidence and severity index recorded on cotton seedlings in paper pots under greenhouse conditions,Zhu et al. (2010),Yes,Plant,3 replications of 15 to 25 plants total (5 pots with 3-5 plants each),18 and 25 days after inoculation,,Anova,Fisher LSD,3,,,Parsed replicate count,,ANOVA,ANOVA-based,Fisher's LSD,1,Multiple-comparison procedure
original article,46,https://doi.org/10.1111/jph.12048,Journal of Phytopathology,2013,"Recep Kotan, Akif Okutucu, Arzu Ala Gormez, Kenan Karagoz, Fatih Dadasoglu, Isa Karaman, Ismet Hasanekoglu, Saban Kordali",Common mistletoe (Viscum album L.),Common mistletoe,1,Bacteria / Fungi,2,Alternaria alternata / Burkholderia cepacia,2,Field,1,Yes,Incidence / Severity,Continuous / Ordinal,"Disease incidence is the percentage of infected mistletoes (%); Disease severity is rated on a 1-5 scale (1: healthy, 5: >75% of plants displaying symptoms or dead)",0 (for incidence) / 1 (for severity),100 (for incidence) / 5 (for severity),Evaluation of biocontrol activity of bacterial strains and fungal isolates on mistletoe in field conditions based on percentage of infected plants and a 1-5 severity scale,Kelman and Person (1961),No,Shoot / Plant,12 shoots on 3 trees per location across 5 locations,8 months after inoculation,,,,,,,"Reported, complex/unparsed",,Not reported,Not reported,Not reported,0,Not reported
original article,48,https://doi.org/10.1111/jph.12045,Journal of Phytopathology,2013,"Zelalem Mersha, Shouan Zhang, Yuqing Fu, Xiaodan Mo, Richard N. Raid, Bernhard Hau",Basil,Basil,1,Oomycete,1,Peronospora belbahrii,1,Greenhouse,1,Yes,Severity / AUDPC,Continuous,Disease severity visually rated as percentage of leaf area showing symptoms and signs of downy mildew,0,100,Visual estimation of the percentage of leaf area with typical symptoms and signs of downy mildew on all plants in a pot,,No,Plant / Pot,3 to 6 replications of pots with 3-6 plants each,Multiple times at intervals of 3-8 days starting after inoculation,,Anova,Tukey's HSD,3,6,,Parsed replicate count,,ANOVA,ANOVA-based,Tukey,1,Multiple-comparison procedure
original article,49,https://doi.org/10.1111/jph.12479,Journal of Phytopathology,2016,"Ahmed S. A. Elshakh, Syed Ishtiaq Anjum, Wen Qiu, Abdulwareth A. Almoneafy, Wang Li, Zhang Yang, Zhou-Qi Cui, Bin Li, Guo-Chang Sun, Guan-Lin Xie",Rice,Rice,1,Bacteria,1,Xanthomonas oryzae pv. oryzae,1,Greenhouse,1,Yes,Severity,Continuous,,0,,Severity of bacterial leaf blight,,No,Plant,three replicates in each treatment and four plants for each replicate,,,Anova,Fisher LSD,3,,4,Parsed replicate count,,ANOVA,ANOVA-based,Fisher's LSD,1,Multiple-comparison procedure
original article,50,https://doi.org/10.1111/jph.12489,Journal of Phytopathology,2016,"Alexandre Rutikanga, Charles Sivirihauma, Walter Ocimati, Gertrude Night, Charles Murekezi, Vigheri Ndungo, Thierry Mugiraneza, Guy Blomme",Banana,Banana,1,Bacteria,1,Xanthomonas campestris pv. musacearum,1,Field,1,No,Incidence,Continuous,XW incidence (%),0,100,Percentage of plants showing Xanthomonas wilt symptoms,,No,Plot,,12 months,,Anova,Fisher LSD,,,,Not reported,,ANOVA,ANOVA-based,Fisher's LSD,1,Multiple-comparison procedure
original article,59,https://doi.org/10.1111/jph.12522,Journal of Phytopathology,2016,"Mengjun Zhang, Jilie Li, Airong Shen, Shiyong Tan, Zhun Yan, Yongting Yu, Zhaodong Xue, Taimeng Tan, Liangbin Zeng",Pepper,Pepper,1,Oomycete,1,Phytophthora capsici,1,Greenhouse,1,Yes,Incidence,Continuous,Disease incidence (%) = (Number of diseased plants)/(Total number of plants) x 100,0,100,Percentage of plants showing disease symptoms,,No,Plant,,60 days after inoculation,,Anova,Duncan's MRT,,,,Not reported,,ANOVA,ANOVA-based,Duncan,1,Multiple-comparison procedure
original article,61,https://doi.org/10.1111/jph.12501,Journal of Phytopathology,2016,"Rania Aydi Ben Abdallah, Hayfa Jabnoun-Khiareddine, Ahlem Nefzi, Sonia Mokni-Tlili, Mejda Daami-Remadi",Tomato,Tomato,1,Fungi,1,Fusarium oxysporum f.sp. lycopersici,1,Greenhouse,1,Yes,Severity,Ordinal,0-4 rating scale (0 = no symptoms to 4 = 76-100% of leaves with yellowing and/or necrosis),0,4,Fusarium wilt severity based on a 0-4 scale measuring yellowing and necrosis,Amini 2009,No,Plant,,30 days postinoculation,,Anova,,,,,Not reported,,ANOVA,ANOVA-based,Not reported,0,Not reported
original article,72,https://doi.org/10.1111/jph.12653,Journal of Phytopathology,2017,"Chinelo Obianom, Dharini Sivakumar",Avocado,Avocado,1,Fungi,1,Lasiodiplodia theobromae,1,Postharvest,1,Yes,Incidence,Continuous,Disease incidence (%) = Number of infected wounds / Total number of inoculated fruit x 100,0,100,Percentage of infected wounds indicating stem-end rot incidence,"Sellamuthu, Mafune, Sivakumar, and Soundy (2013)",No,Fruit,10 replicates,14 + 3 days,,Anova,Fisher LSD,10,,,Parsed replicate count,,ANOVA,ANOVA-based,Fisher's LSD,1,Multiple-comparison procedure
original article,78,https://doi.org/10.1111/jph.12576,Journal of Phytopathology,2017,"Honglian Guo, Zijuan Xing, Qiaoyin Yu, Yue Zhao, Enlong Zhu",Jujube,Jujube,1,Fungi,1,Alternaria alternata,1,Postharvest,1,Yes,Index,Ordinal,Disease severity was divided to five levels... 0 = no infection or lesion... 4 = lesion diameter more than 25 mm... DI = sum(severity level x number of infected fruit in the level) x 100 / (highest level x total number of infected fruit),0,100,Disease index estimating disease severity based on a 0-4 scale of lesion diameter,,Yes,Fruit,three replicates of 30 fruit,15 days at 0C,,Anova,,3,,30,Parsed replicate count,,ANOVA,ANOVA-based,Not reported,0,Not reported
original article,80,https://doi.org/10.1111/jph.12623,Journal of Phytopathology,2017,"Luis G. Hernandez Montiel, Ramon Zulueta Rodriguez, Carlos Angulo, Edgar O. Rueda Puente, Evangelina E. Quinonez Aguilar, Ricardo Galicia",Mango,Mango,1,Fungi,1,Colletotrichum gloeosporioides,1,Postharvest,1,Yes,Incidence,Continuous,Incidence (%) = Fi/ Tf (100) where Fi = number of infected fruit and Tf = total fruit,0,100,Percentage of infected mango fruits,,No,Fruit,"Ten mangoes were used per treatment, and the experiment was repeated twice",7 days,Arcsin square-root,Anova,,,,,"Reported, complex/unparsed",,ANOVA,ANOVA-based,Not reported,0,Not reported
original article,92,https://doi.org/10.1111/jph.12570,Journal of Phytopathology,2017,"Wenzhong Wang, Rui Gao, Zhigang Bo, Lingling Chen, Fanxiang Min, Yunfei Gao, Shuai Yang, Qi Wei, Xuezhi Dong, Dianqiu Lv, Ying Chang",Potato,Potato,1,Fungi,1,Fusarium solani var. coeruleum,1,Postharvest,1,Yes,Incidence,Continuous,decreasing the incidence of potato dry rot,0,100,Incidence of potato dry rot,,No,Tuber,three replicates with 10 tubers per replicate,,,Anova,Fisher LSD / Duncan,3,,,Parsed replicate count,,ANOVA,ANOVA-based,Duncan / Fisher's LSD,2,Multiple-comparison procedure
original article,99,https://doi.org/10.1111/jph.12721,Journal of Phytopathology,2018,"Daniel Terao, Katia de Lima Nechet, Rosa Toyoko Shiraishi Frighetto, Valeria Delgado de Almeida Anjos, Eliane Aparecida Benato, Bernardo de Almeida Halfeld-Vieira",Mango,Mango,1,Fungi,1,Botryosphaeria dothidea,1,Postharvest,1,Yes,Severity,Ordinal,disease severity was based on a six-point scale: 0 = no decay... 5 = completely rotten... The severity scale was transformed in the McKinney index,0,5,Disease severity based on a 0-5 scale estimating the percentage of fruit surface covered by decay,"Luo, Wan, Feng, & Shao, 2015 / McKinney, 1923",Yes,Fruit,30 replications,22 days,,Anova,Tukey's HSD,30,,,Parsed replicate count,,ANOVA,ANOVA-based,Tukey,1,Multiple-comparison procedure
original article,116,https://doi.org/10.1111/jph.12709,Journal of Phytopathology,2018,"Rafael S. da Silva, Brenda L. Moutinho, Deise R. dos Santos, I. S. Vasconcelo-Rodrigues, Viviane Talamini, Marcelo F. Fernandes, Roberta P. M. Fernandes",Kale,Kale,1,Bacteria,1,Xanthomonas campestris pv. campestris,1,Greenhouse,1,Yes,Severity,Continuous,,0,,Disease severity of black rot on kale plants,,No,Plant,ten repetitions,,,Anova,,10,,,Parsed replicate count,,ANOVA,ANOVA-based,Not reported,0,Not reported
original article,120,https://doi.org/10.1111/jph.12690,Journal of Phytopathology,2018,"Tingting Wan, Huihui Zhao, Wei Wang",Tomato,Tomato,1,Fungi,1,Fusarium oxysporum,1,Greenhouse,1,Yes,Index,Ordinal,"0 = no symptoms"";""1 = <25% of leaves with symptoms... 5 = dead plant. Disease index = sum(rating no. x no. of plants in the rating) / (Total no. of plants x highest rating) x 100%",0,100,Disease index estimating disease severity using a 0-5 scale based on the percentage of symptomatic leaves,"Liu, Kloepper, & Tuzun, 1995",Yes,Plant,three replicates,50 days,,Anova,Fisher LSD / Duncan,3,,,Parsed replicate count,,ANOVA,ANOVA-based,Duncan / Fisher's LSD,2,Multiple-comparison procedure
original article,127,https://doi.org/10.1111/jph.12875,Journal of Phytopathology,2019,"Eirini G. Poulaki, Danai Gkizi, Sotirios E. Tjamos",Lettuce,Lettuce,1,Fungi,1,Sclerotinia sclerotiorum,1,Greenhouse,1,Yes,Severity,Ordinal,rated in five categories according to the modified scale of Kofoet et al.,1,5,Disease severity rated on a five-category scale,Kofoet et al.,Yes,Plant,30 plants,21 days postinoculation,,two-sample t test,,,,,"Reported, complex/unparsed",,t-test,t-test,Not reported,0,Not reported
original article,136,https://doi.org/10.1111/jph.12837,Journal of Phytopathology,2019,"Liqin Wu, Hongzhong Shang, Haike Gu, Jie Zheng",Pear,Pear,1,Fungi,1,Botryosphaeria dothidea,1,Postharvest,1,Yes,Incidence,Continuous,Incidence (%) = (number of decayed wounds / number of total wounds) x 100%,0,100,Disease incidence based on the percentage of decayed wounds,,No,Fruit,eight pears per replicate and three replicates per treatment,3 and 7 days,,,t-test,3,,,Parsed replicate count,,Not reported,Not reported,t-test,1,Pairwise test
original article,141,https://doi.org/10.1111/jph.12847,Journal of Phytopathology,2019,Mejdoub-Trabelsi et al.,Potato,Potato,1,Fungi,1,Fusarium species,1,Greenhouse,1,Yes,Severity,Ordinal,scored using a 0-4 scale... 4 = dead leaves,0,4,Fusarium wilt severity evaluated using a 0-4 leaf damage index,,Yes,Plant,10 plants were used... three replicates,60 days after inoculation,,Anova,Duncan's MRT,3,,,Parsed replicate count,,ANOVA,ANOVA-based,Duncan,1,Multiple-comparison procedure
original article,148,https://doi.org/10.1111/jph.12869,Journal of Phytopathology,2019,"Sareh Heydarpanah, Rasool Rezaei, Seyed Mohsen Taghavi, Habiballah Charehgani",Citrus,Citrus,1,Bacteria,1,Xanthomonas citri,1,Greenhouse,1,Yes,Severity,Continuous,number of necrotic lesions per leaf,0,,Disease severity based on the number of necrotic lesions per leaf,,No,Leaf,,,,,,,,,Not reported,,Not reported,Not reported,Not reported,0,Not reported
original article,172,https://doi.org/10.1111/jph.12886,Journal of Phytopathology,2020,"Ram Bahadur Khadka, Bhim Chaulagain, Surendra Subedi, Madan Marasini, Ranjana Rawal, Narayan Pathak, Ishwori Prasad Gautam, Tika Ram Chapagain, Bhim Bahadur Khatri, Dipak Sharma-Poudyal",Potato,Potato,1,Oomycete,1,Phytophthora infestans,1,Field,1,No,Severity,Ordinal,The disease scoring scale (1-10) was 1 = no lesions... 10 = 95.1%-100%,1,10,Disease severity scored on a 1-10 scale,Andrivon,Yes,Plot,three times in a randomized complete block design,"45, 65, 80 and 95 DAP",,Anova (joint),Fisher LSD,,,,"Reported, complex/unparsed",,Joint ANOVA,ANOVA-based,Fisher's LSD,1,Multiple-comparison procedure
original article,184,https://doi.org/10.1111/jph.12979,Journal of Phytopathology,2021,"Aline Ferreira Barros, Vicente Paulo Campos, Leticia Lopes de Paula, Luma Alais Pedroso, Fabiola de Jesus Silva, Julio Carlos Pereira da Silva, Denilson Ferreira de Oliveira & Geraldo Humberto Silva",Solanum lycopersicum,Tomato,1,Nematode,1,Meloidogyne incognita,1,Greenhouse,1,Yes,Count,Discrete,,0,,Number of galls on roots,Barros et al.,No,Plant,5 replicates per treatment,,,Anova,Tukey's HSD,5,,,Parsed replicate count,,ANOVA,ANOVA-based,Tukey,1,Multiple-comparison procedure
original article,185,https://doi.org/10.1111/jph.13023,Journal of Phytopathology,2021,"Ana Maria Gonzalez-Merino, Agustin Hernandez-Juarez, Rebeca Betancourt-Galindo, Yisa Maria Ochoa-Fuentes, Luis Alonso Valdez-Aguilar & Monica Lorena Limon-Corona",Solanum lycopersicum,Tomato,1,Fungi,1,Fusarium oxysporum,1,Greenhouse,1,Yes,Severity,Ordinal,0-4,0,4,Symptomatological scale 0-4 of damage by F. oxysporum,Apodaca-Sanchez et al. (2004),No,Plant,,75 days after inoculation,,Anova,Tukey's HSD,,,,Not reported,,ANOVA,ANOVA-based,Tukey,1,Multiple-comparison procedure
original article,186,https://doi.org/10.1111/jph.13048,Journal of Phytopathology,2021,"Angelica Miamoto, Angelica Calandrelli, Luanna Karoline Rinaldi, Monique Thiara Rodrigues e Silva, Thaisa Muriel Mioranza, Simone de Melo Santana-Gomes & Claudia Regina Dias-Arieira",Glycine max,Soybean,1,Nematode,1,Meloidogyne javanica,1,Greenhouse,1,Yes,Reproduction factor,Continuous,,0,,Nematode parameters (implied reproduction factor),Miamoto et al.,No,Plant,,60 days,,Anova,Bonferroni t-test / Tukey,,,,Not reported,,ANOVA,ANOVA-based,Tukey / Bonferroni,2,Multiple-comparison procedure / Multiplicity adjustment
original article,192,https://doi.org/10.1111/jph.13062,Journal of Phytopathology,2021,Herbert Dustin Aumentado & Mark Angelo Balendres,Solanum melongena,Eggplant,1,Fungi,1,Paramyrothecium foliicola,1,Laboratory,1,Yes,Severity,Continuous,Percentage (%) of the diseased area,0,100,Percentage (%) of the diseased area on fruits or leaves,Tsushima et al.,No,Fruit,3 replicates,7 dpi,,Anova,Tukey's HSD,3,,,Parsed replicate count,,ANOVA,ANOVA-based,Tukey,1,Multiple-comparison procedure
original article,218,https://doi.org/10.1111/jph.13143,Journal of Phytopathology,2022,"Camila Rodrigues Carmello, Marcia Maria Rosa Magri & Jean Carlos Cardoso",Solanum lycopersicum,Tomato,1,Fungi,1,Fusarium oxysporum f. sp. lycopersici / Alternaria alternata,2,Laboratory,1,No,Mycelial growth,Continuous,cm/day,0,,Mycelial Growth Speed Index (MGSI),Carmello et al.,No,Petri dish,,15 days,,Anova,Tukey's HSD,,,,Not reported,,ANOVA,ANOVA-based,Tukey,1,Multiple-comparison procedure
original article,220,https://doi.org/10.1111/jph.13063,Journal of Phytopathology,2022,"Daniel Terao, Sonia Claudia Nascimento Queiroz & Aline de Holanda Nunes Maia",Citrus sinensis,Citrus,1,Fungi,1,Penicillium digitatum,1,Laboratory,1,Yes,Severity,Continuous,,0,5,Area under the disease progress curve (AUDPC),Campbell and Madden,No,Fruit,3 replicates of 5 oranges,15 days,,Anova,Tukey / t-test,3,,,Parsed replicate count,,ANOVA,ANOVA-based,Tukey / t-test,2,Multiple-comparison procedure / Pairwise test
original article,222,https://doi.org/10.1111/jph.13127,Journal of Phytopathology,2022,"Giovanna Gilardi, Athina Vasileiadou, Angelo Garibaldi & Maria Lodovica Gullino",Lactuca sativa,Lettuce,1,Fungi,1,Fusarium oxysporum f. sp. lactucae,1,Greenhouse,1,Yes,Severity,Continuous,Percentage,0,100,Disease severity 0-100,Gilardi et al.,No,Pot,5 replicates (6 pots per rep),36-60 days,,Anova,Tukey's HSD,5,,,Parsed replicate count,,ANOVA,ANOVA-based,Tukey,1,Multiple-comparison procedure
original article,254,https://doi.org/10.1111/jph.13209,Journal of Phytopathology,2023,"Hadis Shahbazi, Keivan Behboudi & Stefan Olsson",Triticum aestivum,Bread wheat,1,Fungi,1,Fusarium graminearum,1,Greenhouse,1,Yes,Index,Continuous,,0,1,Disease severity index (DSI) based on a 1-3 scale of discoloration,Dyer et al.,No,Tiller,4 replicates (5 plantlets each),"14, 28 and 42 days",,Anova,Fisher LSD,4,,5,Parsed replicate count,,ANOVA,ANOVA-based,Fisher's LSD,1,Multiple-comparison procedure
original article,255,https://doi.org/10.1111/jph.13235,Journal of Phytopathology,2023,"Hossein Golafrouz, Naser Safaie, Fatemeh Khelghatibana, Paul H. Goodwin & Ali Rezaei",Pyrus communis,European pear,1,Fungi,1,Rosellinia necatrix,1,Greenhouse,1,Yes,Severity,Continuous,Percentage,0,100,Root rot severity (%),Golafrouz et al.,No,Plant,,,,Anova,Fisher LSD,,,,Not reported,,ANOVA,ANOVA-based,Fisher's LSD,1,Multiple-comparison procedure
original article,264,https://doi.org/10.1111/jph.13214,Journal of Phytopathology,2023,"Nisha Rokaya, Anita Paneru, Ram Devi Timila, Shambhu Prasad Dhital, Ram Kumar Shrestha, Gopal Bahadur KC & Hira Kaji Manandhar",Solanum tuberosum,Potato,1,Oomycete,1,Phytophthora infestans,1,Field,1,Yes,Severity,Continuous,Percentage,0,100,Disease severity (%) and AUDPC based on a 1-10 scoring scale,Andrivon et al.,No,Plant,10 plants per middle ridge,80 days,,Anova,Duncan's MRT,,,,"Reported, complex/unparsed",,ANOVA,ANOVA-based,Duncan,1,Multiple-comparison procedure
original article,272,https://doi.org/10.1111/jph.13243,Journal of Phytopathology,2023,"Shunsuke Asano, Kandai Yoshida & Yoshihiko Hirayama",Solanum lycopersicum,Tomato,1,Fungi,1,Fulvia fulva,1,Greenhouse,1,Yes,Severity,Continuous,,0,100,Disease severity (DS) based on 0-4 scale of colonized leaves,Asano et al.,No,Plant,3 replicates (5 plants each),20 or 27 dpi,,Anova,,3,,5,Parsed replicate count,,ANOVA,ANOVA-based,Not reported,0,Not reported
original article,291,https://doi.org/10.1111/jph.13345,Journal of Phytopathology,2024,"Meltem Avan, Eslam Mohamed Albastawisi, Yagmur Doga Levent, Sevgi Islek, Recep Kotan",Citrus sinensis,Citrus,1,Fungi,1,Penicillium digitatum,1,Laboratory,1,Yes,Incidence,Continuous,Percentage,0,100,Percentage of symptomatic fruit,Avan et al.,No,Fruit,,Postharvest,,Anova,LSMeans Student test,,,,Not reported,,ANOVA,ANOVA-based,LSMeans Student / t-test,2,Multiple-comparison procedure / Pairwise test
original article,298,https://doi.org/10.1111/jph.13436,Journal of Phytopathology,2024,"Praneet Chauhan, Arvind Kumar Gupta, Jagan Nath Sharma, Monica Sharma",Malus domestica,Apple,1,Fungi,1,Alternaria mali,1,Field,1,Yes,Severity,Continuous,Percentage,0,100,Percent disease severity converted from a 0-4 / 0-5 rating scale,McKinney / Sharma et al.,No,Tree,3 replicates,20-25 days after final application,,Anova,,3,,,Parsed replicate count,,ANOVA,ANOVA-based,Not reported,0,Not reported
original article,310,https://doi.org/10.1111/jph.13385,Journal of Phytopathology,2024,"Ying-Yu Chen, Tung-Tsuan Tsay, Peichen Chen",Ipomoea aquatica,Water spinach,1,Nematode,1,Meloidogyne incognita,1,Greenhouse,1,Yes,Index,Ordinal,Index,0,10,Galling index based on 0-10 scale,Zeck,No,Root,4 replicates,60 days,,Anova,Tukey's HSD,4,,,Parsed replicate count,,ANOVA,ANOVA-based,Tukey,1,Multiple-comparison procedure
original article,312,https://doi.org/10.1111/jph.70146,Journal of Phytopathology,2025,"A. K. M. Sahfiqul Islam, Rakibul Hasan, Rumana Akter, Mohammad Ashik Iqbal Khan, Md. Atiqur Rahman Khokon, Mohammad Abdul Latif",Oryza sativa,Rice,1,Fungi,1,Rhizoctonia solani,1,Greenhouse,1,Yes,Lesion size,Continuous,,,,Growth of leaf lesions,,No,Plant,3 replicates,,,Anova,Fisher LSD,3,,,Parsed replicate count,,ANOVA,ANOVA-based,Fisher's LSD,1,Multiple-comparison procedure
original article,318,https://doi.org/10.1111/jph.70059,Journal of Phytopathology,2025,"Deewakar Baral, Jayanta Saha, Sukram Thapa, Ashok Kumar Koshariya, Sajeed Ali",Musa spp.,Banana,1,Fungi,1,Colletotrichum spp.,1,Laboratory,1,Yes,Lesion size,Continuous,cm,,,Lesion diameter,,No,Fruit,3 replicates,5 days,,Anova,Tukey's HSD,3,,,Parsed replicate count,,ANOVA,ANOVA-based,Tukey,1,Multiple-comparison procedure
original article,321,https://doi.org/10.1111/jph.70119,Journal of Phytopathology,2025,"Ganapathy Sivakaame, Theerthagiri Anand, Vaikuntavasan Paranidharan, Govindasamy Senthilraja, Chinnapaiyan Vanitha",Zea mays,Maize,1,Fungi,1,Aspergillus parasiticus,1,Laboratory,1,Yes,Aflatoxin concentration / Pathogen population,Continuous,ppb,,,Aflatoxin levels,,No,Grain,3 replicates,,,Anova,Tukey's HSD,3,,,Parsed replicate count,,ANOVA,ANOVA-based,Tukey,1,Multiple-comparison procedure
original article,3,https://doi.org/10.1007/bf03356399,Journal of Plant Diseases and Protection,2011,"Daniel Molitor, Ottmar Baus, Beate Berkelmann-Lohnertz",Grape,Grapevine,1,Fungi,1,Guignardia bidwellii,1,Greenhouse / Field,2,Yes,Severity,Continuous,Disease severity per plant calculated as average of leaves or EPPO guideline on berries,0,100,Disease severity assessed according to EPPO guideline,EPPO guideline (Anonymous 2009),Yes,Plant / Cluster,Four potted vines (leaves) or 3 replicates of 5 clusters (berries),Fully developed disease severity,,Anova,Tukey's HSD,3,,,Parsed replicate count,,ANOVA,ANOVA-based,Tukey,1,Multiple-comparison procedure
original article,17,https://doi.org/10.1007/bf03356380,Journal of Plant Diseases and Protection,2011,"Massimo Pugliese, BaoPing Liu, Maria Lodovica Gullino, Angelo Garibaldi","Cucumber, Tomato, Bean, Basil","Cucumber, Tomato, Bean, Basil",4,Fungi / Oomycetes,2,Pythium ultimum / Phytophthora nicotianae / Rhizoctonia solani / Fusarium oxysporum f. sp. basilici,4,Greenhouse,1,Yes,Percent efficacy,Continuous,DS = 100 - ( (CM - IM) / (CM - IC) ) * 100,0,100,Percentage of disease suppression calculated based on healthy plants in different treatments compared to controls,Termorshuizen et al. 2006,No,Pot,"5 replicates, 5 pots per treatment","20 days (cucumber, tomato, bean) or 30 days (basil)",Log,Anova,Tukey's HSD,5,,,Parsed replicate count,,ANOVA,ANOVA-based,Tukey,1,Multiple-comparison procedure
short communication,19,https://doi.org/10.1007/bf03356407,Journal of Plant Diseases and Protection,2011,"Peter Maxin, Roland WS Weber",Apple,Apple,1,Fungi,1,Phacidiopycnis washingtonensis / Neofabraea perennans / Neofabraea alba,3,Laboratory,1,Yes,Incidence,Continuous,Percent of inoculated wounds showing rubbery rot or percent affected fruits,0,100,Apples were evaluated for incidence of natural infections or artificially inoculated wounds showing rubbery rot,,No,Fruit,"4 replicates each containing 10 inoculated apples, or 8 kg fruit (55-65 apples)",6 weeks (artificial) or 6 months (natural) + 2 months,Arcsin square-root,Anova,Tukey's HSD,4,,,Parsed replicate count,,ANOVA,ANOVA-based,Tukey,1,Multiple-comparison procedure
original article,24,https://doi.org/10.1007/bf03356406,Journal of Plant Diseases and Protection,2011,Tahsein Amein et al.,Cabbage,Cabbage,1,Fungi,1,Alternaria brassicicola,1,Greenhouse / Field,2,No,Incidence / Emergence / Healthy plants [%] / Yield,Continuous,Percentage of healthy seedlings/plants in relation to the number of seeds sown,0,100,"Number of emerged, diseased and healthy plants",,No,Pot / Plot,"4 pots with 50 seeds per pot (greenhouse), 2.5 x 3 m plots in 3 replications (field)","4 weeks (greenhouse), harvest (field)",Arcsine transformed,Anova,Student-Newman Keuls,3,,50,Parsed replicate count,,ANOVA,ANOVA-based,Student‚ÄìNewman‚ÄìKeuls,1,Multiple-comparison procedure
original article,33,https://doi.org/10.1007/bf03356438,Journal of Plant Diseases and Protection,2012,"Jolanta Kowalska, Dariusz Drozdzynski, Dorota Remlein-Starosta, Lidia Sas-Paszt, Eligio Malusa",Strawberry,Strawberry,1,Fungi,1,Botrytis cinerea,1,Field / Storage,2,No,Incidence,Continuous,Percentage of decayed fruits (fruits with symptoms of grey mould),0,100,Percentage of strawberry fruits displaying grey mould symptoms during cold storage at 4¬∞C,,No,Fruit,4 replicates of 80 plants each (field); 4 replicates of 40 fruits each (storage),Every 3 days during storage for up to 18-21 days,Arcsin transformation,Anova,Tukey's HSD,4,,80,Parsed replicate count,,ANOVA,ANOVA-based,Tukey,1,Multiple-comparison procedure
original article,53,https://doi.org/10.1007/s41348-016-0051-y,Journal of Plant Diseases and Protection,2016,"Athakorn Promwee, Punnawich Yenjit, Montree Issarakraisila, Warin Intana, Chiradej Chamswarng",Rubber tree,Rubber tree,1,Oomycete,1,Phytophthora palmivora,1,Field,1,Yes,Index,Ordinal,0-5 as follows: 0 = no visible symptom;1 = 1-25% defoliation;2 = 26-50% defoliation;3 = 51-75% defoliation;4 = 76-100% defoliation;and 5 = dead tree ... DSI % = sum(Scale x Amount of trees) / (Maximum level x Total trees) x 100,0,5,Phytophthora leaf fall severity index based on a 0-5 scale measuring defoliation,[34],Yes,Plant,four replications per treatment,120 days after inoculation,,Anova,Duncan's MRT,4,,,Parsed replicate count,,ANOVA,ANOVA-based,Duncan,1,Multiple-comparison procedure
original article,68,https://doi.org/10.1007/s41348-016-0025-0,Journal of Plant Diseases and Protection,2016,"Yanpo Yao, Yan Li, Zhenlin Huang, Hong Yang, Changpo Sun, Jinkang Shu, Ruihuan Du, Xueliang Pang, Qi Wang",Pepper,Pepper,1,Oomycete,1,Phytophthora capsici,1,Greenhouse,1,Yes,Index,Continuous,,0,100,Disease index estimating disease severity of pepper root rot,Smith [22],Yes,Plant,five replicates of each treatment,,,Anova,Duncan's MRT,5,,,Parsed replicate count,,ANOVA,ANOVA-based,Duncan,1,Multiple-comparison procedure
original article,69,https://doi.org/10.1007/s41348-016-0056-6,Journal of Plant Diseases and Protection,2016,"Yao Wang, Wenbo Luo, Yun Huang, Luyang Xu, Yong Yin",Chinese cabbage,Chinese cabbage,1,Fungi,1,Plasmodiophora brassicae,1,Field,1,No,Index,Ordinal,"four classes: 0, no swelling visible;1, very slight swelling, usually confined to lateral roots;2, moderate swelling on lateral or tap roots;and 3, severe swelling on lateral or tap roots.",0,3,Clubroot severity separated into four classes based on root swelling,Narisawa et al.,Yes,Plant,three replications,45 days after sowing,,Anova,Duncan's MRT,3,,,Parsed replicate count,,ANOVA,ANOVA-based,Duncan,1,Multiple-comparison procedure
original article,84,https://doi.org/10.1007/s41348-017-0123-7,Journal of Plant Diseases and Protection,2017,"Moustafa H. A. Moharam, Dietrich Stephan, Eckhard Koch",Sorghum,Sorghum,1,Fungi,1,Sporisorium sorghi,1,Field,1,Yes,Incidence,Continuous,presence of infected panicles at maturity / Plants with sori (%),0,100,Percentage of sorghum plants with infected panicles (sori),,No,Plant,four replications,at maturity,,Anova,Fisher LSD,4,,,Parsed replicate count,,ANOVA,ANOVA-based,Fisher's LSD,1,Multiple-comparison procedure
original article,93,https://doi.org/10.1007/s41348-017-0102-z,Journal of Plant Diseases and Protection,2017,"Yuran Wang, Pingliang Li, Hongye Zhen, Baohua Li",Apple,Apple,1,Fungi,1,Glomerella cingulata,1,Field,1,Yes,Percent efficacy,Continuous,,0,100,Fungicide efficacy for the control of Glomerella leaf spot,,No,Leaf,three replications,21 and 28 days after treatment,,Anova,Duncan's MRT,3,,,Parsed replicate count,,ANOVA,ANOVA-based,Duncan,1,Multiple-comparison procedure
original article,111,https://doi.org/10.1007/s41348-018-0162-8,Journal of Plant Diseases and Protection,2018,"Massimo Pugliese, Matteo Monchiero, Maria Lodovica Gullino, Angelo Garibaldi",Grape,Grapevine,1,Fungi,1,Erysiphe necator,1,Field,1,No,Severity,Continuous,The severity of the attacks (% of leaf surface affected),0,100,Disease severity measuring the percentage of affected leaf surface,,No,Plant,4 replicates,every 10 days,,Anova,Tukey's HSD,4,,,Parsed replicate count,,ANOVA,ANOVA-based,Tukey,1,Multiple-comparison procedure
original article,151,https://doi.org/10.1007/s41348-019-00290-0,Journal of Plant Diseases and Protection,2019,"Xinxin Li, Xiuhong Wang, Xiangyuan Shi, Qi Wang, Xiaoling Li, Shengwan Zhang",Strawberry,Strawberry,1,Fungi,1,Verticillium dahliae,1,Greenhouse,1,Yes,Index,Ordinal,Disease index = sum(plants x rating) / (total plants x highest scale) x 100,0,100,Disease index calculating the percentage based on disease ratings,Sowik et al.,Yes,Plant,ten replicate plants per treatment,90 days after artificially infected,,Anova,Duncan's MRT,10,,,Parsed replicate count,,ANOVA,ANOVA-based,Duncan,1,Multiple-comparison procedure
original article,157,https://doi.org/10.1007/s41348-020-00325-x,Journal of Plant Diseases and Protection,2020,"Daniel Lopez-Lima, Damaris Desgarennes, Dinorah Lima-Rivera, Gloria Carrion",Potato,Potato,1,Fungi,1,Rhizoctonia solani,1,Field,1,No,Index,Continuous,disease index as described by Zhang et al.,0,100,Disease index for Rhizoctonia solani on tubers,Zhang et al.,Yes,Tuber,Five replicates,At the end of the potato cropping cycle,,,t-test,5,,,Parsed replicate count,,Not reported,Not reported,t-test,1,Pairwise test
original article,160,https://doi.org/10.1007/s41348-020-00350-w,Journal of Plant Diseases and Protection,2020,"Eckhard Koch, Petra Zink, Tobias Pfeiffer, Astrid von Galen, Ada Linkies, Jannika Drechsel, Tim Birr",Maize,Maize,1,Fungi,1,Fusarium verticillioides / Fusarium subglutinans / Fusarium cerealis / Fusarium poae / Fusarium proliferatum / Fusarium culmorum / Fusarium graminearum / Fusarium avenaceum,8,Growth chamber,1,Yes,Dry weight,Continuous,plant dry weight per seed tray or pot (g),0,,Plant dry weight,,No,Seed tray or pot,2 to 4 seed trays or 3 to 5 pots per treatment,,,Anova,Tukey's HSD,,,,"Reported, complex/unparsed",,ANOVA,ANOVA-based,Tukey,1,Multiple-comparison procedure
original article,182,https://doi.org/10.1007/s41348-021-00439-w,Journal of Plant Diseases and Protection,2021,"Albert Nanfack Dongmo, Julienne Nguefack, Joseph Blaise Lekagne Dongmo, Francois Romain Fouelefack, Rene Udom Azah, Ephrem Augustin Nkengfack & Emilio Stefani",Oryza sativa,Rice,1,Fungi,1,Bipolaris oryzae / Fusarium moniliforme,2,Laboratory,1,No,IC50,Continuous,IC50 (mg/mL),0,,In vitro activity measured by inhibitory concentration 50 (IC50),Dongmo et al.,No,Petri dish,4 replicates,24 h,,Anova,Fisher LSD,4,,,Parsed replicate count,,ANOVA,ANOVA-based,Fisher's LSD,1,Multiple-comparison procedure
original article,196,https://doi.org/10.1007/s41348-021-00487-2,Journal of Plant Diseases and Protection,2021,"Katia Nayely Gonzalez-Gutierrez, Juan Arturo Ragazzo-Sanchez & Montserrat Calderon-Santoyo",Persea americana,Avocado,1,Fungi,1,Colletotrichum gloeosporioides,1,Laboratory,1,Yes,Severity,Continuous,Lesion diameter (mm),0,,Severity (mm) determined by measuring the diameter of the lesion,Gonzalez-Gutierrez et al.,No,Fruit,"10 fruits per treatment, 3 replicates",10 d,,Anova,Fisher LSD,3,,10,Parsed replicate count,,ANOVA,ANOVA-based,Fisher's LSD,1,Multiple-comparison procedure
original article,229,https://doi.org/10.1007/s41348-022-00633-4,Journal of Plant Diseases and Protection,2022,"Linnea J. Stridh, Hadis Mostafanezhad, Christian B. Andersen, Firuz Odilbekov, Laura Grenville-Briggs, √Ösa Lankinen, Erland Liljeroth",Potato,Potato,1,Fungi,1,Alternaria solani,1,Greenhouse / Field,2,Yes,Lesion size / AUDPC,Continuous,Lesion area LA = 0.25 x p x D1 x D2. rAUDPC and rAUC calculated according to Shaner and Finney (1977),0,,Lesion area and rAUDPC,Shaner and Finney (1977),Yes,Plant / Plot,"4-6 replicate blocks (greenhouse), 4 blocks (field trials)",,,Anova,Tukey's HSD,4,6,,Parsed replicate count,,ANOVA,ANOVA-based,Tukey,1,Multiple-comparison procedure
original article,261,https://doi.org/10.1007/s41348-023-00773-1,Journal of Plant Diseases and Protection,2023,"Masoomeh Abbasi, Abdolmajid Mirzaalian Dastjerdi, Majeed Askari Seyahooei, Mansoore Shamili & Babak Madani",Citrus aurantiifolia,Key lime,1,Fungi,1,Penicillium digitatum / Penicillium italicum,2,Laboratory,1,Yes,Incidence / Severity,Continuous,Percentage,0,100,Disease incidence (% infected wounds) and Disease severity (% area infected),Madani et al.,No,Fruit,3 replications (10 fruits each),up to 3 weeks,,Anova,Fisher LSD,3,,,Parsed replicate count,,ANOVA,ANOVA-based,Fisher's LSD,1,Multiple-comparison procedure
original article,294,https://doi.org/10.1007/s41348-023-00852-3,Journal of Plant Diseases and Protection,2024,"N Matzen, S Weigand, C Bataille, S Kildea, N Havis, A O√É¬¢√¢‚Äö¬¨√¢‚Äû¬¢ Driscoll, K Waite, M Jalli, B Rodemann, LN J√É∆í√Ç¬∏rgensen",Barley,Barley,1,Fungi,1,Pyrenophora teres / Ramularia collo-cygni / Puccinia hordei,3,Field,1,No,Severity,Continuous,Percent symptomatic leaf area assessed following the EPPO guideline 1/26(4),0,100,Percent symptomatic leaf area on flag leaves or flag leaves -1,Oepp/Eppo (2014),No,Plot,4 replicates per treatment (plot size minimum 10 m2),,,,,4,,,Parsed replicate count,,Not reported,Not reported,Not reported,0,Not reported
original article,300,https://doi.org/10.1007/s41348-024-00866-5,Journal of Plant Diseases and Protection,2024,"Sadia Aziz, Saleem Akhtar Jamshed, Tariq Mukhtar, Gulshan Irshad, Shahzada Sohail Ijaz, Muhammad Usman Raja",Capsicum,Pepper,1,Bacteria,1,Xanthomonas vesicatoria,1,Greenhouse,1,Yes,Severity,Ordinal,Index,1,4,Rating scale (1-4),Vallejos et al.,No,Plant,3 replicates,7 days,,Anova,,3,,,Parsed replicate count,,ANOVA,ANOVA-based,Not reported,0,Not reported
original article,306,https://doi.org/10.1007/s41348-023-00804-x,Journal of Plant Diseases and Protection,2024,"Tobias Lutz, Maia Ridley, Birgit Hadeler, Barbara Schulz, Rasmus Enderle, Michael Steinert, Cornelia Heinze",European ash,European ash,1,Fungi,1,Hymenoscyphus fraxineus,1,Greenhouse,1,Yes,Severity,Ordinal,0-3 virulence ranking: 0 = not virulent (no symptoms);1 = low virulence (based on infection rate alone);2 = intermediate virulence (intermediate infection rate and/or capacity to cause mortality);3 = high virulence (high infection rate and capacity to cause mortality),0,3,Virulence ranking of H. fraxineus isolates on F. excelsior saplings,,Yes,Plant,Nine saplings per isolate (three petiole inoculations per sapling),,,Mann-Whitney U test,,,,,"Reported, complex/unparsed",,Mann‚ÄìWhitney U,Nonparametric,Not reported,0,Not reported
original article,330,https://doi.org/10.1007/s41348-025-01120-2,Journal of Plant Diseases and Protection,2025,"Larissa Maximiano Resende, √ârica de Oliveira Mello, Gabriel Bonan Taveira, Anderson Yusei Suzuki Fukuji, Ant√¥nio Andr√© da Silva Alencar, Claudia Pombo Sudr√©, Rosana Rodrigues, Andre de Oliveira Carvalho, Katia Valevski Sales Fernandes, Valdirene Moreira Gomes",Capsicum spp.,Pepper,1,Bacteria,1,Xanthomonas euvesicatoria,1,Greenhouse,1,Yes,Severity,Ordinal,Scale (1-4),1,4,Disease severity score 1-4,,No,Plant,3 replicates,,,Anova,Dunnett / Tukey,3,,,Parsed replicate count,,ANOVA,ANOVA-based,Tukey / Dunnett / Dunn,3,Multiple-comparison procedure / Nonparametric comparison
original article,336,https://doi.org/10.1007/s41348-025-01085-2,Journal of Plant Diseases and Protection,2025,"Samira Namazi, Mahdi Pirnia, Mohammad Amin Miri, Mojtaba Keykhasaber, Shirahmad Sarani, Fakhtak Taliei",Fragaria x ananassa,Strawberry,1,Fungi,1,Botrytis deweyae / Aspergillus pseudotubingensis,2,Laboratory,1,Yes,Index,Ordinal,Scale (0-8),0,8,Disease severity scale 0-8,Asghari Marjanlo et al.,No,Fruit,3 replicates,10 days,,Anova,Duncan's MRT,3,,,Parsed replicate count,,ANOVA,ANOVA-based,Duncan,1,Multiple-comparison procedure
original article,64,https://doi.org/10.4454/jpp.v98i2.026,Journal of Plant Pathology,2016,"V.Y. Zhimo, D.D. Bhutia and J. Saha",Banana,Banana,1,Fungi,1,Candida musae,1,Laboratory,1,Yes,Incidence,Ordinal,"0-4 point disease severity scale was followed (0 point = 0% decay, 1st point = 10% decay of the fruit surface, 2nd point = 11-25% decay of the fruit surface, 3rd point = 26-50% decay of the fruit surface and 4th point = over 50% of the fruit surface decayed). Per cent disease indices (PDI) = Sum of individual disease rating x 100 / Number of fruit samples x Maximum value of scale.",0,4,Disease severity based on a 0-4 point scale estimating the percentage of fruit surface decay,McKinney (1923),Yes,Fruit,three replicates of 3 fruits each in case of banana and 30 fruits each in case of litchi and strawberry,"2, 4 and 6 days of storage",,Anova,Duncan's MRT,3,,3,Parsed replicate count,,ANOVA,ANOVA-based,Duncan,1,Multiple-comparison procedure
short communication,74,https://doi.org/10.4454/jpp.v99i3.3944,Journal of Plant Pathology,2017,"E. Lorenzetti, J.R. Stangarlin and O.J. Kuhn",Soybean,Soybean,1,Fungi,1,Macrophomina phaseolina,1,Greenhouse,1,Yes,AUDPC,Continuous,Area under the disease progress curve,,,AUDPC of charcoal rot measured every two days from stem lesion measurements,Campbell and Madden (1990),Yes,Plant,,,,Anova,,,,,Not reported,,ANOVA,ANOVA-based,Not reported,0,Not reported
original article,82,https://doi.org/10.4454/jpp.v99i1.3810,Journal of Plant Pathology,2017,"M.M.I. Afifi, A.M. Ismail, S.M. Kamel, T.A. Essa",Cucumber,Cucumber,1,Fungi,1,Fusarium oxysporum f. sp. cucumerinum,1,Greenhouse,1,No,Severity,Ordinal,rating scale of 0-5 on the basis of root discoloration or leaf yellowing... 0 = neither... 5 = completely dead plant,0,5,Severity of Fusarium wilt on cucumber using a 0-5 scale,Abdou et al. (2001),Yes,Plant,Four replicates,90 days after transplanting,,Anova,Fisher LSD,4,,,Parsed replicate count,,ANOVA,ANOVA-based,Fisher's LSD,1,Multiple-comparison procedure
original article,106,https://doi.org/10.1007/s42161-018-0007-0,Journal of Plant Pathology,2018,"Hany Hassan Ahmed El-Sharkawy, Thoraya Saber Ali Abo-El-Wafa, Seham Abdel-Aal Ibrahim",Grapevine,Grapevine,1,Oomycete,1,Plasmopara viticola,1,Field,1,No,Severity,Ordinal,"0=no symptoms, 1=1-10%, 2=11-25%, 3=26-50%, 4=51-75% and 5=76-100% infected leaf area",0,5,Disease severity based on the percentage of infected leaf area on a 0-5 scale,Townsend and Heuberger 1943,Yes,Plant,4 replicates per treatment,six weeks from the fruit set stage,,Anova,Duncan's MRT,4,,,Parsed replicate count,,ANOVA,ANOVA-based,Duncan,1,Multiple-comparison procedure
original article,113,https://doi.org/10.1007/s42161-018-0191-y,Journal of Plant Pathology,2018,"Nipon Kaewsalong, Patcharavipha Songkumarn, Kannika Duangmal, Tida Dethoup",Rice,Rice,1,Fungi,1,Alternaria padwickii,1,Greenhouse,1,Yes,Incidence,Continuous,dirty panicle incidence,0,100,Incidence of dirty panicle disease on rice,,No,Pot,Five pots,,,Anova,Duncan's MRT,,,,"Reported, complex/unparsed",,ANOVA,ANOVA-based,Duncan,1,Multiple-comparison procedure
original article,124,https://doi.org/10.1007/s42161-019-00330-6,Journal of Plant Pathology,2019,"Anna La Torre, Lorenzo Righi, Valeria Iovino, Valerio Battaglia",Grape,Grapevine,1,Oomycete,1,Plasmopara viticola,1,Greenhouse,1,Yes,Severity,Ordinal,quantitative scale 0-5 (0 = no visible downy mildew development... 5 = > 76% leaf area affected),0,5,Disease severity evaluated on a 0-5 scale to calculate Percentage Disease Index,McKinney 1923,Yes,Leaf,12 replicates per treatment,28 days from artificial inoculation,,Anova,Tukey's HSD,12,,,Parsed replicate count,,ANOVA,ANOVA-based,Tukey,1,Multiple-comparison procedure
original article,125,https://doi.org/10.1007/s42161-019-00438-9,Journal of Plant Pathology,2019,"Dhuha Sulaiman Salim Al-Daghari, Shurooq Abdullah Al-Abri, Issa Hashil Al-Mahmooli, Abdullah Mohammed Al-Sadi, Rethinasamy Velazhahan",Cucumber,Cucumber,1,Oomycete,1,Pythium aphanidermatum,1,Greenhouse,1,Yes,Incidence,Continuous,by counting the number of infected plants,0,100,Percentage of damping-off incidence,,No,Plant,10 replications having 10 plants each,15 days after sowing,,,Tukey's HSD,10,,,Parsed replicate count,,Not reported,Not reported,Tukey,1,Multiple-comparison procedure
original article,144,https://doi.org/10.1007/s42161-018-00237-8,Journal of Plant Pathology,2019,"Nehal Samy El-Mougy, Mokhtar Mohamed Abdel-Kader",Onion,Onion,1,Fungi,1,Fusarium oxysporum f. sp. cepae,1,Field,1,No,Incidence,Continuous,No. infected plants / No. of total plants X 100,0,100,Percentage of plants showing disease symptoms,,No,Plant,three plots in a randomized design as replicates,60 days of planting date,,Anova,Duncan's MRT,,,,"Reported, complex/unparsed",,ANOVA,ANOVA-based,Duncan,1,Multiple-comparison procedure
original article,161,https://doi.org/10.1007/s42161-020-00573-8,Journal of Plant Pathology,2020,"Fuli Zhang, Chang Liu, Yunhua Wang, Kai Dou, Faju Chen, Li Pang, Xiangxiang Kong, Changrui Shang, Yan Li",Bitter gourd,Bitter gourd,1,Fungi,1,Fusarium oxysporum,1,Greenhouse,1,Yes,Severity,Continuous,disease severity / disease index,0,100,Disease severity of wilt symptoms,,Yes,Plant,three replicates,"After 7, 9 and 15 days of pathogen inoculation",,Anova,,3,,,Parsed replicate count,,ANOVA,ANOVA-based,Not reported,0,Not reported
original article,165,https://doi.org/10.1007/s42161-019-00457-6,Journal of Plant Pathology,2020,"Jiuxiang Zhu, Taimeng Tan, Airong Shen, Xiebin Yang, Yongting Yu, Chunsheng Gao, Zhimin Li, Yi Cheng, Jia Chen, Litao Guo, Xiangping Sun, Zhun Yan, Jilie Li, Liangbin Zeng",Watermelon,Watermelon,1,Fungi,1,Fusarium oxysporum f. sp. niveum,1,Greenhouse,1,Yes,Index,Ordinal,Disease index (%) = [?(disease rating x number of plants) / (total plants x highest disease rating)] x 100,0,100,Disease index evaluating wilt symptoms,Yao et al.,Yes,Plant,Each treatment was replicated 25 times,After 20 days,,Anova,Duncan's MRT,,,,"Reported, complex/unparsed",,ANOVA,ANOVA-based,Duncan,1,Multiple-comparison procedure
original article,169,https://doi.org/10.1007/s42161-020-00660-w,Journal of Plant Pathology,2020,"Margarita Shternshis, Anzhela Asaturova, Tatyana Shpatova, Natalya Zhevnova, Anna Homyak",Blackcurrant,Blackcurrant,1,Fungi,1,Septoria ribis,1,Field,1,No,Severity,Ordinal,"4-point scale, where 0 = healthy leaves; 1 = poor... 4 = a very strong disease severity... converted to disease severity (%)",0,100,Disease severity on a percentage basis based on a 0-4 point scale,,Yes,Plant,replicated four times in completely randomized plot design,4 weeks after treatment and at the end of vegetation,,Manova,Duncan's MRT,,,,"Reported, complex/unparsed",,MANOVA,MANOVA,Duncan,1,Multiple-comparison procedure
original article,171,https://doi.org/10.1007/s42161-020-00712-1,Journal of Plant Pathology,2020,"Noura Jemai, Samia Gargouri, Imen Hemissi, Kaouther Ben Mahmoud, Med Fakhri Ksouri, Ahmed Jemmali",Garnem rootstock,Garnem rootstock,1,Fungi,1,Rhizoctonia solani,1,Greenhouse,1,Yes,Incidence,Continuous,survival rate (%),0,100,Percentage of plant survival (inverse of disease incidence),,No,Plant,6 treatments (20 plants each) ... in 3 replicates,,,,,3,,,Parsed replicate count,,Not reported,Not reported,Not reported,0,Not reported
original article,183,https://doi.org/10.1007/s42161-021-00894-2,Journal of Plant Pathology,2021,"Ali Baradar, Roohallah Saberi-Riseh, Ebrahim Sedaghati & Masoumeh Vatankhah",Solanum tuberosum,Potato,1,Fungi,1,Rhizoctonia solani,1,Greenhouse,1,Yes,Severity,Continuous,Percentage,0,100,Disease severity evaluated as percentage,Baradar et al.,No,Plant,4 replicates,,,Anova,Duncan's MRT,4,,,Parsed replicate count,,ANOVA,ANOVA-based,Duncan,1,Multiple-comparison procedure
original article,200,https://doi.org/10.1007/s42161-021-00808-2,Journal of Plant Pathology,2021,"Nashwa M. A. Sallam, Esmat F. Ali, Kamal A. M. Abo-Elyousr, Mohamed F. F. Bereika & Mohamed A. A. Seleim",Solanum tuberosum,Potato,1,Bacteria,1,Ralstonia solanacearum,1,Greenhouse,1,Yes,Severity,Continuous,Percentage,0,100,Percent disease severity (PDS),Sallam et al.,No,Plant,3 replicates,,,Anova,Fisher LSD,3,,,Parsed replicate count,,ANOVA,ANOVA-based,Fisher's LSD,1,Multiple-comparison procedure
original article,209,https://doi.org/10.1007/s42161-021-00780-x,Journal of Plant Pathology,2021,"Theint Theint Win, Bo Bo, Przemyslaw Malec, Sikandar Khan & Pengcheng Fu",Musa spp.,Banana,1,Fungi,1,Fusarium oxysporum,1,Greenhouse,1,Yes,Severity,Continuous,Percentage,0,100,Disease severity DS = (number of leaves with disease symptoms/total number of leaves) * 100,Win et al.,No,Plant,3 replicates,9 weeks,,Anova,t-test,3,,,Parsed replicate count,,ANOVA,ANOVA-based,t-test,1,Pairwise test
original article,216,https://doi.org/10.1007/s42161-022-01237-5,Journal of Plant Pathology,2022,"Ahad Al-Rashdi, Fatma Sulaiman Al-Hinai, Majida Mohammed Ali Al-Harrasi, Jamal Nasser Al-Sabahi, Rahil Said Al-Badi, Issa Hashil Al-Mahmooli, Abdullah Mohammed Al-Sadi & Rethinasamy Velazhahan",Cucumis sativus,Cucumber,1,Oomycete,1,Pythium aphanidermatum,1,Greenhouse,1,Yes,Incidence,Continuous,Percentage,0,100,Seedling mortality (%),Al-Rashdi et al.,No,Pot,3 replicates,,,Anova,Duncan's MRT,3,,,Parsed replicate count,,ANOVA,ANOVA-based,Duncan,1,Multiple-comparison procedure
original article,233,https://doi.org/10.1007/s42161-022-01122-1,Journal of Plant Pathology,2022,"Mohamed A. Mosa, Sozan E. El-Abeid, M. M. A. Khalifa, T. H. Elsharouny, Sahar M. El-Baz, Ayman Y. Ahmed",Tomato,Tomato,1,Fungi,1,Fusarium oxysporum f. sp. radicis-lycopersici,1,Greenhouse,1,Yes,Index,Continuous,DSI (%) = [sum(frequency class x the score of rating class)] / [(the total number of tomato plants) x (the maximum level of disease index)] x 100,0,100,Disease severity index of Fusarium crown and root rot based on discoloration classes,Huang et al. (2011),Yes,Plant,9 replicates (each with 3 pots of 4 seedlings),70 dpi,,Anova,Duncan's MRT,9,,4,Parsed replicate count,,ANOVA,ANOVA-based,Duncan,1,Multiple-comparison procedure
original article,243,https://doi.org/10.1007/s42161-022-01063-9,Journal of Plant Pathology,2022,Yunus Korkom & Ayhan Yildiz,Fragaria x ananassa,Strawberry,1,Fungi,1,Macrophomina phaseolina,1,Greenhouse,1,Yes,Incidence,Continuous,Percentage,0,100,Disease incidence (plant mortality),Pastrana et al.,No,Plant,5 replicate pots,18 weeks,,Anova,Fisher LSD,5,,,Parsed replicate count,,ANOVA,ANOVA-based,Fisher's LSD,1,Multiple-comparison procedure
original article,246,https://doi.org/10.1007/s42161-023-01421-1,Journal of Plant Pathology,2023,"Anna La Torre, Yari De Santis, Valerio Battaglia, Elisa Costantini, Patrizio Pulcini & Alessandro Polito",Solanum lycopersicum,Tomato,1,Oomycete,1,Phytophthora infestans,1,Greenhouse,1,Yes,Severity,Continuous,,0,100,Disease severity (DS) based on 0-4 rating scale,Miyake et al.,No,Plant,12 replicate plants,9 days,,Anova,Tukey's HSD,12,,,Parsed replicate count,,ANOVA,ANOVA-based,Tukey,1,Multiple-comparison procedure
original article,248,https://doi.org/10.1007/s42161-023-01546-3,Journal of Plant Pathology,2023,Aysun Uysal,Prunus armeniaca / Prunus dulcis,Apricot / Almond,1,Fungi,1,Monilinia laxa,1,Field,1,Yes,Incidence,Continuous,Percentage,0,100,Incidence of twig blight on flowering branches,Uysal,No,Branch,4 replicates (3 trees each),Flowering stage,,Anova,Duncan's MRT,4,,3,Parsed replicate count,,ANOVA,ANOVA-based,Duncan,1,Multiple-comparison procedure
original article,252,https://doi.org/10.1007/s42161-023-01488-w,Journal of Plant Pathology,2023,Eidi Bazgir,Fragaria ananassa,Strawberry,1,Fungi,1,Rhizoctonia solani,1,Greenhouse,1,Yes,Index,Continuous,Percentage,0,100,Disease severity index (DSI) calculated using a disease scoring scale,Muyolo et al.,No,Plant,,45-50 days after sowing,,Anova,Duncan's MRT,,,,Not reported,,ANOVA,ANOVA-based,Duncan,1,Multiple-comparison procedure
original article,267,https://doi.org/10.1007/s42161-023-01403-3,Journal of Plant Pathology,2023,Raja Asad Ali Khan & Asad Zaman,Solanum lycopersicon,Tomato,1,Bacteria,1,Ralstonia solanacearum,1,Greenhouse,1,Yes,Severity,Continuous,Percentage,0,100,Percent Disease Severity (DS %) calculated using a 0-4 scale,Bdliya and Dahiru,No,Plant / Pot,4 replicates,,,Anova,Fisher LSD,4,,,Parsed replicate count,,ANOVA,ANOVA-based,Fisher's LSD,1,Multiple-comparison procedure
original article,283,https://doi.org/10.1007/s42161-024-01795-w,Journal of Plant Pathology,2024,"Elham Mousavi Jafaripour, Masoud Ahmadzadeh, Nargues Falahi Charkhabi",Agaricus bisporus,Button mushroom,1,Bacteria,1,Pseudomonas tolaasii,1,Greenhouse,1,Yes,Incidence,Continuous,Percentage,0,100,Incidence proportion of diseased mushrooms,Jafaripour et al.,No,Mushroom,3 replications,20 days,,Anova,Fisher LSD,3,,,Parsed replicate count,,ANOVA,ANOVA-based,Fisher's LSD,1,Multiple-comparison procedure
original article,292,https://doi.org/10.1007/s42161-024-01820-y,Journal of Plant Pathology,2024,"Mohamed I. Elsayed, Kamal A. M. Abo-Elyousr, Najeeb M. Almasoudi, Mohamed A. Awad",Citrus sinensis,Citrus,1,Fungi,1,Penicillium digitatum,1,Laboratory,1,Yes,Incidence / Severity,Continuous,Percentage,0,100,Disease incidence and severity percentages,Almasaudi et al.,No,Fruit,3 replicates,12 days,,Anova,Fisher LSD,3,,,Parsed replicate count,,ANOVA,ANOVA-based,Fisher's LSD,1,Multiple-comparison procedure
original article,293,https://doi.org/10.1007/s42161-024-01793-y,Journal of Plant Pathology,2024,Montserrat Calder√≥n-Santoyo,Vaccinium corymbosum,Highbush blueberry,1,Fungi,1,Botrytis cinerea / Cladosporium cladosporioides,2,Laboratory,1,Yes,Incidence / Lesion size,Continuous,Percentage / cm,0,100,Percentage of incidence and lesion diameter,,No,Fruit,3 replicates,4 days / 10 days,,Anova,Fisher LSD,3,,,Parsed replicate count,,ANOVA,ANOVA-based,Fisher's LSD,1,Multiple-comparison procedure
original article,296,https://doi.org/10.1007/s42161-024-01667-3,Journal of Plant Pathology,2024,,Musa spp.,Banana,1,Fungi,1,Fruit rot pathogen,1,Laboratory,1,No,Inhibition zone,Continuous,,,,,,No,Petri dish,3 replicates,,,Anova,Fisher LSD,3,,,Parsed replicate count,,ANOVA,ANOVA-based,Fisher's LSD,1,Multiple-comparison procedure
original article,313,https://doi.org/10.1007/s42161-025-01831-3,Journal of Plant Pathology,2025,"Abu Ashraf Khan, Md. Mejbah Uddin Mubin, Md. Abdul Kader, Md. Mahidul Islam Masum, Md. Mahbubur Rahman",Oryza sativa,Rice,1,Fungi,1,Fusarium fujikuroi,1,Greenhouse,1,Yes,Incidence / Index,Continuous,Percentage / Index,0,100,Disease incidence and Disease severity index,Zainudin et al.,No,Plant,,,,Anova,Fisher LSD,,,,Not reported,,ANOVA,ANOVA-based,Fisher's LSD,1,Multiple-comparison procedure
original article,323,https://doi.org/10.1007/s42161-025-01863-9,Journal of Plant Pathology,2025,H. El Wazziki,Hordeum vulgare,Barley,1,Fungi,1,Blumeria hordei,1,Greenhouse,1,Yes,Severity / AUDPC,Continuous,Percentage / AUDPC,0,100,Percentage of leaf area covered by powdery mildew and AUDPC,James and Shih,No,Plant,10 plants per pot,Weekly up to 18 weeks,,Anova,Tukey's HSD,,,10,"Reported, complex/unparsed",,ANOVA,ANOVA-based,Tukey,1,Multiple-comparison procedure
original article,328,https://doi.org/10.1007/s42161-024-01825-7,Journal of Plant Pathology,2025,"Kamel M. Elhalag, Mohamed S. Al-Anany, Allam A. Megahed",Potato,Potato,1,Bacteria,1,Ralstonia solanacearum,1,Greenhouse,1,Yes,Severity,Ordinal,1 to 5 scale: 1 = 1-10% of leaves wilted;2 = 11-30% of leaves wilted;3 = 31-60% of leaves wilted;4 = more than 60% but less than 100% of leaves wilted;5 = all leaves wilted,1,5,Wilting disease severity,Kempe and Sequeira (1983),No,Plant,3 replicates per treatment,,,Anova,Duncan's MRT,3,,,Parsed replicate count,,ANOVA,ANOVA-based,Duncan,1,Multiple-comparison procedure
original article,345,https://doi.org/10.1007/s42161-025-01941-y,Journal of Plant Pathology,2026,,Brassica juncea,Indian mustard,1,Fungi,1,Alternaria brassicae,1,Greenhouse,1,Yes,Index,Ordinal,Index,,,Disease index,Meena et al.,No,Plant,,45 days,,Anova,,,,,Not reported,,ANOVA,ANOVA-based,Not reported,0,Not reported
original article,156,https://doi.org/10.14601/Phyto-11106,Phytopathologia Mediterranea,2020,"Antonio Mulero-Aparicio, Antonio Trapero, Francisco Javier L√≥pez-Escudero",Olive,Olive,1,Fungi,1,Verticillium dahliae,1,Semi-controlled conditions,1,Yes,Severity,Ordinal,"0 to 16 rating scale, according to the proportions of plant tissue affected by chlorosis, necrosis or defoliation",0,16,"Percentage of plant tissue affected by chlorosis, necrosis or defoliation","Varo-Su√°rez et al., 2018",No,Plant,24 replicated plants per treatment,22 months after planting,,Anova,Fisher LSD,,,,"Reported, complex/unparsed",,ANOVA,ANOVA-based,Fisher's LSD,1,Multiple-comparison procedure
original article,162,https://doi.org/10.14601/Phyto-10911,Phytopathologia Mediterranea,2020,"Giovanna Gilardi, Massimo Pugliese, Maria Lodovica Gullino, Angelo Garibaldi",Lettuce,Lettuce,1,Fungi,1,Rhizoctonia solani,1,Growth chamber / Greenhouse,2,Yes,Incidence,Continuous,Disease incidence (percent dead plants) evaluated by counting collapsed and dead plants,0,100,Percentage of lettuce plants affected by basal rot,,No,Pot,4 replicates per treatment,At full maturity stage,Arcsin transformation,Anova,Tukey's HSD,4,,,Parsed replicate count,,ANOVA,ANOVA-based,Tukey,1,Multiple-comparison procedure
original article,191,https://doi.org/10.36253/phyto-11978,Phytopathologia Mediterranea,2021,"Giovanna Gilardi, Athina Vasileiadou, Angelo Garibaldi, Maria Lodovica Gullino",Sweet pepper,Sweet pepper,1,Oomycete,1,Phytophthora capsici,1,Closed soilless culture,1,Yes,Incidence,Continuous,Percent of dead and wilted plants over the total plants examined,0,100,Percentage of dead and wilted plants,,No,Pot,5 replicates per treatment (12 plants per treatment),,arcosin transformation,Anova,Tukey's HSD,5,,12,Parsed replicate count,,ANOVA,ANOVA-based,Tukey,1,Multiple-comparison procedure
original article,197,https://doi.org/10.36253/phyto-12528,Phytopathologia Mediterranea,2021,"Lourdes Soto-Mu√±oz, Victoria Mart√≠nez-Blay, Mar√≠a B. P√©rez-Gago, Asunci√≥n Fern√°ndez-Catal√°n, Maricruz Argente-Sanchis, Llu√≠s Palou","Mandarins, oranges, lemons","Mandarins, oranges, lemons",3,Fungi,1,Penicillium digitatum / Penicillium italicum,2,Laboratory,1,Yes,Incidence / Severity,Continuous,"Incidence assessed as percentage of decayed fruit, severity determined as individual lesion diameter (mm)",0,100,Incidence and severity of GM and BM,,No,Fruit,Four replicates of five fruit each (for curative activity) / Four replicates of ten fruit each (cold storage),,Arcsin square-root,Anova,Fisher LSD,4,,5,Parsed replicate count,,ANOVA,ANOVA-based,Fisher's LSD,1,Multiple-comparison procedure
original article,203,https://doi.org/10.36253/phyto-12500,Phytopathologia Mediterranea,2021,"Robert Blundell, Molly Arreguin, Akif Eskalen",Grapevine,Grapevine,1,Fungi,1,Neofusicoccum parvum / Eutypa lata / Diplodia seriata / Diaporthe ampelina,4,Laboratory,1,Yes,Pathogen inhibition,Continuous,% inhibition = [(C-T)/C] x 100,0,100,Percentage of inhibition of pathogen mycelium growth,Idris et al. (2007),No,Petri dish,10 replicates per isolate,,,Anova,Dunnet's,10,,,Parsed replicate count,,ANOVA,ANOVA-based,Dunnett / Dunn,2,Multiple-comparison procedure / Nonparametric comparison
original article,219,https://doi.org/10.36253/phyto-12993,Phytopathologia Mediterranea,2022,"Claudia QUARTANA, Teresa FADDETTA, Letizia ANELLO, Maria DI BERNARDO, Rosa PETRALIA, Vito CAMPANELLA",Durum wheat,Durum wheat,1,Fungi,1,Fusarium culmorum,1,Laboratory,1,Yes,Severity,Ordinal,Empirical scale ranging from 0 to 4: 0 = absence of symptoms/healthy;1 = slight browning at the base of the culm/roots;2 = browning of approx. 50% of the culm/roots;3 = culm/root browning > 50%;4 = complete browning of culm/roots. Severity evaluated according to McKinney index: sum[(v x n)/(N x V)] x 100,0,4,Disease severity of Fusarium foot rot based on root browning,McKinney index,Yes,Seed,4 replicates of 25 seeds,14 days (end of incubation),Bliss angular values (arcsine sqrt(y%)),Anova,Duncan's MRT,4,,25,Parsed replicate count,,ANOVA,ANOVA-based,Duncan,1,Multiple-comparison procedure
original article,228,https://doi.org/10.36253/phyto-13108,Phytopathologia Mediterranea,2022,"Laura BUZ√ìN-DUR√ÅN, Natalia LANGA-LOMBA, Vicente GONZ√ÅLEZ-GARC√çA, Jos√© CASANOVA-GASC√ìN, Eva S√ÅNCHEZ-HERN√ÅNDEZ, Jes√∫s MART√çN-GIL, Pablo MART√çN-RAMOS",Grapevine,Grapevine,1,Fungi,1,Neofusicoccum parvum / Dothiorella viticola,2,Greenhouse,1,Yes,Lesion size,Continuous,Lengths of longitudinal vascular necroses in each direction from the inoculation point,0,,Longitudinal vascular necrosis length along the grapevine stem,Buz√≥n-Dur√°n et al. (2021),No,Plant,5 replicates per treatment,6 months,,Kruskal-Wallis,Conover-Iman test,5,,,Parsed replicate count,,Kruskal‚ÄìWallis,Nonparametric,Conover‚ÄìIman,1,Nonparametric comparison
original article,251,https://doi.org/10.36253/phyto-14154,Phytopathologia Mediterranea,2023,"Carmen Sanjuana Delgado-Ramirez, Edgardo Sepulveda, Edelweiss Airam Rangel-Montoya, Cesar Valenzuela-Solano, and Rufina Hernandez-Martinez",Grapevine,Grapevine,1,Fungi,1,Lasiodiplodia brasiliensis / Neofusicoccum parvum,2,Greenhouse / Field,2,Yes,Lesion size,Continuous,Length (cm) of necrotic lesion in woody stem at 60 days post-inoculation,0,,Necrotic lesion length in grapevine stems (cm),,No,Plant,10 replicates per isolate,60 days post-inoculation,,Anova,Fisher LSD,10,,,Parsed replicate count,,ANOVA,ANOVA-based,Fisher's LSD,1,Multiple-comparison procedure
original article,258,https://doi.org/10.36253/phyto-14096,Phytopathologia Mediterranea,2023,"Katherina Aguirre, Luz M. Perez, and Jaime R. Montealegre",Grapevine,Grapevine,1,Fungi,1,Diplodia seriata,1,Laboratory,1,Yes,Mycelial growth,Continuous,Percentage inhibition of radial mycelial growth of Diplodia seriata relative to control plates,0,100,In vitro percentage inhibition of mycelial growth,,No,Petri dish,,After 7 days incubation,,Anova,Fisher LSD,,,,Not reported,,ANOVA,ANOVA-based,Fisher's LSD,1,Multiple-comparison procedure
original article,263,https://doi.org/10.36253/phyto-14302,Phytopathologia Mediterranea,2023,"Monika Riedle-Bauer, Dragana Bandian, Monika Madercic, and Michael Gorfer",Grapevine,Grapevine,1,Fungi,1,Fomitiporia mediterranea,1,Field,1,Yes,Index,Continuous,DSI (%) calculated from visual rating of wood discolouration in cross-sections,0,100,Percentage of wood cross-section showing Esca/GLSD symptoms,,Yes,Plant,,4 weeks after treatment,,Anova,Fisher LSD,,,,Not reported,,ANOVA,ANOVA-based,Fisher's LSD,1,Multiple-comparison procedure
original article,276,https://doi.org/10.36253/phyto-13055,Phytopathologia Mediterranea,2023,"Venkidusamy Kavi Sidharthan, Govindan Pothiraj, Vinayagamoorthy Suryaprakash, Awani Kumar Singh, Rashmi Aggarwal, Veerubommu Shanmugam",Tomato,Tomato,1,Fungi,1,Fusarium oxysporum f. sp. lycopersici,1,Greenhouse,1,Yes,Incidence,Ordinal,0 to 4 scale: 0 = no symptoms;1 = <25% of leaves with symptoms;2 = 26-50% of leaves with symptoms;3 = 51-75% of leaves with symptoms;4 = 76-100% of leaves with symptoms,0,4,Disease index of vascular wilt,Sidharthan et al. (2018),Yes,Plant,6 replicates of 12 plants per treatment,,,Anova,Fisher LSD,6,,12,Parsed replicate count,,ANOVA,ANOVA-based,Fisher's LSD,1,Multiple-comparison procedure
original article,284,https://doi.org/10.36253/phyto-14911,Phytopathologia Mediterranea,2024,"Francesco Tini, Giovanni Beccari, Niccol√É∆í√Ç¬≤ Terzaroli, Enrica Berna, Lorenzo Covarelli, Mara Quaglia",Elephant garlic,Elephant garlic,1,Fungi,1,Penicillium allii / Penicillium citrinum / Penicillium brevicompactum / Fusarium oxysporum / Fusarium proliferatum,5,Growth chamber,1,No,Incidence,Continuous,"Incidence (%) of symptoms and signs (rot, browning, spotting, and mould) for each clove component",0,100,Incidence of clove rot and mould,Beccari et al. (2018),No,Clove,10 cloves per treatment,,,Anova,Tukey's HSD,,,,"Reported, complex/unparsed",,ANOVA,ANOVA-based,Tukey,1,Multiple-comparison procedure
original article,304,https://doi.org/10.36253/phyto-15093,Phytopathologia Mediterranea,2024,"Tarek R. Elsayed, Nadia A.M. El-Said, Fatmah A. Safhi, Nour El-Houda A. Reyad",Geranium,Geranium,1,Fungi,1,Rhizoctonia solani / Macrophomina phaseolina,2,Field,1,No,Incidence,Continuous,Percent plant mortality from root rot complex assessed at 6 months after the first cut,0,100,Plant mortality from root rot complex,,No,Plant,3 plots (replicates) per treatment,,arcsine transformed,Anova,Fisher LSD,,,,"Reported, complex/unparsed",,ANOVA,ANOVA-based,Fisher's LSD,1,Multiple-comparison procedure
original article,320,https://doi.org/10.36253/phyto-16698,Phytopathologia Mediterranea,2025,"Ester Abarquero, Maria del Pilar Martinez-Diz, Angela Diaz-Fernandez, David Gramaje, Emilia Diaz-Losada",Grapevine,Grapevine,1,Fungi,1,Dactylonectria torresensis / Dactylonectria macrodidyma / Ilyonectria liriodendri / Phaeomoniella chlamydospora / Phaeoacremonium minimum / Cadophora luteo-olivacea,6,Greenhouse / Field,2,No,Incidence / Severity,Continuous,Disease incidence (DI) determined as the mean percentage of grafted plants infected by these fungi;Disease severity (DS) assessed as the mean percentage of wood segments (10 segments per stem section) colonized by these fungi,0,100,Disease incidence and severity of black foot and Petri disease,Berlanas et al. (2020),No,Plant,3 replicates of 30 plants per cultivar per treatment,,Arcsin square-root,Anova (two-way),t-test,3,,30,Parsed replicate count,,Two-way ANOVA,ANOVA-based,t-test,1,Pairwise test
original article,322,https://doi.org/10.36253/phyto-15347,Phytopathologia Mediterranea,2025,"Gizem Eryigit, Hatice Ozaktan, Utku Sanver",Tomato,Tomato,1,Bacteria,1,Xanthomonas euvesicatoria,1,Growth chamber,1,Yes,Severity,Ordinal,0 to 4 scale: 0 = no symptoms;1 = 1 to 5 lesions on leaves;2 = multiple lesions and merged lesions on leaves;3 = merged lesions and necrotic leaves;4 = dead leaves,0,4,Disease severity of bacterial spot,Al-Dahmani et al. (2003),Yes,Plant,10 plants per treatment,,,Anova,Duncan's MRT,,,10,"Reported, complex/unparsed",,ANOVA,ANOVA-based,Duncan,1,Multiple-comparison procedure
original article,334,https://doi.org/10.36253/phyto-15613,Phytopathologia Mediterranea,2025,"Ncumisa Njombolwana-Swartz, Julia Meitz-Hopkins, Sara Monteiro, Cheryl Lennox",Fruit (plums/strawberries/citrus),Fruit (plums/strawberries/citrus),1,Fungi,1,Botrytis cinerea / Penicillium digitatum,2,Laboratory,1,Yes,Incidence / Severity / Index,Continuous,"Disease incidence determined as the percentage of infected fruits per replicate; Disease severity measured as lesion diameter (mm);Sporulation index assessed on a 0-6 scale (0 = absence of conidia, 6 = conidia covering the whole fruit)",0,100,Postharvest disease incidence and severity,Erasmus et al. (2011),No,Fruit,10 fruit per replicate,,,Anova,Fisher LSD,,,10,"Reported, complex/unparsed",,ANOVA,ANOVA-based,Fisher's LSD,1,Multiple-comparison procedure
original article,10,https://doi.org/10.1094/PHYTO-11-10-0315,Phytopathology,2011,"Jolien D'aes, Gia Khuong Hoang Hua, Katrien De Maeyer, Joke Pannecoucque, Ilse Forrez, Marc Ongena, Lars E. P. Dietrich, Linda S. Thomashow, Dmitri V. Mavrodi, Monica H√∂fte",Bean,Bean,1,Fungi,1,Rhizoctonia solani,1,Growth chamber,1,Yes,Severity,Ordinal,"0=healthy, 1=small lesions <1mm, 2=lesion <75%, 3=lesion >75%, 4=dead seedling",0,4,Disease severity based on a 0-4 scale,,Yes,Plant / Tray,"3 replications (trays) per treatment, 10 plants per tray",6 days after inoculation,,Kruskal-Wallis,Mann-Whitney comparisons,3,,,Parsed replicate count,,Kruskal‚ÄìWallis,Nonparametric,Mann‚ÄìWhitney,1,Nonparametric comparison
original article,41,https://doi.org/10.1094/phyto-07-12-0154-r,Phytopathology,2013,"J. M. Crane, D. M. Gibson, R. H. Vaughan, G. C. Bergstrom",Wheat,Wheat,1,Fungi,1,Fusarium graminearum,1,Greenhouse / Field,2,Yes,Index / Mycotoxin reduction,Continuous,FHB index was calculated by multiplying FHB incidence by FHB severity; DON is deoxynivalenol content (ppm),0,100,Fusarium head blight index (0-100%) and deoxynivalenol (DON) content of wheat grain (ppm) evaluated under greenhouse or field conditions,,Yes,Spike,20 spikes per treatment replicate,At harvest,"Arcsine transformation (for FHB index), Natural log-transformation (for DON)",Anova,Tukey / t-test,,,20,"Reported, complex/unparsed",,ANOVA,ANOVA-based,Tukey / t-test,2,Multiple-comparison procedure / Pairwise test
original article,42,https://doi.org/10.1094/phyto-06-12-0129-r,Phytopathology,2013,"L. K. Otto-Hanson, Z. Grabau, C. Rosen, C. E. Salomon, L. L. Kinkel",Potato,Potato,1,Bacteria,1,Streptomyces scabies,1,Greenhouse,1,Yes,Severity / Lesion size,Continuous / Discrete,"Percent tuber area covered by lesions; number of type 3, 4, and 5 lesions (3 = periderm broken, 4 = pit, and 5 = deep pit)",0,"100 (for percent cover), N/A (for lesion count)",Potato scab severity evaluated on tubers harvested from greenhouse pots as percentage of surface area covered by scab lesions and count of severe lesion types,,No,Tuber,10 replicates (pots) per treatment,At harvest (16 weeks after planting),Arcsin square-root,Anova,Fisher LSD,10,,,Parsed replicate count,,ANOVA,ANOVA-based,Fisher's LSD,1,Multiple-comparison procedure
original article,43,https://doi.org/10.1094/phyto-08-12-0183-r,Phytopathology,2013,"Mathews L. Paret, Gary E. Vallad, Devron R. Averett, Jeffrey B. Jones, Stephen M. Olson",Tomato,Tomato,1,Bacteria,1,Xanthomonas perforans,1,Greenhouse / Field,2,Yes,Severity / AUDPC,Continuous,Disease severity rated by estimating the percentage of tomato canopy affected; Disease incidence rated monthly using the Horsfall-Barratt scale and converted to mid-percentages to calculate AUDPC,0,"100 (for severity), N/A (for AUDPC)",Tomato bacterial spot disease severity (%) in greenhouse trials and area under the disease progress curve (AUDPC) in field trials,Horsfall-Barratt (for field disease rating),No,Plant,8 plants per treatment (greenhouse),"2 weeks after inoculation (greenhouse), monthly intervals (field)",,Anova,Fisher LSD / Student-Newman-Keuls test,,,8,"Reported, complex/unparsed",,ANOVA,ANOVA-based,Fisher's LSD / Student‚ÄìNewman‚ÄìKeuls,2,Multiple-comparison procedure
original article,47,https://doi.org/10.1094/phyto-07-12-0153-r,Phytopathology,2013,"Supaporn Kaewnum, Desen Zheng, Cheryl L. Reid, Kameka L. Johnson, Jodi C. Gee, Thomas J. Burr",Grapevine,Grapevine,1,Bacteria,1,Agrobacterium vitis,1,Greenhouse,1,Yes,Gall diameter,Continuous,Gall diameter measured in mm at the largest point of vertical and horizontal side of the inoculation site,0,,Mean gall diameter of crown gall tumors measured 2 months after wounding and inoculation,,No,Plant,8 plants per treatment,2 months postinoculation,,Anova,Duncan's MRT,,,8,"Reported, complex/unparsed",,ANOVA,ANOVA-based,Duncan,1,Multiple-comparison procedure
original article,71,https://doi.org/10.1094/phyto-07-16-0257-r,Phytopathology,2017,"Ahmad Kamil Mohd Jaaffar, James A. Parejko, Timothy C. Paulitz, David M. Weller, Linda S. Thomashow",Wheat,Wheat,1,Fungi,1,Rhizoctonia solani,1,Greenhouse,1,Yes,Severity,Ordinal,root disease severity was rated on a scale of 0 to 8,0,8,Root disease severity on a 0 to 8 scale considering both root and foliage health,Huang et al.,Yes,Plant,five separate tubes; treatments were replicated three times,,,Anova,,,,,"Reported, complex/unparsed",,ANOVA,ANOVA-based,Not reported,0,Not reported
original article,85,https://doi.org/10.1094/phyto-03-17-0091-r,Phytopathology,2017,"Mudassir Iqbal, Mukesh Dubey, Kerstin McEwan, Uwe Menzel, Mikael Andersson Franko, Maria Viketoft, Dan Funck Jensen, Magnus Karlsson",Wheat,Wheat,1,Nematode,1,Plant-parasitic nematodes,1,Greenhouse,1,No,Count,Continuous,numbers of plant-parasitic nematodes,0,,Number of plant-parasitic nematodes in soil and roots,,No,Pot,Eight pots per treatment,,,Regression,Tukey's HSD,,,,"Reported, complex/unparsed",,Regression,Regression,Tukey,1,Multiple-comparison procedure
original article,88,https://doi.org/10.1094/phyto-07-17-0242-r,Phytopathology,2017,"Patrik Inderbitzin, Judson Ward, Alexandra Barbella, Natalie Solares, Dmitriy Izyumin, Prabir Burman, Dan O. Chellemi, Krishna V. Subbarao",Eggplant,Eggplant,1,Fungi,1,Verticillium dahliae,1,Greenhouse,1,No,Severity,Ordinal,"rated on a scale of 0 to 5, in which 0 = no vascular discoloration... 5 = 100% discoloration but with severely stunted or dead plants.",0,5,Verticillium wilt disease severity based on tap root vascular discoloration and foliar symptoms,,Yes,Pot,five replicates of each amendment-soil type combination,,,Anova,Tukey's all-pair comparisons with a Bonferroni-Hochberg correction,5,,,Parsed replicate count,,ANOVA,ANOVA-based,Tukey / Bonferroni,2,Multiple-comparison procedure / Multiplicity adjustment
original article,97,https://doi.org/10.1094/phyto-07-18-0245-fi,Phytopathology,2018,"Clelia Baccari, Elena Antonova, Steven Lindow",Grape,Grapevine,1,Bacteria,1,Xylella fastidiosa,1,Greenhouse,1,Yes,Severity,Continuous,number of leaves on each inoculated vine exhibiting leaf scorching symptoms,0,,Disease severity based on the number of leaves exhibiting leaf scorching symptoms,Newman et al.,No,Plant,,weekly up to 16 weeks,,Anova,,,,,Not reported,,ANOVA,ANOVA-based,Not reported,0,Not reported
original article,102,https://doi.org/10.1094/phyto-02-18-0033-r,Phytopathology,2018,"Enrico Battiston, Livio Antonielli, Stefano Di Marco, Florence Fontaine, Laura Mugnai",Grapevine,Grapevine,1,Oomycete,1,Plasmopara viticola,1,Greenhouse,1,Yes,Severity,Continuous,disease severity (percentage of leaf area covered by sporulating lesions),0,100,Disease severity estimating the percentage of leaf area covered by sporulating lesions,EPPO (2004),No,Leaf,two biological replicates,,,Anova,Tukey's HSD,2,,,Parsed replicate count,,ANOVA,ANOVA-based,Tukey,1,Multiple-comparison procedure
original article,121,https://doi.org/10.1094/phyto-04-18-0118-r,Phytopathology,2018,"Venance Colman Massawe, Alvina Hanif, Ayaz Farzand, David Kibe Mburu, Sylvans Ochieng Ochola, Liming Wu, Hafiz Abdul Samad Tahir, Qin Gu, Huijun Wu, Xuewen Gao",Plant,Plant,1,Fungi,1,Sclerotinia sclerotiorum,1,Laboratory,1,Yes,Lesion size,Continuous,,0,,Lesion size on host-plant leaves,,No,Leaf,three replicates,,,,,3,,,Parsed replicate count,,Not reported,Not reported,Not reported,0,Not reported
original article,122,https://doi.org/10.1094/phyto-09-17-0306-r,Phytopathology,2018,"Xuefei Wang, Dean A. Glawe, Elizabeth Kramer, David Weller, Patricia A. Okubara",Grape,Grapevine,1,Fungi,1,Botrytis cinerea,1,Laboratory,1,Yes,Severity,Ordinal,disease severity rating on a scale of 0 (healthy) to 7 (grape skin thin and wrinkled;berry shrunken to one-half the size of healthy),0,7,Botrytis disease severity rating on isolated berries on a 0-7 scale,Archbold et al.,Yes,Fruit,,10 days postinoculation,,Kruskal-Wallis,Dunn's test / Tukey / Fisher's LSD,,,,Not reported,,Kruskal‚ÄìWallis,Nonparametric,Tukey / Fisher's LSD / Dunn,3,Multiple-comparison procedure / Nonparametric comparison
original article,135,https://doi.org/10.1094/phyto-02-19-0045-r,Phytopathology,2019,"Likun Wang, Mark Mazzola",Apple,Apple,1,Oomycete,1,Pythium spp.,1,Field,1,No,Incidence,Continuous,incidence of Pythium spp.,0,100,Incidence of Pythium spp. root infection,,No,Root,six replicates for each soil treatment,at the end of the initial growing season,,Anova,,6,,,Parsed replicate count,,ANOVA,ANOVA-based,Not reported,0,Not reported
original article,142,https://doi.org/10.1094/phyto-12-18-0487-r,Phytopathology,2019,"Mout De Vrieze, Ramona Gloor, Josep Massana Codina, Stefano Torriani, Katia Gindro, Floriane L?Haridon, Aurelien Bailly, Laure Weisskopf",Potato,Potato,1,Oomycete,1,Phytophthora infestans,1,Laboratory,1,Yes,Severity,Continuous,estimate of the surface covered with mycelium,0,,Estimate of the leaf disc surface covered with mycelium,,No,Leaf,four technical replicates,,,,,,,,"Reported, complex/unparsed",,Not reported,Not reported,Not reported,0,Not reported
original article,143,https://doi.org/10.1094/phyto-02-19-0042-r,Phytopathology,2019,"Mudassir Iqbal, Mukesh Dubey, Anders Broberg, Maria Viketoft, Dan Funck Jensen, Magnus Karlsson",Wheat,Wheat,1,Fungi,1,Fusarium graminearum,1,Greenhouse,1,Yes,Severity,Ordinal,disease symptoms were scored based on a scale of 0 to 4,0,4,Disease symptoms on wheat seedlings scored on a 0 to 4 scale,Dubey et al.,Yes,Plant,five biological replicates,3 weeks postinoculation,,,Tukey-Kramer,5,,,Parsed replicate count,,Not reported,Not reported,Tukey,1,Multiple-comparison procedure
original article,147,https://doi.org/10.1094/phyto-04-18-0123-r,Phytopathology,2019,"Sabrina Sarrocco, Fabio Valenti, Sara Manfredini, Pilar Esteban, Rodolfo Bernardi, Grazia Puntoni, Riccardo Baroncelli, Miriam Haidukowski, Antonio Moretti, Giovanni Vannacci",Wheat,Wheat,1,Fungi,1,Fusarium graminearum,1,Laboratory,1,Yes,Severity,Continuous,fungal growth and mycotoxin production,0,,Fungal growth on kernels,,No,Seed,three biological replicates,,,Anova,Tukey's HSD,3,,,Parsed replicate count,,ANOVA,ANOVA-based,Tukey,1,Multiple-comparison procedure
original article,155,https://doi.org/10.1094/phyto-05-20-0156-r,Phytopathology,2020,"Andrew C. Wylie, Zamir K. Punja",Radish,Radish,1,Fungi,1,Rhizoctonia solani,1,Greenhouse,1,Yes,Severity,Ordinal,disease severity on the following scale: 1 = healthy plant... 4 = plant dead ... used to calculate AUDPC,1,4,"Disease severity on a 1-4 scale, used to calculate Area Under the Disease Progress Curve (AUDPC)",,Yes,Plant,,"days 8, 13, 16, and 21",,Anova,Fisher LSD / Tukey,,,,Not reported,,ANOVA,ANOVA-based,Tukey / Fisher's LSD,2,Multiple-comparison procedure
original article,164,https://doi.org/10.1094/phyto-09-19-0367-r,Phytopathology,2020,"Jibin Zhang, Dmitri V. Mavrodi, Mingming Yang, Linda S. Thomashow, Olga V. Mavrodi, Jason Kelton, David M. Weller",Wheat,Wheat,1,Fungi,1,Rhizoctonia solani,1,Greenhouse,1,Yes,Severity,Ordinal,"scoring disease severity on a scale of 0 to 8, where 0 = no disease detected and 8 = plant dead or nearly so",0,8,Severity of root disease rated on a 0 to 8 scale,,Yes,Plant,nine replicates,three weeks,,,,9,,,Parsed replicate count,,Not reported,Not reported,Not reported,0,Not reported
original article,177,https://doi.org/10.1094/phyto-09-20-0436-r,Phytopathology,2020,"Xiaoyong Yuan, Cixiang Chen, Renato Beozzo Bassanezi, Feng Wu, Zheng Feng, Damin Shi, Jinyun Li, Yimin Du, Ling Zhong, Balian Zhong, Zhanjun Lu, Xiang Song, Yan Hu, Zhigang Ouyang, Xinjun Liu, Jinzhao Xie, Xi Rao, Xi Wang, Dapeng Oliver Wu, Zhengfei Guan, Nian Wang",Citrus,Citrus,1,Bacteria,1,Candidatus Liberibacter asiaticus,1,Field,1,No,Incidence,Continuous,incidence of HLB was assessed for every tree in all citrus groves by visual observation,0,100,Percentage of HLB incidence based on visual observation,,No,Tree,"approximately 24,200 trees were observed in each survey",each October to December between 2013 and 2019,,Regression,,,,,"Reported, complex/unparsed",,Regression,Regression,Not reported,0,Not reported
original article,179,https://doi.org/10.1094/phyto-06-20-0229-r,Phytopathology,2020,"You Li, Haiying Yu, Joao P. M. Araujo, Xinfeng Zhang, Yingchao Ji, Jiri Hulcr",Pine,Pine,1,Nematode,1,Bursaphelenchus xylophilus,1,Field,1,Yes,Severity,Continuous,delays wilt and postpones death,,,Evaluation of wilt and plant death,,No,Tree,five replicates were used,,,,,5,,,Parsed replicate count,,Not reported,Not reported,Not reported,0,Not reported
original article,199,https://doi.org/10.1094/phyto-05-21-0205-r,Phytopathology,2021,"Mudassir Iqbal, Matilda Jutzeler, Soraya C. Franca, Felix Wackers, Erik Andreasson & Johan A. Stenberg",Fragaria x ananassa,Strawberry,1,Fungi,1,Botrytis cinerea,1,Laboratory,1,Yes,Severity,Ordinal,0-4 scale,0,4,"Density of mycelial growth: 0=no growth, 1=margin, 2=slight, 3=moderate, 4=dense",Adikaram et al.,No,Fruit,15 biological replicates,up to 4 weeks,,Kruskal-Wallis,Fisher LSD or Tukey-Kramer,15,,,Parsed replicate count,,Kruskal‚ÄìWallis,Nonparametric,Tukey / Fisher's LSD,2,Multiple-comparison procedure
original article,238,https://doi.org/10.1094/phyto-04-21-0178-r,Phytopathology,2022,"Shuen-Huang Tsai, Yu-Ting Chen, Yu-Liang Yang, Bo-Yi Lee, Chien-Jui Huang & Chao-Ying Chen",Fragaria x ananassa,Strawberry,1,Fungi,1,Botrytis cinerea,1,Field,1,Yes,Incidence,Continuous,,0,100,Fruit rot incidence,Tsai et al.,No,Plant,,after 8 applications,,Anova / Kruskal-Wallis,,,,,Not reported,,ANOVA / Kruskal‚ÄìWallis,Parametric / Nonparametric,Not reported,0,Not reported
original article,241,https://doi.org/10.1094/phyto-11-21-0464-r,Phytopathology,2022,"Tianyan Yun, Tao Jing, Dengbo Zhou, Miaoyi Zhang, Yankun Zhao, Kai Li, Xiaoping Zang, Lu Zhang, Jianghui Xie & Wei Wang",Musa spp.,Banana,1,Fungi,1,Fusarium oxysporum f. sp. cubense,1,Greenhouse,1,Yes,Index,Continuous,,0,100,Disease index calculated based on severity grades,Chen et al.,No,Plant,3 replicates,30 days,,Anova,Tukey's HSD,3,,,Parsed replicate count,,ANOVA,ANOVA-based,Tukey,1,Multiple-comparison procedure
original article,289,https://doi.org/10.1094/phyto-06-24-0189-r,Phytopathology,2024,"Justin L. Eagan, Evan R. Digman, Martijn den Boon, Roberto Regalado, Mira S. A. Rawa, Linda C. Horianopoulos, Chris Todd Hittinger, Christina M. Hull, Nancy P. Keller",Malus domestica,Apple,1,Fungi,1,Penicillium expansum,1,Laboratory,1,Yes,Lesion size,Continuous,Area,,,Mycelial area measurements / Lesion diameter,,No,Wound,3 replicates,7 days,,Anova,Tukey / Dunnett's,3,,,Parsed replicate count,,ANOVA,ANOVA-based,Tukey / Dunnett / Dunn,3,Multiple-comparison procedure / Nonparametric comparison
original article,301,https://doi.org/10.1094/phyto-11-23-0431-r,Phytopathology,2024,"Soumya Mukherjee, Gayathri Beligala, Chenchen Feng and Shin-Yi Marzano",Soybean,Soybean,1,Fungi,1,Sclerotinia sclerotiorum,1,Laboratory,1,Yes,Lesion size,Continuous,Lesion area (cm¬≤),,,Lesion size after spray application of dsRNA targeting SsAgo2 gene at 800 ng/0.2 cm¬≤ on detached leaves inoculated with S. sclerotiorum,,No,Leaf,,,,Anova,Tukey's HSD,,,,Not reported,,ANOVA,ANOVA-based,Tukey,1,Multiple-comparison procedure
original article,302,https://doi.org/10.1094/phyto-06-23-0219-r,Phytopathology,2024,"Steven Lindow, Renee Koutsoukis, Kyle Meyer, Clelia Baccari",Vitis vinifera,Grapevine,1,Bacteria,1,Xylella fastidiosa,1,Field,1,Yes,Severity,Continuous,Percentage,0,1,Fraction of leaves on a given shoot that exhibited any symptom of PD,Lindow et al.,No,Shoot,10 replicate plants,14 weeks,,Anova,Tukey's HSD / Duncan,10,,,Parsed replicate count,,ANOVA,ANOVA-based,Tukey / Duncan,2,Multiple-comparison procedure
original article,311,https://doi.org/10.1094/phyto-04-24-0148-r,Phytopathology,2024,"Youzhou Liu, Chen Dai, Yang Zuo, Junqing Qiao, Jiahui Shen, Xiaole Yin, Yongfeng Liu",Oryza sativa,Rice,1,Fungi,1,Rhizoctonia solani / Magnaporthe oryzae,2,Greenhouse,1,Yes,Index,Ordinal,Index,,,Disease index,Qi et al.,No,Plant,3 replicates,7 days,,Anova,,3,,,Parsed replicate count,,ANOVA,ANOVA-based,Not reported,0,Not reported
original article,329,https://doi.org/10.1094/phyto-10-24-0311-r,Phytopathology,2025,"Kirtus P. Houting, Xingwang Yu, Shreena Pradhan, Beatriz T. Gouveia, James P. Kerns, Brian M. Schwartz, Aaron J. Patton, Katrien M. Devos, Susana R. Milla-Lewis",Zoysia spp.,Zoysiagrass,1,Fungi,1,Rhizoctonia solani,1,Laboratory / Greenhouse,2,Yes,Incidence / Severity / AUDPC,Continuous,Percentage / AUDPC,0,100,"Disease severity, AUDPC, and Digital image analysis percent incidence (DIAPI)",Horsfall-Barratt / Madden et al.,No,Plot / Bin,5 replicates,24 or 33 days,,GLMM,,5,,,Parsed replicate count,,GLMM,Mixed model,Not reported,0,Not reported
original article,342,https://doi.org/10.1094/phyto-06-24-0200-r,Phytopathology,2025,"Youli Ma, Peiying Li, Wenjing Xie, Fenghua Liu, Dongxue Li, Atta Ur Rehman, Delu Wang, Jing-Jiang Zhou, Yue Ma and Zhuo Chen",Tea,Tea,1,Fungi,1,Didymella segeticola,1,Greenhouse,1,Yes,Severity,Continuous,Percentage,0,100,Percentage tea leaf spot severity after curative treatment with wuyiencin (nucleotide antimicrobial of microbial origin),,No,Leaf,,,,Anova,Tukey's HSD,,,,Not reported,,ANOVA,ANOVA-based,Tukey,1,Multiple-comparison procedure
original article,346,https://doi.org/10.1094/phyto-06-25-0203-r,Phytopathology,2026,"Qi Luo, Xiaotong Feng, Delu Wang, W.M.W.W. Kandegama, Qiang Bian and Zhuo Chen",Tomato / Maize,Tomato / Maize,1,Fungi,1,Botrytis cinerea / Puccinia spp.,2,Laboratory,1,Yes,Severity,Continuous,Percentage,0,100,Percentage antifungal activity of osthole against gray mold and maize rust assessed in detached tomato leaves/fruits and potted maize plants,,No,Leaf / Fruit,15 replicates,,,Anova,Tukey's HSD,15,,,Parsed replicate count,,ANOVA,ANOVA-based,Tukey,1,Multiple-comparison procedure
original article,347,https://doi.org/10.1094/phyto-06-25-0227-r,Phytopathology,2026,"Xiansu Wang, Chengyan Xia, Dongxue Li, Fenghua Liu, Jun Zhang, Wenjing Xie, Dan Cheng, Libo Zhang and Zhuo Chen",Tomato,Tomato,1,Fungi,1,Botrytis cinerea,1,Laboratory,1,Yes,Severity,Continuous,Percentage,0,100,Percentage inhibition effect of eugenol against gray mold on detached tomato fruits and leaves at 1500 ug/ml,,No,Fruit / Leaf,15 replicates,,,Anova,Tukey's HSD,15,,,Parsed replicate count,,ANOVA,ANOVA-based,Tukey,1,Multiple-comparison procedure
original article,167,https://doi.org/10.1186/s42483-019-0044-4,Phytopathology Research,2020,"Lei Li, Zhihong Hu, Tan Dai, Panqing Liu, Chen Chen, Pengfei Liu, Jiajin Guo, Hucheng Liu, Songlin Li, Jianjun Hao, Xili Liu",Tomato,Tomato,1,Virus,1,Tomato chlorosis virus,1,Greenhouse / Field,2,Yes,Index,Continuous,sum(disease level x number of plants)/(highest level x total plants) x 100 (0-9 scale),0,100,Disease index,Li et al. 2016,Yes,Plot,150 or 200 tomato plants with 3 or 4 replications,,,Anova,Fisher LSD,4,,,Parsed replicate count,,ANOVA,ANOVA-based,Fisher's LSD,1,Multiple-comparison procedure
original article,194,https://doi.org/10.1186/s42483-020-00079-2,Phytopathology Research,2021,"Jinyun Li, Vladimir G. Kolbasov, Zhiqian Pang, Shuo Duan, Donghwan Lee, Yixiao Huang, Jin Xu, Doron Teper, Tirtha Lamichhane, Nian Wang",Sweet orange,Citrus,1,Bacteria,1,Candidatus Liberibacter asiaticus,1,Field,1,No,Severity,Ordinal,0 to 5 scale indicates the proportion of limbs expressing HLB symptoms. Overall severity rating 0 to 40 per tree. Standardized area under the disease progress stair (sAUDPS).,0,40,HLB disease severity,Gottwald et al. (2007),Yes,Tree,Six replicates (n = 6),,Log10,Repeated Measures Anova,Tukey's HSD,6,,,Parsed replicate count,,Repeated-measures ANOVA,ANOVA-based,Tukey,1,Multiple-comparison procedure
original article,211,https://doi.org/10.1186/s42483-021-00081-2,Phytopathology Research,2021,"Xiaofei Gu, Qingchao Zeng, Yu Wang, Jishun Li, Yu Zhao, Yan Li, Qi Wang",Melon,Melon,1,Bacteria,1,Acidovorax citrulli,1,Laboratory / Greenhouse,2,Yes,Incidence / Index,Ordinal,0 to 6 scale based on percentage of symptomatic area. Disease index = [?(Rating x Number of diseased leaves rated) / Total number of leaves x Highest rating] x 100,0,6,Disease index and incidence,Bahar et al. 2008,Yes,Plant,Three pots as a repetition (each pot had six seedlings),,,Anova,Tukey's HSD / Dunnet,,,6,"Reported, complex/unparsed",,ANOVA,ANOVA-based,Tukey / Dunnett / Dunn,3,Multiple-comparison procedure / Nonparametric comparison
original article,237,https://doi.org/10.1186/s42483-022-00126-0,Phytopathology Research,2022,"Shike Liu, Qiannan Wang, Na Liu, Hongli Luo, Chaozu He and Bang An",Rubber tree,Rubber tree,1,Fungi,1,Colletotrichum gloeosporioides,1,Laboratory,1,Yes,Lesion size,Continuous,Lesion diameter in millimeters,0,,Diameter of the lesion measured on inoculated rubber tree leaves,,No,Leaf,3,3 and 4 days post-inoculation,,Anova,Duncan's MRT,,,,"Reported, complex/unparsed",,ANOVA,ANOVA-based,Duncan,1,Multiple-comparison procedure
original article,256,https://doi.org/10.1186/s42483-023-00204-x,Phytopathology Research,2023,"Jiawei Wang, Yulong Peng, Shanshan Xie, Xinru Yu, Chongyu Bian, Huiping Wu, Yun Wang, and Ting Ding",Tobacco,Tobacco,1,Bacteria,1,Ralstonia solanacearum,1,Greenhouse / Field,2,Yes,Incidence,Continuous,Percentage of plants showing bacterial wilt symptoms;control efficacy = reduction relative to untreated control,0,100,Percentage of plants exhibiting bacterial wilt symptoms,,No,Plant,3 replicates,30 days post-inoculation,,Anova,Fisher LSD,3,,,Parsed replicate count,,ANOVA,ANOVA-based,Fisher's LSD,1,Multiple-comparison procedure
original article,269,https://doi.org/10.1186/s42483-023-00168-y,Phytopathology Research,2023,"Ruimin Jia, Keyu Xiao, Ligang Yu, Jing Chen, Lifang Hu, and Yang Wang",Wheat,Wheat,1,Fungi,1,Puccinia striiformis f. sp. tritici,1,Field,1,Yes,Index,Continuous,DSI (%) = disease severity x disease incidence / 100,0,100,Disease severity index for wheat stripe rust,,Yes,Plant,3 replicates,,,Anova,Duncan's MRT,3,,,Parsed replicate count,,ANOVA,ANOVA-based,Duncan,1,Multiple-comparison procedure
original article,281,https://doi.org/10.1186/s42483-024-00234-z,Phytopathology Research,2024,"Chunqing Wang, Zhimin Ma, Jinhuan Zhou, Jiaxin Li, Peng Cao, Chenhu Song, Chuxin Li, Xinliang Wang, Yu Bin, Changyong Zhou and Zhen Song",Eureka lemon (Citrus limon),Eureka lemon,1,Bacteria,1,Xanthomonas citri subsp. citri,1,Laboratory,1,Yes,Lesion size,Continuous,Lesion area of leaves inoculated with Xcc,0,,Area of the lesion on inoculated lemon leaves,,No,Leaf,,10 dpi,,Student's t-test,t-test,,,,Not reported,,t-test,t-test,t-test,1,Pairwise test
original article,282,https://doi.org/10.1186/s42483-024-00260-x,Phytopathology Research,2024,"Divya Chouhan, Poulami Dutta, Debojit Dutta, Ankita Dutta, Anoop Kumar, Palash Mandal, Chandrani Choudhuri, and Piyush Mathur",Wheat,Wheat,1,Fungi,1,Aspergillus spp.,1,Laboratory,1,Yes,Mycelial growth,Continuous,Percentage inhibition of Aspergillus mycelial growth by Ag-nanochitosan relative to untreated control,0,100,Percentage inhibition of mycelial growth by silver nanochitosan,,No,Petri dish,3 replicates,,,Anova,Duncan's MRT,3,,,Parsed replicate count,,ANOVA,ANOVA-based,Duncan,1,Multiple-comparison procedure
original article,303,https://doi.org/10.1186/s42483-024-00235-y,Phytopathology Research,2024,"Tamia M. Kushaha, Angela G. Mkindi, Ernest R. Mbega, Philip C. Stevenson and Steven R. Belmain",Common bean (Phaseolus vulgaris),Bean,1,Fungi,1,Colletotrichum boninense,1,Field,1,Yes,Severity,Continuous,Disease severity (%),0,100,Percentage of disease severity on bean plants,,No,Plant,6,At harvest,,Anova,Fisher LSD,,,,"Reported, complex/unparsed",,ANOVA,ANOVA-based,Fisher's LSD,1,Multiple-comparison procedure
original article,325,https://doi.org/10.1186/s42483-025-00346-0,Phytopathology Research,2025,"Iva Rosic, Milica Stefanovic, Dragana Mitic-Culafic, Jovana Grahovac, and Tanja Beric",Sugar beet,Sugar beet,1,Bacteria,1,Pseudomonas syringae pv. aptata,1,Greenhouse,1,Yes,Index,Continuous,DSI (%) based on visual assessment of foliar bacterial disease symptoms,0,100,Disease severity index for Pseudomonas bacterial disease on sugar beet,,Yes,Plant,,14 days post-inoculation,,Anova (two-way),Tukey's HSD,,,,Not reported,,Two-way ANOVA,ANOVA-based,Tukey,1,Multiple-comparison procedure
original article,327,https://doi.org/10.1186/s42483-025-00331-7,Phytopathology Research,2025,"Kai Yang, Hanxin Wang, Zhongjuan Zhao, Hongmei Li, Yanli Wei, Yilian Wang, Jindong Hu, Yuanzheng Wu, and Jishun Li",Wheat,Wheat,1,Fungi,1,Fusarium pseudograminearum,1,Field,1,Yes,Index,Continuous,DSI (%) = [sum (disease scale value x number of plants) / (maximum scale value x total plants)] x 100,0,100,Disease severity index for Fusarium crown rot of wheat,,Yes,Plant,3 replicates,,,Anova,Duncan's MRT,3,,,Parsed replicate count,,ANOVA,ANOVA-based,Duncan,1,Multiple-comparison procedure
original article,335,https://doi.org/10.1186/s42483-025-00343-3,Phytopathology Research,2025,"Qianyi Xiao, Yi Zhang, Liping Feng, Hongli Luo, Bang An and Qiannan Wang",Rubber tree,Rubber tree,1,Fungi,1,Colletotrichum gloeosporioides,1,Laboratory,1,Yes,Lesion size,Continuous,Lesion diameter on intact and wounded leaves,0,,Diameter of the lesion on inoculated rubber tree leaves,,No,Leaf,3,Not specified,,Anova,,,,,"Reported, complex/unparsed",,ANOVA,ANOVA-based,Not reported,0,Not reported
original article,344,https://doi.org/10.1186/s42483-025-00348-y,Phytopathology Research,2025,"Zhengzhe Guan, Luyang Song, Peimeng Sun, Mengjiao Wang, Mengyuan Zhang, Yuanyuan Zhang, Shaojian Li, Yanhong Qin, Caiyi Wen, Fei Wang, Ying Zhao",Salvia miltiorrhiza,Red sage,1,Fungi,1,Fusarium proliferatum,1,Greenhouse,1,Yes,Severity,Continuous,,,,Virulence / Disease severity,,No,Plant,,,,Anova,,,,,Not reported,,ANOVA,ANOVA-based,Not reported,0,Not reported
original article,5,https://doi.org/10.1111/j.1365-3059.2011.02559.x,Plant Pathology,2011,"J. A. Guti√©rrez-Barranquero, E. Arrebola, N. Bonilla, D. Sarmiento, F. M. Cazorla, A. de Vicente",Mango,Mango,1,Bacteria,1,Pseudomonas syringae pv. syringae,1,Field,1,No,Index / Severity,Continuous,Percentage of terminal buds showing necrotic symptoms,0,100,Number of terminal buds with necrotic symptoms based on 0-3 scale to estimate severity,,Yes,Tree,"10 trees per treatment (small-scale), 50-100 trees (semi-commercial), 1000 trees (commercial)",Evaluated monthly (October to May),,Anova,Fisher LSD,,,10,"Reported, complex/unparsed",,ANOVA,ANOVA-based,Fisher's LSD,1,Multiple-comparison procedure
original article,7,https://doi.org/10.1111/j.1365-3059.2011.02539.x,Plant Pathology,2011,"J. G. Vicente, N. D. Gunn, L. Bailey, D. A. C. Pink, E. B. Holub",Brassica oleracea,Cabbage,1,Oomycete,1,Hyaloperonospora parasitica,1,Growth chamber,1,Yes,Sporulation index,Ordinal,"0 to 6 scale (0=no sporulation, 6=heavy sporulation across entire cotyledon)",0,6,Interaction phenotype based on sporulation and host response,Leckie et al. (1996),Yes,Plant,Minimum 500 seedlings per cross,7 and 14 days after inoculation,,Chi-square test,,,,,"Reported, complex/unparsed",,Chi-square,Categorical-data test,Not reported,0,Not reported
original article,20,https://doi.org/10.1111/j.1365-3059.2011.02469.x,Plant Pathology,2011,"R. V. da Costa, L. Zambolim, L. V. Cota, D. D. da Silva, J. A. S. Rodrigues, F. D. Tardin, C. R. Casela",Sorghum,Sorghum,1,Fungi,1,Colletotrichum sublineolum,1,Greenhouse,1,Yes,Degree of resistance / susceptibility,Ordinal,"Grades 1 to 5 (1=absence of symptoms, 5=very severe infection)",1,5,Qualitative evaluation of resistance and susceptibility. Then classified as resistant (1-3) or susceptible (4-5),Casela & Ferreira (1987),Yes,Plant,"300 F2 plants, 30 F1 plants, 30 parent plants",10 days after inoculation,,Chi-square test,,,,,"Reported, complex/unparsed",,Chi-square,Categorical-data test,Not reported,0,Not reported
original article,25,https://doi.org/10.1111/j.1365-3059.2011.02522.x,Plant Pathology,2012,"A. Mart√≠n-Sanz, M. P√©rez de la Vega, C. Caminero",Pea,Pea,1,Bacteria,1,Pseudomonas syringae pv. pisi / Pseudomonas syringae pv. syringae,2,Growth chamber / Field,2,Yes,Incidence / Severity,Ordinal,"Severity scored 0-5 for stem, 0-3 for leaves. Incidence is % diseased plants",0,5,Individual evaluations of degree of resistance or susceptibility using grades,Casela & Ferreira (1987),Yes,Plant / Plot,"15 seedlings per accession in 3 replicates (growth chamber), microplot of 40 seeds (field)",10 days after inoculation (chamber),,Anova / Regression,Dunnet's,3,,40,Parsed replicate count,,ANOVA / Regression,ANOVA-based / Regression,Dunnett / Dunn,2,Multiple-comparison procedure / Nonparametric comparison
original article,29,https://doi.org/10.1111/j.1365-3059.2012.02684.x,Plant Pathology,2012,"C. Calvo-Garrido, P. A. G. Elmer, I. Vinas, J. Usall, E. Bartra, N. Teixido",Grapevine,Grapevine,1,Fungi,1,Botrytis cinerea,1,Field,1,No,Incidence / Severity,Continuous,Disease incidence was measured as the percentage of bunches with bunch rot symptoms; Disease severity was measured as the percentage of Botrytis cinerea-rotted berries per bunch,0,100,Botrytis bunch rot incidence (%) and severity (%) on organic grapevine bunches evaluated under vineyard field conditions,,No,Cluster,"50 bunches per replicate plot, with 4 replicates per treatment",At harvest,,Anova,Fisher LSD,4,,,Parsed replicate count,,ANOVA,ANOVA-based,Fisher's LSD,1,Multiple-comparison procedure
original article,31,https://doi.org/10.1111/j.1365-3059.2012.02688.x,Plant Pathology,2012,"G. H. De Zoysa, V. Washington, G. Lewis, V. Sarojini",Pear,Pear,1,Bacteria,1,Erwinia amylovora,1,Laboratory,1,Yes,Count,Discrete,"Number of pear cores showing common fire blight symptoms, characterized by necrosis and production of exudates",0,10,Number of immature pear fruit cores out of 10 showing fire blight symptoms (necrosis and exudate production) in a laboratory fruit slice assay,Beer & Rundle (1983); Vanneste et al. (1996),No,Fruit core,"10 cores per treatment, with three trials per inoculum level",Daily for 5 days after inoculation,,,,,,,"Reported, complex/unparsed",,Not reported,Not reported,Not reported,0,Not reported
original article,37,https://doi.org/10.1111/j.1365-3059.2012.02618.x,Plant Pathology,2012,"N. Motisi, S. Poggi, J. A. N. Filipe, P. Lucas, T. Dore, F. Montfort, C. A. Gilligan, D. J. Bailey",Sugar beet,Sugar beet,1,Fungi,1,Rhizoctonia solani,1,Field,1,Yes,Incidence,Continuous,Pre-emergence damping-off (Pre-DO) calculated as difference between number of sugar beets at harvest and estimated viable seeds sown; above-ground disease (wilting) incidence,0,100,Proportion of sugar beet plants with pre-emergence damping-off (Pre-DO) and exhibiting above-ground wilting symptoms under field conditions,,No,Plant,Field plots with 4 replicates per treatment,Recorded at harvest,,Anova,Parallel curve analysis / F-test,4,,,Parsed replicate count,,ANOVA,ANOVA-based,F-test / parallel curves,1,Other
original article,94,https://doi.org/10.1111/ppa.12798,Plant Pathology,2018,"A. Varo-Suarez, M.C. Raya-Ortega, C. Agusti-Brisach, C. Garcia-Ortiz-Civantos, A. Fernandez-Hernandez, A. Mulero-Aparicio and A. Trapero",Olive,Olive,1,Fungi,1,Verticillium dahliae,1,Greenhouse,1,Yes,Severity,Continuous,Percentage reduction in disease severity,0,100,Percentage disease severity reduction relative to untreated control,,No,Plant,,,,Anova,Tukey's HSD,,,,Not reported,,ANOVA,ANOVA-based,Tukey,1,Multiple-comparison procedure
original article,98,https://doi.org/10.1111/ppa.12863,Plant Pathology,2018,"D.L. Funnell-Harris, P.M. O'Neill and S.E. Sattler",Sorghum,Sorghum,1,Fungi,1,Fusarium thapsinum,1,Field,1,Yes,Lesion size,Continuous,Mean lesion length (cm),,,Mean stalk lesion length measured after inoculation with Fusarium thapsinum,,No,Plant,,3 weeks,,GLMM,,,,,Not reported,,GLMM,Mixed model,Not reported,0,Not reported
original article,104,https://doi.org/10.1111/ppa.12747,Plant Pathology,2018,"G. Fatouros, D. Gkizi, G.A. Fragkogeorgi, E.J. Paplomatas and S.E. Tjamos",Lettuce,Lettuce,1,Fungi / Oomycete,2,Pythium ultimum / Rhizoctonia solani / Sclerotinia sclerotiorum,3,Greenhouse,1,Yes,Incidence,Continuous,Percentage,0,100,Percentage of diseased plants showing foliar symptoms,,No,Plant,3 replicates,,,Anova,,3,,,Parsed replicate count,,ANOVA,ANOVA-based,Not reported,0,Not reported
original article,129,https://doi.org/10.1111/ppa.12987,Plant Pathology,2019,"G. Scott, A. Almasrahi, F. Malekpoor Mansoorkhani, M. Rupar, M. Dickinson and G. Shama",Tomato,Tomato,1,Fungi,1,Botrytis cinerea / Fusarium oxysporum f. sp. lycopersici,2,Greenhouse,1,Yes,Index,Continuous,Percentage,0,100,Disease severity scores for Botrytis (AUDPC from lesion length) and Fusarium (0-4 scale),,Yes,Plant,,6 weeks,,Anova,Tukey's HSD,,,,Not reported,,ANOVA,ANOVA-based,Tukey,1,Multiple-comparison procedure
original article,131,https://doi.org/10.1111/ppa.12956,Plant Pathology,2019,"I. Hadizadeh, B. Peivastegan, A. Hannukkala, J.M. van der Wolf, R. Nissinen and M. Pirhonen",Potato,Potato,1,Bacteria,1,Dickeya solani,1,Field,1,Yes,Incidence,Continuous,Percentage,0,100,Percentage of plants with blackleg symptoms in field and latent infection in tuber progeny,,No,Plant,3 replicates,Growing season,,Anova,Tukey's HSD,3,,,Parsed replicate count,,ANOVA,ANOVA-based,Tukey,1,Multiple-comparison procedure
original article,132,https://doi.org/10.1111/ppa.12990,Plant Pathology,2019,"I. Opatovsky, M. Elbaz, I. Dori, L. Avraham, S. Mordechai-Lebiush, A. Dombrovsky and L. Tsror",Lettuce,Lettuce,1,Fungi / Virus,2,Olpidium virulentus / Mirafiori lettuce big-vein virus,2,Greenhouse / Field,2,No,Index,Continuous,Percentage,0,100,Disease symptom severity index for lettuce big-vein disease,,Yes,Plant,4 replicates,2 weeks,,Anova (two-way),,4,,,Parsed replicate count,,Two-way ANOVA,ANOVA-based,Not reported,0,Not reported
original article,166,https://doi.org/10.1111/ppa.13193,Plant Pathology,2020,"Leah Tsror, Sara Lebiush, Marina Hazanovsky and Orly Erlich",Potato,Potato,1,Protozoa,1,Spongospora subterranea f. sp. subterranea,1,Field,1,No,Severity,Continuous,Percentage,0,100,Percentage powdery scab severity on tubers and percentage root galling in naturally infested soil,,No,Tuber,4 replicates,At harvest,,Anova,Tukey's HSD,4,,,Parsed replicate count,,ANOVA,ANOVA-based,Tukey,1,Multiple-comparison procedure
original article,173,https://doi.org/10.1111/ppa.13247,Plant Pathology,2020,"S. Ben M√¢‚Ç¨‚Ñ¢Barek, P. Karisto, W. Abdedayem, M. Laribi, M. Fakhfakh, H. Kouki, A. Mikaberidze, A. Yahyaoui",Durum wheat,Durum wheat,1,Fungi,1,Zymoseptoria tritici,1,Field,1,Yes,Severity,Continuous,Percentage of leaf area covered by lesions (PLACL),0,100,Conditional severity of STB,Stewart and McDonald (2014),No,Leaf,"3 or 4 replicates (plots), 24 leaves per plot",,,Kruskal-Wallis,Dunn's test,4,,24,Parsed replicate count,,Kruskal‚ÄìWallis,Nonparametric,Dunn,1,Nonparametric comparison
original article,193,https://doi.org/10.1111/ppa.13402,Plant Pathology,2021,"Hiago Antonio O. da Silva, William D. Teixeira, √Ålefe V. Borges, Amarildo L. Silva Junior, Kaique S. Alves, Orlando M. Rodrigues Junior and Lucas M. de Abreu",Potato,Potato,1,Fungi,1,Alternaria grandis,1,Greenhouse,1,Yes,Severity,Continuous,Percentage,0,100,"Percentage early blight severity on leaves of pot-grown potatoes, assessed as control efficacy 88.7-92.9%",,No,Leaf,,Multiple assessments,,Anova,Tukey's HSD,,,,Not reported,,ANOVA,ANOVA-based,Tukey,1,Multiple-comparison procedure
original article,236,https://doi.org/10.1111/ppa.13475,Plant Pathology,2022,"Satoshi Taba, Nao Miyahira, Mioto Nakazato, Misaki Suzuki, Ryuichi Suwa and Ken-Taro Sekine",Pitaya,Pitaya,1,Fungi,1,Gilbertella persicaria,1,Laboratory,1,Yes,Incidence,Continuous,Percentage,0,100,Percentage of inoculated stem nodules with stem rot symptoms after prophylactic or simultaneous treatment with Bacillus subtilis strains,,No,Stem nodule,,,,Anova,Tukey's HSD,,,,Not reported,,ANOVA,ANOVA-based,Tukey,1,Multiple-comparison procedure
original article,259,https://doi.org/10.1111/ppa.13669,Plant Pathology,2023,"Leandro J. Dallagnol, Tatiane S. de Oliveira, Francine Z. Simmi, Raphael S. Farias, Lazaro E.P. Peres, S√©rgio F. Pascholati and Luis E.A. Camargo",Tomato,Tomato,1,Oomycete,1,Phytophthora infestans,1,Greenhouse,1,Yes,Severity,Continuous,Percentage,0,100,Percentage late blight severity on tomato plants treated with potassium phosphite by foliar spray or irrigation,,No,Plant,,,,Anova,Tukey's HSD,,,,Not reported,,ANOVA,ANOVA-based,Tukey,1,Multiple-comparison procedure
original article,262,https://doi.org/10.1111/ppa.13642,Plant Pathology,2023,"Mohammed Y. Khdiar, Treena I. Burgess, Paul A. Barber and Giles E. St.J. Hardy",Eucalyptus / Banksia,Eucalyptus / Banksia,1,Oomycete,1,Phytophthora cinnamomi,1,Greenhouse,1,Yes,Lesion size,Continuous,Root lesion length (mm),,,"Root lesion development measured after treatment with phosphite, calcium chelate or combined, prior to inoculation with P. cinnamomi",,No,Root,,,,Anova,Tukey's HSD,,,,Not reported,,ANOVA,ANOVA-based,Tukey,1,Multiple-comparison procedure
original article,265,https://doi.org/10.1111/ppa.13648,Plant Pathology,2023,"Paulo Cesar Pazdiora, Rosane Lopes Crizel, Keilor da Rosa Dorneles, Sabrina Monks da Silva, Thomas Natali Morello, Fabio Clasen Chaves and Leandro Jos√© Dallagnol",Wheat,Wheat,1,Fungi,1,Fusarium graminearum,1,Field,1,Yes,Severity,Continuous,Percentage,0,100,Percentage Fusarium head blight severity and percentage of damaged kernels in field trials with silicon and fungicide treatments,,No,Plant,,At harvest,,Anova,Tukey's HSD,,,,Not reported,,ANOVA,ANOVA-based,Tukey,1,Multiple-comparison procedure
original article,297,https://doi.org/10.1111/ppa.13967,Plant Pathology,2024,"Nicole Pereira, Kathryn R. Hales, Andrew Mead, Lauren H. K. Chappell, Guy C. Barker, John P. Clarkson",Daucus carota,Carrot,1,Oomycete,1,Pythium violae,1,Greenhouse / Field,2,Yes,Incidence / Severity,Discrete,Count,,,Total number of lesions / Presence of lesions,El-Tarabily et al.,No,Root,8 replicates,21 weeks,,Anova,Fisher LSD,8,,,Parsed replicate count,,ANOVA,ANOVA-based,Fisher's LSD,1,Multiple-comparison procedure
original article,307,https://doi.org/10.1111/ppa.13861,Plant Pathology,2024,"Vianey Gonz√°lez-Jim√©nez, Pedro A. Moscoso-Ram√≠rez, Carlos F. Ortiz-Garc√≠a, Sa√∫l S√°nchez-Soto, Francisco M. Lara-Viveros",Musa spp.,Banana,1,Fungi,1,Colletotrichum musae,1,Laboratory,1,Yes,Incidence / Severity,Ordinal,Index,,,Crown rot index,,No,Crown,,7 days,,Anova,Fisher LSD,,,,Not reported,,ANOVA,ANOVA-based,Fisher's LSD,1,Multiple-comparison procedure
original article,308,https://doi.org/10.1111/ppa.13974,Plant Pathology,2024,"Vikram Poria, Prakriti Jhilta, K. P. Adhuna, Vishal S. Somvanshi, Anuj Rana, Surender Singh",Solanum lycopersicum,Tomato,1,Nematode,1,Meloidogyne incognita,1,Greenhouse,1,Yes,Index,Ordinal,Index,,,Gall index,,No,Plant,,,,Anova,Tukey's HSD,,,,Not reported,,ANOVA,ANOVA-based,Tukey,1,Multiple-comparison procedure
original article,316,https://doi.org/10.1111/ppa.70026,Plant Pathology,2025,"Christos Tsoukas, Aliki K. Tzima, Konstantinos Bakasietas, Epaminondas J. Paplomatas",Vitis vinifera,Grapevine,1,Fungi,1,Phaeomoniella chlamydospora / Phaeoacremonium minimum,2,Field,1,Yes,Incidence / Biomass,Continuous,Percentage / Biomass,0,100,Pathogen detection frequency and biomass,,No,Cane,,,,Kruskal-Wallis,Conover-Iman,,,,Not reported,,Kruskal‚ÄìWallis,Nonparametric,Conover‚ÄìIman,1,Nonparametric comparison
original article,319,https://doi.org/10.1111/ppa.14079,Plant Pathology,2025,"Di Zhang, Xue Cui, Ying Yang, Chong Zhang, Shuqin Xiao",Solanum tuberosum,Potato,1,Fungi,1,Rhizoctonia solani,1,Greenhouse,1,Yes,Severity / Index,Ordinal,Scale (0-5),0,5,"Canker severity, sclerotia severity, and Disease index",Weinhold / Woodhall,No,Plant,3 replicates,40-50 days,,Anova,Duncan's MRT,3,,,Parsed replicate count,,ANOVA,ANOVA-based,Duncan,1,Multiple-comparison procedure
original article,337,https://doi.org/10.1111/ppa.14058,Plant Pathology,2025,"Silvio Tundo, Angela Bolzonello, Franco Meggio, Andrea Pitacco, Luca Sella, Francesco Favaron, Alejandro Solla",Punica granatum,Pomegranate,1,Fungi / Oomycete,2,Coniella granati / Phytophthora palmivora,2,Greenhouse,1,Yes,Lesion size,Continuous,,,,Lesion length,,No,Plant,10 replicates,,,Anova,Tukey / Dunn test,10,,,Parsed replicate count,,ANOVA,ANOVA-based,Tukey / Dunn,2,Multiple-comparison procedure / Nonparametric comparison
original article,339,https://doi.org/10.1111/ppa.14098,Plant Pathology,2025,"Wannaporn Thepbandit, Siriwan Nawong, Dusit Athinuwat",Brassica oleracea,Cabbage,1,Oomycete,1,Pythium aphanidermatum,1,Greenhouse,1,Yes,Incidence / Percent efficacy,Continuous,Percentage,0,100,Disease incidence and disease reduction,,No,Plant,4 replicates (3 plants per replicate),45 days,,Anova,Duncan's MRT,4,,3,Parsed replicate count,,ANOVA,ANOVA-based,Duncan,1,Multiple-comparison procedure
original article,13,https://doi.org/10.5423/PPJ.2011.27.1.059,The Plant Pathology Journal,2011,"Kwang Youll Lee, Hyun Gi Kong, Ki Hyuck Choi, Seon-Woo Lee, Byung Ju Moon","Tomato, Crisphead lettuce","Tomato, Crisphead lettuce",2,Fungi,1,Fulvia fulva / Rhizoctonia solani,2,Growth chamber / Greenhouse,2,Yes,Severity / Percent efficacy,Continuous,Percentage of leaf area diseased (0-5 scale mapped to percentages 0 to 100%),0,100,Disease severity of leaf mold based on 0-7 scale (mapped to %),,Yes,Pot / Plant,Triplicated,5 days (tomato leaf mold) or 2 weeks (damping-off) after inoculation,,,Duncan's MRT,,,,"Reported, complex/unparsed",,Not reported,Not reported,Duncan,1,Multiple-comparison procedure
original article,38,https://doi.org/10.5423/PPJ.OA.10.2011.0200,The Plant Pathology Journal,2012,"Young Hee Lee, Chang Won Choi, Seong Hwan Kim, Jae Gill Yun, Seog Won Chang, Young Shik Kim, Jeum Kyu Hong",Tomato,Tomato,1,Bacteria,1,Ralstonia solanacearum,1,Laboratory / Greenhouse,2,Yes,Severity / AUDPC,Continuous,Wilting disease rating based on Roberts et al. (1988): 0 (healthy) to 4 (>75% leaf area wilted); and Area Under the Disease Progress Curve (AUDPC),0,100,Tomato bacterial wilt severity rating (0-4) and area under the disease progress curve (AUDPC) evaluated on plants in greenhouse pots or detached leaves,Roberts et al. (1988),Yes,Pot / Plant,4 independent experiments,Daily for 10 days,,Anova,Duncan's MRT,,,,"Reported, complex/unparsed",,ANOVA,ANOVA-based,Duncan,1,Multiple-comparison procedure
original article,51,https://doi.org/10.5423/ppj.oa.05.2015.0091,The Plant Pathology Journal,2016,Amini et al.,Pepper,Pepper,1,Oomycete,1,Phytophthora capsici,1,Greenhouse,1,Yes,Severity,Ordinal,0-5 scale,0,5,,,No,Plant,5 replicates,28 days,,Anova,Duncan's MRT,5,,,Parsed replicate count,,ANOVA,ANOVA-based,Duncan,1,Multiple-comparison procedure
original article,55,https://doi.org/10.5423/ppj.oa.03.2016.0076,The Plant Pathology Journal,2016,Hong et al.,Tomato,Tomato,1,Fungi,1,Botrytis cinerea,1,Growth chamber,1,Yes,Lesion size,Continuous,Diameter,,,Diameters of brown necrotic lesions,,No,Leaf,4 replicates,4 days,,Anova,Fisher LSD,4,,,Parsed replicate count,,ANOVA,ANOVA-based,Fisher's LSD,1,Multiple-comparison procedure
original article,58,https://doi.org/10.5423/ppj.oa.09.2015.0201,The Plant Pathology Journal,2016,Mahmoud,Wheat,Wheat,1,Fungi,1,Fusarium graminearum,1,Greenhouse,1,Yes,Severity,Continuous,Percentage of diseased spikelets,0,100,Percentage of diseased spikelets,,No,Spike,,14 and 28 days,,Anova,Fisher LSD,,,,Not reported,,ANOVA,ANOVA-based,Fisher's LSD,1,Multiple-comparison procedure
original article,83,https://doi.org/10.5423/ppj.oa.09.2016.0187,The Plant Pathology Journal,2017,"Mahesh Adhikari, Dil Raj Yadav, Sang Woo Kim, Young Hyun Um, Hyun Seung Kim, Seong Chan Lee, Jeong Young Song, Hong Gi Kim and Youn Su Lee",Watermelon,Watermelon,1,Bacteria,1,Acidovorax citrulli,1,Greenhouse,1,Yes,Severity,Continuous,Percentage,0,100,Disease severity of bacterial fruit blotch on watermelon,,No,Plant,,,,Anova,Duncan's MRT,,,,Not reported,,ANOVA,ANOVA-based,Duncan,1,Multiple-comparison procedure
original article,91,https://doi.org/10.5423/ppj.ft.04.2017.0087,The Plant Pathology Journal,2017,"Teak Soo Shin, Nan Hee Yu, Jaeho Lee, Gyung Ja Choi, Jin-Cheol Kim and Chul Soo Shin",Tomato / Ginseng,Tomato / Ginseng,1,Fungi,1,Botrytis cinerea,1,Field,1,Yes,Percent efficacy,Continuous,Percentage,0,100,Control efficacy (%) of gray mold disease relative to untreated control,,No,Plant,,,,Anova,,,,,Not reported,,ANOVA,ANOVA-based,Not reported,0,Not reported
original article,103,https://doi.org/10.5423/PPJ.OA.07.2017.0158,The Plant Pathology Journal,2018,Faegheh Etminani and Behrouz Harighi,Wild Pistachio,Wild Pistachio,1,Bacteria,1,Pseudomonas syringae pv. syringae / Pseudomonas tolaasii,2,Laboratory,1,Yes,Inhibition zone,Continuous,Width of the inhibition zone measured in radius (mm),0,,In vitro inhibition of pathogen growth,"Aliye et al., 2008",No,Petri dish,Four replications (repeated twice),48-72 h,,Anova,Duncan's MRT,4,,,Parsed replicate count,,ANOVA,ANOVA-based,Duncan,1,Multiple-comparison procedure
original article,105,https://doi.org/10.5423/PPJ.OA.11.2017.0225,The Plant Pathology Journal,2018,G. Vinayarani and H. S. Prakash,Turmeric,Turmeric,1,Fungi,1,Pythium aphanidermatum / Rhizoctonia solani,2,Greenhouse,1,Yes,Incidence,Continuous,Leaf blight disease intensity recorded on a 0-9 scale and expressed as percent disease index,0,100,"Percent disease index based on a 0-9 scale (IRRI, 2002)",Sriraj et al. 2014,Yes,Pot,4 replications (5 pots each),7 days after inoculation,,Anova,Tukey's HSD,4,,,Parsed replicate count,,ANOVA,ANOVA-based,Tukey,1,Multiple-comparison procedure
original article,107,https://doi.org/10.5423/PPJ.NT.12.2017.0264,The Plant Pathology Journal,2018,"Hyo Song Nam, Anne J. Anderson, and Young Cheol Kim","Tomato, melon, red pepper","Tomato, melon, red pepper",3,Fungi / Nematodes,2,Botrytis cinerea / Phytophthora infestans / Colletotrichum coccodes / Meloidogyne spp.,4,Greenhouse / Field,2,Yes,Index,Continuous,"Rated three to seven days after pathogen inoculation, based on the areas of the infected lesion",0,,Disease index,"Kim et al., 2001",Yes,Pot / Plant,Three replicates per treatment (9 plants per replicate),3 to 7 days after inoculation,,Anova,Duncan's MRT,3,,9,Parsed replicate count,,ANOVA,ANOVA-based,Duncan,1,Multiple-comparison procedure
original article,109,https://doi.org/10.5423/PPJ.FT.12.2017.0277,The Plant Pathology Journal,2018,"Jun Myoung Yu, Dongping Wang, Leland S. Pierson III, and Elizabeth A. Pierson",Wheat,Wheat,1,Fungi,1,Gaeumannomyces graminis var. tritici,1,Growth chamber,1,Yes,Severity,Ordinal,"Root disease evaluated on a scale of 0-5, where 0 = no disease and 5 = nearly dead",0,5,Root disease rating based on a 0-5 scale,"Pierson and Thomashow, 1992",No,Plant,8 plants per experiment (repeated twice),20 days,,Anova,Fisher LSD,,,,"Reported, complex/unparsed",,ANOVA,ANOVA-based,Fisher's LSD,1,Multiple-comparison procedure
original article,130,https://doi.org/10.5423/PPJ.OA.08.2019.0225,The Plant Pathology Journal,2019,"Hye Jeong Seo, Ae Ran Park, Seulbi Kim, Jehyeong Yeon, Nan Hee Yu, Sanghyun Ha, Ji Yoon Chang, Hae Woong Park, and Jin-Cheol Kim","Tomato, melon","Tomato, melon",2,Nematode,1,Meloidogyne incognita / Meloidogyne arenaria / Meloidogyne hapla,3,Greenhouse / Field,2,Yes,Index,Ordinal,"0 = 0-10%, 1 = 11-20%, 2 = 21-50%, 3 = 51-80%, 4 = 81-90%, 5 = 91-100% root galls",0,5,"0 = 0-10%, 1 = 11-20%, 2 = 21-50%, 3 = 51-80%, 4 = 81-90%, and 5 = 91-100% root galls","Barker, 1985",Yes,Plant / Plot,"2 replicates (4 plants) for tomato, 3 replicates (15 plants) for melon",6 weeks after inoculation,,Anova,Duncan's MRT,2,,4,Parsed replicate count,,ANOVA,ANOVA-based,Duncan,1,Multiple-comparison procedure
original article,138,https://doi.org/10.5423/PPJ.OA.05.2019.0129,The Plant Pathology Journal,2019,"Manzoor Ali Abro, Xiang Sun, Xingchun Li, Ghulam Hussain Jatoi, and Liang-Dong Guo",Cucumber,Cucumber,1,Fungi,1,Fusarium oxysporum f. sp. cucumerinum,1,Greenhouse,1,Yes,Severity,Ordinal,Disease severity based on a 0-4 scale where 0 = no symptoms and 4 = 76-100% of leaves with yellowing/necrosis,0,4,Fusarium wilt severity on a 0-4 scale based on infected leaf area,,Yes,Pot,Five replications (repeated two times),60 days post inoculation,,Anova,Tukey's HSD,5,,,Parsed replicate count,,ANOVA,ANOVA-based,Tukey,1,Multiple-comparison procedure
original article,140,https://doi.org/10.5423/PPJ.OA.03.2019.0060,The Plant Pathology Journal,2019,"Md. Nurul Islam, Md. Sarafat Ali, Seong-Jin Choi, Jae-Wook Hyun, and Kwang-Hyun Baek",Citrus,Citrus,1,Bacteria,1,Xanthomonas citri subsp. citri,1,Laboratory / Detached leaf,2,Yes,Lesion size,Continuous,Width/diameter of necrotic lesion measured 7 days post-infiltration,0,,Lesion size measured in millimeters on detached leaves,"Mart√≠nez-Medina et al., 2013",No,Leaf,Four independent replicates per experiment,7 days post-infiltration,,Anova,Duncan's MRT,,,,"Reported, complex/unparsed",,ANOVA,ANOVA-based,Duncan,1,Multiple-comparison procedure
original article,152,https://doi.org/10.5423/PPJ.OA.03.2019.0057,The Plant Pathology Journal,2019,"Ya-Ting Fan, Kuang-Ren Chung, and Jenn-Wen Huang",Cucumber,Cucumber,1,Oomycete,1,Pseudoperonospora cubensis,1,Detached leaf / Greenhouse,2,Yes,Severity,Ordinal,"0-9 scale, 0 = no lesions, 9 = 100% lesion areas. Disease severity (%) = [?(disease index x number of infected leaves)/(total number of leaves) x 9] x 100",0,9,Disease severity,"Jenkins 1983;Michereff et al., 2009",Yes,Leaf / Plant,Three biological replicates,7 days after inoculation,,Anova / Regression,Fisher LSD,3,,,Parsed replicate count,,ANOVA / Regression,ANOVA-based / Regression,Fisher's LSD,1,Multiple-comparison procedure
original article,158,https://doi.org/10.5423/PPJ.OA.11.2019.0283,The Plant Pathology Journal,2020,"Dayeon Kim, Sang Yeob Lee, Seong Ho Ahn, Ji Hee Han, Jin Woo Park",Gom-chwi,Gom-chwi,1,Oomycete,1,Phytophthora drechsleri,1,Greenhouse,1,Yes,Severity,Ordinal,"0-3 scale (0 = no symptoms"";""3 = entire plant diseased or dead)",0,3,Disease severity,"Irabor and Mmbaga, 2017",No,Plant,30 individual 12-week-old plants used for tests,,,Anova,Duncan's MRT,,,,"Reported, complex/unparsed",,ANOVA,ANOVA-based,Duncan,1,Multiple-comparison procedure
original article,175,https://doi.org/10.5423/PPJ.FT.08.2020.0149,The Plant Pathology Journal,2020,"Swarnalee Dutta, Sang-Mi Yu, Yong Hoon Lee",Pepper,Pepper,1,Fungi,1,Botrytis cinerea,1,Laboratory,1,Yes,Severity,Continuous,Average disease area per pepper fruit,0,100,Disease area (%),Dutta et al. (2019a),No,Fruit,3 replications (10 fruits per replication),,,Anova,Fisher LSD,3,,,Parsed replicate count,,ANOVA,ANOVA-based,Fisher's LSD,1,Multiple-comparison procedure
original article,180,https://doi.org/10.5423/PPJ.OA.01.2020.0004,The Plant Pathology Journal,2020,"Yu-Chen Lin, Kuang-Ren Chung, Jenn-Wen Huang","Radish, Cabbage","Radish, Cabbage",2,Bacteria / Fungi,2,Pectobacterium carotovorum subsp. carotovorum / Alternaria brassicicola / Xanthomonas campestris pv. campestris,3,Detached leaf / Greenhouse,2,Yes,Severity,Ordinal,"0-5 scale"";0=no lesions;""5=30.1-50%. Severity (%) = [?(disease index x number of infected leaves)/total number of leaves x 5] x 100",0,5,Disease severity,"Conn et al., 1990",Yes,Leaf / Radish slice,At least three replicates,,,Anova,Fisher LSD,3,,,Parsed replicate count,,ANOVA,ANOVA-based,Fisher's LSD,1,Multiple-comparison procedure
original article,181,https://doi.org/10.5423/PPJ.OA.02.2020.0028,The Plant Pathology Journal,2020,"Yuexia Sha, Qingchao Zeng, Shuting Sui",Rice,Rice,1,Fungi,1,Magnaporthe oryzae,1,Detached leaf / Greenhouse / Field,3,Yes,Index,Ordinal,"0-9 scale (0=healthy leaf, 9=all leaves have died). DI = ?(disease scale x number of leaf segments)/(total number of leaves x 9) x 100",0,9,Disease index,"La Torre et al., 2014",Yes,Leaf segment / Plot,"90 leaf segments"";""50 m2 plot with 4 replicates",,,Anova,Fisher LSD / Student's t-test,4,,,Parsed replicate count,,ANOVA,ANOVA-based,Fisher's LSD / t-test,2,Multiple-comparison procedure / Pairwise test
original article,187,https://doi.org/10.5423/PPJ.OA.12.2020.0227,The Plant Pathology Journal,2021,"Chia-Jung Yang, Tzu-Pi Huang, Jenn-Wen Huang",Rice,Rice,1,Fungi,1,Rhizoctonia solani,1,Laboratory / Greenhouse,2,Yes,Severity,Continuous,Disease severity (%) = [(n0 √ó 0) + (n1 √ó 1) + ... + (n9 √ó 9)]/N √ó 9 (0-9 scale),0,100,Disease severity,"International Rice Research Institute, 2013",Yes,Plant / Culm,3 replications,,,Anova,Fisher LSD / Tukey,3,,,Parsed replicate count,,ANOVA,ANOVA-based,Tukey / Fisher's LSD,2,Multiple-comparison procedure
original article,188,https://doi.org/10.5423/PPJ.OA.04.2021.0067,The Plant Pathology Journal,2021,"Chutsuda Junsopa, Weerasak Saksirirat, Suwita Saepaisan, Patcharin Songsri, Thawan Kesmala, Barbara B. Shew, Sanun Jogloy",Jerusalem artichoke,Jerusalem artichoke,1,Fungi,1,Sclerotium rolfsii,1,Field,1,Yes,Incidence / Severity,Ordinal,0-5 score. SI = [S (rating scores x number of plants receiving each score) x 100%] / (number of plants rated x highest rating),0,5,Disease incidence and severity index,"Anfok, 2000;Sennoi et al., 2013a",Yes,Plot,4 replications (36 plants per plot),,arcosin transformation,Anova,Fisher LSD / Tukey,4,,36,Parsed replicate count,,ANOVA,ANOVA-based,Tukey / Fisher's LSD,2,Multiple-comparison procedure
original article,198,https://doi.org/10.5423/PPJ.FT.09.2021.0138,The Plant Pathology Journal,2021,"Min Jeong Kim, Chang Ki Shim, Jong-Ho Park",Potato,Potato,1,Oomycete,1,Phytotphthora infestans,1,Laboratory / Greenhouse / Field,3,Yes,Incidence / Severity,Ordinal,"0-4 scale (0=no infested leaves, 4=>75.1% infested leaves area)",0,4,Disease incidence and severity,Cohen et al. (1991),Yes,Plant / Plot,"5 replicates with 10 plants per treatment (greenhouse), 4 repetitions of 16 plots (field)",,,Anova,Duncan's MRT,5,,10,Parsed replicate count,,ANOVA,ANOVA-based,Duncan,1,Multiple-comparison procedure
original article,213,https://doi.org/10.5423/PPJ.OA.02.2021.0020,The Plant Pathology Journal,2021,"Yanling Zeng, Han Liu, Tianhui Zhu, Shan Han, Shujiang Li",Phellodendron chinense,Chinese cork tree,1,Fungi,1,Nigrospora guilinensis,1,Laboratory / Greenhouse,2,Yes,Diameter of colony / Percent efficacy,Continuous,Inhibition rate (%) = [(Control colony growth radius - Treatment colony growth radius) / Control colony growth radius] x 100,0,100,Inhibition rate,,No,Petri dish / Pot,"Triplicate (in vitro), 108 seedlings (greenhouse)",,,Anova,,,,,"Reported, complex/unparsed",,ANOVA,ANOVA-based,Not reported,0,Not reported
original article,224,https://doi.org/10.5423/ppj.oa.12.2021.0187,The Plant Pathology Journal,2022,Hyong Woo Choi and S. M. Ahsan,Potato (Solanum tuberosum L.),Potato,1,Fungi,1,Fusarium oxysporum f. sp. lycopersici,1,Greenhouse,1,Yes,Severity,Continuous,Percent disease severity calculated from area of the macerated region using ImageJ,0,100,Percentage of macerated area on inoculated potato tubers,,No,Plant,3 replicates,2 weeks after inoculation,,Anova,,3,,,Parsed replicate count,,ANOVA,ANOVA-based,Not reported,0,Not reported
original article,227,https://doi.org/10.5423/ppj.oa.02.2022.0022,The Plant Pathology Journal,2022,"Kalaiselvi Duraisamy, Areum Ha, Jongmun Kim, Ae Ran Park, Bora Kim, Chan Woo Song, Hyohak Song, and Jin-Cheol Kim","Turfgrass (creeping bentgrass, Kentucky bluegrass, zoysiagrass)","Turfgrass (creeping bentgrass, Kentucky bluegrass, zoysiagrass)",3,Fungi,1,Clarireedia sp. / Rhizoctonia solani / Magnaporthe poae,3,Growth chamber / Field,2,Yes,Severity,Continuous,Percentage of yellowing of turfgrass leaves;control value calculated from mean of six estimates,0,100,Percentage of leaf area affected by fungal disease (yellowing),,No,Plot,4 replicates (4 m2 plots) in field;3 replicates in growth room,7 days post-inoculation (growth room);21 days post-inoculation (field),,Anova,,4,,,Parsed replicate count,,ANOVA,ANOVA-based,Not reported,0,Not reported
original article,239,https://doi.org/10.5423/ppj.oa.04.2022.0057,The Plant Pathology Journal,2022,"Sung-Hee Lee, Hyunman Shin, Hyok-In Lee, and Seonghee Lee",Apple,Apple,1,Fungi,1,Helicobasidium mompa,1,Field,1,No,Incidence,Continuous,Crown density recovery (%) assessed visually;number of commercial fruit set per tree,0,100,Crown density recovery and fruit set following NaOCl treatment,,No,Tree,,2019-2021 (multi-year),,Anova (two-way),Duncan's MRT,,,,Not reported,,Two-way ANOVA,ANOVA-based,Duncan,1,Multiple-comparison procedure
original article,242,https://doi.org/10.5423/ppj.oa.01.2022.0014,The Plant Pathology Journal,2022,"Ying Shing Ooi, Nik M. I. Mohamed Nor, Go Furusawa, Munirah Tharek, and Amir H. Ghazali",Rice,Rice,1,Bacteria,1,Xanthomonas oryzae pv. oryzae,1,Greenhouse,1,Yes,Severity,Continuous,Diseased leaf area (%) and disease scale based on International Rice Research Institute (0-9 scale),0,100,Disease severity rated on a 0-9 scale based on percentage of leaf area affected by lesions,"International Rice Research Institute, 2002;Yasmin et al., 2017",No,Leaf,6 replicates,30 days after treatment,,GLMM,Tukey's HSD,6,,,Parsed replicate count,,GLMM,Mixed model,Tukey,1,Multiple-comparison procedure
original article,257,https://doi.org/10.5423/ppj.oa.08.2023.0118,The Plant Pathology Journal,2023,"Jong-Hwan Shin, Ha-Kyoung Lee, Seong-Chan Lee, and You-Kyoung Han",Onion,Onion,1,Fungi,1,Fusarium oxysporum,1,Growth chamber,1,Yes,Severity,Continuous,Percentage of root tissue or bulb scale showing basal rot symptoms (discolouration/decay),0,100,Percentage of onion basal tissue showing Fusarium rot symptoms,Djenane et al. (2017),No,Plant,5 replicates,4 days after inoculation,,Anova,Duncan's MRT,5,,,Parsed replicate count,,ANOVA,ANOVA-based,Duncan,1,Multiple-comparison procedure
original article,266,https://doi.org/10.5423/ppj.oa.08.2022.0124,The Plant Pathology Journal,2023,"Praphat Kawicha, Jariya Nitayaros, Prakob Saman, Sirikanya Thaporn, Thanwanit Thanyasiriwat, Khanitta Somtrakoon, Kusavadee Sangdee, and Aphidech Sangdee","Tomato, Banana","Tomato, Banana",2,Fungi,1,Fusarium oxysporum f. sp. lycopersici / Fusarium oxysporum f. sp. cubense,2,Greenhouse,1,Yes,Index,Continuous,DSI (%) = [sum (scale value x number of plants) / (maximum scale value x total plants)] x 100,0,100,Disease severity index for Fusarium wilt of tomato and banana,,Yes,Plant,3 replicates,4 weeks after inoculation,,GLMM,Tukey's HSD,3,,,Parsed replicate count,,GLMM,Mixed model,Tukey,1,Multiple-comparison procedure
original article,268,https://doi.org/10.5423/ppj.oa.01.2023.0018,The Plant Pathology Journal,2023,"Rattana Pengproh, Thanwanit Thanyasiriwat, Kusavadee Sangdee, Juthaporn Saengprajak, Praphat Kawicha, and Aphidech Sangdee",Tomato,Tomato,1,Fungi,1,Fusarium oxysporum f. sp. lycopersici,1,Greenhouse,1,Yes,Severity,Ordinal,1-5 scale: 1 = healthy;2 = slight yellowing;3 = moderate wilting;4 = severe wilting;5 = dead plant,1,5,Ordinal disease severity score for Fusarium wilt of tomato,,Yes,Plant,3 replications,4 weeks after inoculation,,Anova,Tukey's HSD,3,,,Parsed replicate count,,ANOVA,ANOVA-based,Tukey,1,Multiple-comparison procedure
original article,280,https://doi.org/10.5423/ppj.oa.01.2024.0005,The Plant Pathology Journal,2024,"Byeori Kim, Seung Yeup Lee, Jungkum Park, Sujin Song, Kwang-Pyo Kim, and Eunjung Roh",Apple,Apple,1,Bacteria,1,Erwinia amylovora,1,Laboratory,1,Yes,Index,Continuous,DSI (%) from visual assessment of fire blight symptoms on immature apple fruits and in vitro plantlets,0,100,Disease severity index of fire blight on apple,,Yes,Fruit / Plantlet,,2 weeks post-inoculation,,Kruskal-Wallis,Dunn's test,,,,Not reported,,Kruskal‚ÄìWallis,Nonparametric,Dunn,1,Nonparametric comparison
original article,288,https://doi.org/10.5423/ppj.oa.05.2024.0076,The Plant Pathology Journal,2024,"Hyeonjin Park, Younmi Lee, Kotnala Balaraju, Jungyeon Kim and Yongho Jeon",Apple,Apple,1,Fungi,1,Colletotrichum fructicola,1,Laboratory,1,Yes,Severity,Continuous,Percentage,0,100,Percentage bitter rot severity on apple fruits treated with Bacillus velezensis GYUN-1190 culture filtrate or cell suspension,,No,Fruit,,,,Anova,Tukey's HSD,,,,Not reported,,ANOVA,ANOVA-based,Tukey,1,Multiple-comparison procedure
original article,290,https://doi.org/10.5423/ppj.oa.09.2024.0142,The Plant Pathology Journal,2024,"Mehwish Roy, Byeonghyeok Kang, Seongeun Yang, Heeyun Choi, Kihyuck Choi",Solanum lycopersicum,Tomato,1,Fungi,1,Fusarium / Botrytis cinerea,2,Laboratory,1,No,Inhibition zone,Continuous,mm,,,Zone of inhibition in dual culture,,No,Petri dish,3 replicates,,,,,3,,,Parsed replicate count,,Not reported,Not reported,Not reported,0,Not reported
original article,299,https://doi.org/10.5423/ppj.oa.05.2024.0083,The Plant Pathology Journal,2024,"Priya Rajakumar, Nadiya Akmal Baharum, Afiqah Insyirah Lutfi, Najiah Mohd Sadali, Muhamad Shakirin Mispan, Lim Lian Kuang, Yap Seong Ling, Norzulaani Khalid, and Nur Ardiyana Rejab",Banana,Banana,1,Fungi,1,Fusarium oxysporum f. sp. cubense,1,Greenhouse,1,Yes,Index,Continuous,LSI and RDI = [sum (class x number of plants) / (maximum class x total plants)] x 100,0,100,Composite disease indices for Fusarium wilt based on leaf and rhizome symptoms,,Yes,Plant,3 replicates,,,Anova (two-way),Tukey's HSD,3,,,Parsed replicate count,,Two-way ANOVA,ANOVA-based,Tukey,1,Multiple-comparison procedure
original article,315,https://doi.org/10.5423/ppj.oa.01.2025.0012,The Plant Pathology Journal,2025,"Chien Hao Chai, Cheng-Fang Hong, and Jenn-Wen Huang",Melon,Melon,1,Fungi,1,Fusarium oxysporum f. sp. melonis,1,Greenhouse,1,Yes,Severity,Ordinal,0-4 scale (Akhter et al.): 0 = no symptoms;1 = <25% leaves wilted;2 = 26-50% leaves wilted;3 = 51-75% leaves wilted;4 = >75% leaves wilted or dead,0,4,Ordinal disease severity score for melon Fusarium wilt,Akhter et al.,No,Plant,,2 weeks post-inoculation,,Kruskal-Wallis,Dunn's test,,,,Not reported,,Kruskal‚ÄìWallis,Nonparametric,Dunn,1,Nonparametric comparison
original article,326,https://doi.org/10.5423/ppj.oa.03.2025.0035,The Plant Pathology Journal,2025,"Jae-Uk Jee, Seog-Won Chang, Juhyun Ryu, and Se-Chul Chun",Lettuce,Lettuce,1,Fungi,1,Sclerotinia sclerotiorum,1,Greenhouse,1,Yes,Severity,Continuous,Percentage of plants showing Sclerotinia rot symptoms relative to total plants,0,100,Percentage of lettuce plants exhibiting Sclerotinia rot symptoms,,No,Plant,4 replicates,2 weeks post-inoculation,,Anova,Fisher LSD,4,,,Parsed replicate count,,ANOVA,ANOVA-based,Fisher's LSD,1,Multiple-comparison procedure
original article,332,https://doi.org/10.5423/ppj.oa.05.2025.0072,The Plant Pathology Journal,2025,"Mostafa A. El-Qurashi, Ali A. Almasrahi, and Fahad A. Al-Yahya",Eggplant,Eggplant,1,Nematode,1,Meloidogyne javanica,1,Greenhouse,1,Yes,Egg hatch inhibition (%) / J2 mortality (%),Continuous,Percentage inhibition of egg hatch and percentage mortality of second-stage juveniles (J2s) relative to untreated control,0,100,Percentage inhibition of nematode development (egg hatch and J2 mortality),,No,Plant,3 replicates,,,Anova,Fisher LSD,3,,,Parsed replicate count,,ANOVA,ANOVA-based,Fisher's LSD,1,Multiple-comparison procedure
original article,343,https://doi.org/10.5423/ppj.oa.02.2025.0019,The Plant Pathology Journal,2025,"Yunjeong Heo, Gil Han, Hye Yeon Mun, Chang Soo Lee, and Wonsu Cheon",Red pepper,Red pepper,1,Oomycete,1,Phytophthora capsici / Fusarium solani,2,Greenhouse,1,Yes,Severity,Ordinal,0-4 scale: 0 = no symptoms;1 = slight;2 = moderate;3 = severe;4 = dead plant,0,4,Ordinal disease severity score for Phytophthora blight on red pepper,,Yes,Plant,,4 weeks post-inoculation,,Anova,,,,,Not reported,,ANOVA,ANOVA-based,Not reported,0,Not reported
original article,2,https://doi.org/10.1590/s1982-56762011000600010,Tropical Plant Pathology,2011,"Bruno S. Canaver, Robson M. Di Piero",Malus spp.,Apple,1,Fungi,1,Penicillium expansum,1,Storage,1,Yes,Severity / AUDPC,Continuous,Disease severity was evaluated by measuring lesion diameter (mm) and Area Under the Disease Progress Curve (AACPD); Disease incidence was evaluated as the percentage of symptomatic fruits at 16 days post-inoculation,0,100 (for incidence) / N/A (for severity & AACPD),Apple blue mold severity (lesion diameter in mm / AACPD) and disease incidence (%) evaluated in stored apple fruits,,No,Fruit,4 replicates of 4 fruits each per treatment (16 fruits total),Periodically evaluated for severity; incidence evaluated at 16 days post-inoculation,,Anova,Tukey's HSD,4,,4,Parsed replicate count,,ANOVA,ANOVA-based,Tukey,1,Multiple-comparison procedure
original article,14,https://doi.org/10.1590/s1982-56762011000500004,Tropical Plant Pathology,2011,"Lucimara J. Koga, Marcelo G. Canteri, Eberson S. Calvo, Sheila A. Xavier, Arlindo Harada, Jair R. Unfried, Romeu A.S. Kiihl",Soybean,Soybean,1,Fungi,1,Phakopsora pachyrhizi,1,Field,1,No,Severity / Defoliation,Continuous,Soybean rust severity (%) and defoliation (%),0,100,Soybean rust severity (%) and plant defoliation (%) evaluated under field conditions,Godoy et al. (2006) (for severity); Canteri & Canteri (for defoliation),No,Leaf / Plant,4 replicates per treatment,"Multiple times at different growth stages (e.g., R5.5, R6, R7)",,Anova,Scott-Knott,4,,,Parsed replicate count,,ANOVA,ANOVA-based,Scott‚ÄìKnott,1,Multiple-comparison procedure
original article,15,https://doi.org/10.1590/s1982-56762011000600003,Tropical Plant Pathology,2011,"Maria C. Canale, Eliane A. Benato, Patricia Cia, Marineia L. Haddad, Sergio F. Pascholati",Citrus (Orange),Orange,1,Fungi,1,Guignardia citricarpa,1,Storage,1,No,Incidence / AUDPC,Continuous,Incidence of new black spot lesions (quiescent black spot lesions) calculated as number of lesions per fruit or similar; and Area Under the Disease Progress Curve (AUDPC),0,,Citrus black spot postharvest disease incidence and area under the disease progress curve (AUDPC) evaluated on fruit stored after treatment,De Capdeville et al. (for AUDPC formula),No,Fruit,40 fruits per treatment,"3, 7, 10 and 14 days after treatment",,Regression,,,,40,"Reported, complex/unparsed",,Regression,Regression,Not reported,0,Not reported
original article,23,https://doi.org/10.1590/s1982-56762011000100003,Tropical Plant Pathology,2011,"Shiferaw Mekonen, Tameru Alemu, Bekele Kassa, Greg Forbes",Potato,Potato,1,Oomycete,1,Phytophthora infestans,1,Field,1,No,Severity / AUDPC,Continuous,Late blight severity (%) based on percentage of leaf area affected; and Area Under the Disease Progress Curve (AUDPC),0,100,Potato late blight severity (%) and area under the disease progress curve (AUDPC) evaluated in field plots under different fungicide spray regimes,Yuen and Forbes (2009),No,Plot / Plant,3 replicates per treatment,Multiple times at regular intervals,,Anova,Fisher LSD,3,,,Parsed replicate count,,ANOVA,ANOVA-based,Fisher's LSD,1,Multiple-comparison procedure
original article,26,https://doi.org/10.1590/s1982-56762012000600001,Tropical Plant Pathology,2012,"Abraham Monteon Ojeda, Jose Antonio Mora Aguilera, Angel Villegas Monter, Cristian Nava Diaz, Elias Hernandez Castro, Gabriel Otero-Colina, Javier Hernandez Morales",Mango,Mango,1,Fungi,1,Colletotrichum gloeosporioides,1,Field,1,No,Severity / AUDPC,Continuous / Ordinal,Anthracnose disease severity evaluated using logarithmic scales proposed by Guillen (2000) for inflorescences (0-7 class scale representing 0 to 100% tissue affected) and vegetative flushes (0-5 class scale representing 0 to 100% leaf area affected); and Area Under the Disease Progress Curve (AUDPC),0,7 (for inflorescences) / 5 (for vegetative) / N/A (for AUDPC),"Mango anthracnose severity (class score or %) on inflorescences and vegetative flushes, and Area Under the Disease Progress Curve (AUDPC) evaluated in field trials",Guillen (2000),No,Inflorescence / Shoot,"5 inflorescences and 5 vegetative shoots per tree, with 4 replicates (trees) per treatment",Weekly evaluations from swollen buds until fruits reached 8-15 mm diameter,,Anova,Fisher LSD,4,,,Parsed replicate count,,ANOVA,ANOVA-based,Fisher's LSD,1,Multiple-comparison procedure
original article,30,https://doi.org/10.1590/s1982-56762012000500008,Tropical Plant Pathology,2012,"Francisco M.P. Viana, Joilson S. Lima, Francisco A. Lima, Jose Emilson Cardoso",Cashew,Cashew,1,Fungi,1,Pilgeriella anacardii,1,Field,1,No,Severity / AUDPC,Continuous,Black mould severity index (BMSI) calculated as average plant score per plot on a 0 to 4 leaf lesion scale; and Area Under the Disease Progress Curve (AUDPC),0,4 (for BMSI) / N/A (for AUDPC),Cashew black mould severity index (BMSI) and area under the disease progress curve (AUDPC) evaluated on plants in a field orchard,,Yes,Plant,"4 plants per plot, with 3 replicates (plots) per treatment",Monthly evaluations (11 evaluations total),Unspecified,Anova,Tukey's HSD,3,,4,Parsed replicate count,,ANOVA,ANOVA-based,Tukey,1,Multiple-comparison procedure
original article,52,https://doi.org/10.1007/s40858-016-0095-3,Tropical Plant Pathology,2016,Andriolli et al.,Maize,Maize,1,Fungi,1,Fusarium graminearum,1,Field,1,Yes,Severity,Continuous,Percentage,0,100,Percentage of GER severity,,No,Spike,4 replicates,harvest,,Anova,,4,,,Parsed replicate count,,ANOVA,ANOVA-based,Not reported,0,Not reported
original article,67,https://doi.org/10.1007/s40858-016-0082-8,Tropical Plant Pathology,2016,Xu et al.,Tomato,Tomato,1,Fungi,1,Botrytis cinerea,1,Greenhouse,1,Yes,AUDPC,Continuous,AUDPC,,,Area under the disease progress curve,,Yes,Plant,3 replicates,14 days,,Anova,Duncan's MRT,3,,,Parsed replicate count,,ANOVA,ANOVA-based,Duncan,1,Multiple-comparison procedure
original article,73,https://doi.org/10.1007/s40858-017-0183-z,Tropical Plant Pathology,2017,"Daniel Terao, Katia de Lima Nechet and Bernardo de Almeida Halfeld-Vieira",Mango,Mango,1,Fungi,1,Botryosphaeria dothidea,1,Laboratory,1,Yes,Lesion size,Continuous,Mean diameter of lesions (mm),,,Mean diameter of lesions measured daily during 11-day storage period,,No,Fruit,30 replicates,11 days,,Anova,Tukey's HSD,30,,,Parsed replicate count,,ANOVA,ANOVA-based,Tukey,1,Multiple-comparison procedure
original article,95,https://doi.org/10.1007/s40858-017-0179-8,Tropical Plant Pathology,2018,"Ahmed Hussien, Yosra Ahmed, Al-Haythm Al-Essawy and Khamis Youssef",Citrus,Citrus,1,Fungi,1,Penicillium digitatum / Penicillium italicum / Penicillium ulaiense,3,Laboratory,1,Yes,Incidence,Continuous,Percentage,0,100,Percentage of inoculated orange fruit showing disease symptoms after incubation,,No,Fruit,3 replicates of 5 fruit,2 weeks,,Anova,,3,,5,Parsed replicate count,,ANOVA,ANOVA-based,Not reported,0,Not reported
short communication,101,https://doi.org/10.1007/s40858-017-0193-x,Tropical Plant Pathology,2018,"Ediv√¢nio R. Ara√∫jo, Daniel P. Alves and F√°bio Satoshi Higashikawa",Onion,Onion,1,Fungi,1,Botrytis squamosa,1,Field,1,No,Severity,Continuous,Percentage of leaf area affected,0,100,Percentage diseased leaf area on the six most affected leaves,,No,Leaf,4 replicates,60 days after sowing,Arcsin square-root,Anova,Scott-Knott,4,,,Parsed replicate count,,ANOVA,ANOVA-based,Scott‚ÄìKnott,1,Multiple-comparison procedure
original article,112,https://doi.org/10.1007/s40858-018-0226-0,Tropical Plant Pathology,2018,"Mohammad Moradi, Fatemeh Jafari Nejad, Gholam Hosein Shahidi Bonjar, Seyed Reza Fani, Badrosadat Mahmudi Mimand, Claudia Probst and Mehrdad Madani",Pistachio,Pistachio,1,Oomycete,1,Phytophthora pistaciae,1,Greenhouse,1,Yes,Mortality rate,Continuous,Percentage,0,100,Percentage of seedling mortality after co-inoculation with Phytophthora and Bacillus subtilis strains,,No,Plant,,6 months,,Anova,Duncan's MRT,,,,Not reported,,ANOVA,ANOVA-based,Duncan,1,Multiple-comparison procedure
original article,118,https://doi.org/10.1007/s40858-018-0252-y,Tropical Plant Pathology,2018,"Simin Kalantari, Alireza Marefat, Bita Naseri and Roghaie Hemmati",Common bean,Bean,1,Fungi,1,Fusarium solani f. sp. phaseoli,1,Greenhouse,1,Yes,Severity,Continuous,Percentage reduction,0,100,Disease severity rating decrease (50-62%) relative to untreated plants with Fusarium root rot,,No,Plant,,4 weeks,,Anova,Fisher LSD,,,,Not reported,,ANOVA,ANOVA-based,Fisher's LSD,1,Multiple-comparison procedure
original article,126,https://doi.org/10.1007/s40858-019-00275-2,Tropical Plant Pathology,2019,"Dyana A. de Ten√≥rio, Erika Valente de Medeiros, Cristiano S. Lima, J√©ssica M. da Silva, Jamilly A. de Barros, Rejane P. Neves and Delson Laranjeira",Cowpea,Cowpea,1,Fungi,1,Rhizoctonia solani,1,Greenhouse,1,Yes,Index,Continuous,Disease index (0-4 scale) by McKinney's formula,0,100,Disease index calculated from a 0-4 descriptive scale using McKinney formula; assessed 15 days after sowing,McKinney (1923),Yes,Plant,5 replicates of 9 plants,15 days,,Anova,Scott-Knott,5,,9,Parsed replicate count,,ANOVA,ANOVA-based,Scott‚ÄìKnott,1,Multiple-comparison procedure
original article,133,https://doi.org/10.1007/s40858-019-00283-2,Tropical Plant Pathology,2019,"Johannes J.F. Viljoen, Nico Labuschagne, Hendrika Fourie and Richard A. Sikora",Carrot / Tomato,Carrot / Tomato,1,Nematode,1,Meloidogyne incognita,1,Greenhouse,1,Yes,Index,Ordinal,0-5 scale,0,5,"Gall index and egg mass index on carrot and tomato roots, assessed 8 weeks after nematode inoculation",,Yes,Root,5 replicates,8 weeks,,Anova,Tukey's HSD,5,,,Parsed replicate count,,ANOVA,ANOVA-based,Tukey,1,Multiple-comparison procedure
original article,159,https://doi.org/10.1007/s40858-019-00313-z,Tropical Plant Pathology,2020,"Deisy Lisseth Toloza-Moreno, Luz Marina Lizarazo-Forero and Daniel Uribe-V√©lez",Cape gooseberry,Cape gooseberry,1,Fungi,1,Fusarium oxysporum,1,Greenhouse,1,Yes,AUDPC,Continuous,Area under the disease progress curve,,,AUDPC for vascular wilt incidence over time; Pseudomonas fluorescens MB103 showed AUDPC 7.5 vs. 36.8 (control),,Yes,Plant,,,,Anova,Tukey's HSD,,,,Not reported,,ANOVA,ANOVA-based,Tukey,1,Multiple-comparison procedure
original article,189,https://doi.org/10.1007/s40858-021-00436-2,Tropical Plant Pathology,2021,"Fabiana Silva Fraga, Anielle Christine Almeida Silva, Noelio Oliveira Dantas, Nilvanira Donizete Tebaldi and Jos√© Magno Queiroz Luz",Tomato,Tomato,1,Bacteria,1,Xanthomonas gardneri,1,Greenhouse,1,Yes,AUDPC,Continuous,Area under the disease progress curve,,,AUDPC of bacterial spot severity in preventive and curative applications of ZnO nanocrystals,,Yes,Plant,,,,Anova,Scott-Knott,,,,Not reported,,ANOVA,ANOVA-based,Scott‚ÄìKnott,1,Multiple-comparison procedure
original article,195,https://doi.org/10.1007/s40858-020-00409-x,Tropical Plant Pathology,2021,"John Onditi, Moses Nyongesa, Ren√© van der Vlugt",Potato,Potato,1,Virus,1,Potato virus Y (PVY) / Potato leaf roll virus (PLRV) / Potato virus X (PVX) / Potato virus M (PVM) / Potato virus A (PVA) and Potato virus S (PVS),6,Field,1,No,Incidence,Continuous,Proportion of samples that tested positive for the viruses against the total number of samples tested,0,100,Virus prevalence,,No,Farm,354 farms,,,Anova,Fisher LSD,,,,"Reported, complex/unparsed",,ANOVA,ANOVA-based,Fisher's LSD,1,Multiple-comparison procedure
short communication,223,https://doi.org/10.1007/s40858-022-00508-x,Tropical Plant Pathology,2022,Gislaine Nascimento Vieira de S√° and Nilvanira Donizete Tebaldi,Tomato,Tomato,1,Bacteria,1,Xanthomonas hortorum pv. gardneri,1,Greenhouse,1,Yes,AUDPC,Continuous,Area under the disease progress curve,,,AUDPC of bacterial spot severity following preventive or curative application of inactivated bacterial suspensions,,Yes,Plant,,,,Anova,Tukey's HSD,,,,Not reported,,ANOVA,ANOVA-based,Tukey,1,Multiple-comparison procedure
original article,244,https://doi.org/10.1007/s40858-023-00595-4,Tropical Plant Pathology,2023,"Adriane Maria da Silva, Daniel Terao, Larissa Rocha Terra, Aline de Holanda Nunes Maia and Juliana Aparecida Fracarolli",Citrus,Citrus,1,Fungi,1,Geotrichum citri-aurantii,1,Laboratory,1,Yes,Lesion size,Continuous,Mean diameter of lesions (mm),,,Mean lesion diameter measured daily from day 6 to 12 after inoculation with Geotrichum citri-aurantii,,No,Fruit,3 replicates,12 days,,Anova,Tukey's HSD,3,,,Parsed replicate count,,ANOVA,ANOVA-based,Tukey,1,Multiple-comparison procedure
original article,271,https://doi.org/10.1007/s40858-023-00582-9,Tropical Plant Pathology,2023,"Sheng-Jun Xu, Jin-Kui Zhang, Rui-Ning Hou, Zhuo-Qiong Jing, Qian Sun, Xiao Zhu, Li-Xin Fu, Feng-Yi Zhang, Hong-Lei Ren and Zhi-Jie Guo",Pepper,Pepper,1,Fungi,1,Fusarium oxysporum / Phytophthora capsici,2,Greenhouse,1,Yes,Severity,Continuous,Percentage,0,100,Percentage root rot severity in pepper plants treated with Bacillus atrophaeus DX1708 in greenhouse and field (2018-2020),,No,Plant,,,,Anova,Tukey's HSD,,,,Not reported,,ANOVA,ANOVA-based,Tukey,1,Multiple-comparison procedure
original article,285,https://doi.org/10.1007/s40858-024-00654-4,Tropical Plant Pathology,2024,"Ghulam Muhae-Ud-Din, Rabia Kalsoom, Zaifu Yang, Sobia Chohan, Muhammad Saleem Haider, Dildar Ahmed and Muhammad Abid",Onion,Onion,1,Fungi,1,Alternaria alternata,1,Greenhouse,1,Yes,Severity,Continuous,Percentage,0,100,Percentage disease severity on onion leaves treated with Datura stramonium aqueous extract (protective and curative) in greenhouse trials over two years,,No,Leaf,,,,Anova,Tukey's HSD,,,,Not reported,,ANOVA,ANOVA-based,Tukey,1,Multiple-comparison procedure
original article,317,https://doi.org/10.1007/s40858-025-00770-9,Tropical Plant Pathology,2025,"Cl√°udia Fernanda Carraro-Lemes, Santino Aleandro da Silva, Mariana de F√°tima Ferreira Campos, Carolina Cardoso Deuner and Andressa Cristina Zamboni Machado",Wheat,Wheat,1,Nematode,1,Meloidogyne javanica,1,Greenhouse,1,Yes,Count,Continuous,Number of nematodes / reproduction factor,,,Nematode penetration and multiplication (number of juveniles) in wheat roots after seed treatment with biological nematicides,,No,Root,6-7 replicates,60 and 69 days after inoculation,,Anova,Tukey's HSD,6,7,,Parsed replicate count,,ANOVA,ANOVA-based,Tukey,1,Multiple-comparison procedure
original article,331,https://doi.org/10.1007/s40858-025-00702-7,Tropical Plant Pathology,2025,"Marlon Henrique Hahn, S√©rgio Miguel Mazaro, Fabr√≠cio √Åvila Rodrigues, Louise Larissa May De Mio and Henrique da Silva Silveira Duarte",Tomato,Tomato,1,Nematode,1,Meloidogyne javanica,1,Greenhouse,1,Yes,Index,Continuous,Gall index and reproduction factor,,,Gall index and nematode reproduction factor on roots of tomato plants grown on soil mixed with mushroom substrates,,Yes,Root,,,,Anova,Tukey's HSD,,,,Not reported,,ANOVA,ANOVA-based,Tukey,1,Multiple-comparison procedure