journal_target,year,issn_used,issn_type,search_term,title,doi,cited_by_count,journal_openalex,openalex_id,pdf_url,file_name,file_path,downloaded
Australasian Plant Pathology,2025,1448-6032,issn_online,control,Evaluating antofine's dual effects: Controlling Sclerospora graminicola infection while improving physiological performance and yield in foxtail millet,https://doi.org/10.1007/s13313-025-01059-w,0,Australasian Plant Pathology,https://openalex.org/W4411394371,NA,2025_Australasian_Plant_Pathology_Evaluating_antofine_s_dual_effects_Controlling_Sclerospora_graminicola.pdf,pdfs/2025_Australasian_Plant_Pathology_Evaluating_antofine_s_dual_effects_Controlling_Sclerospora_graminicola.pdf,FALSE
Australasian Plant Pathology,2025,1448-6032,issn_online,control,Mechanisms of Cananga odorata essential oil in the control of black spot needle blight of Pinus sylvestris var. Mongolica Litv. (Pestalotiopsis neglecta): cell membrane integrity and permeability,https://doi.org/10.1007/s13313-025-01022-9,2,Australasian Plant Pathology,https://openalex.org/W4407751270,NA,2025_Australasian_Plant_Pathology_Mechanisms_of_Cananga_odorata_essential_oil_in_the_control_of_black_sp.pdf,pdfs/2025_Australasian_Plant_Pathology_Mechanisms_of_Cananga_odorata_essential_oil_in_the_control_of_black_sp.pdf,FALSE
Australasian Plant Pathology,2025,1448-6032,issn_online,control,Salvia japonica essential oil as biocontrol agent: suppressing Fusarium oxysporum in Pinus sylversteis Var. Mongolica seedling blight,https://doi.org/10.1007/s13313-025-01027-4,0,Australasian Plant Pathology,https://openalex.org/W4408796029,NA,2025_Australasian_Plant_Pathology_Salvia_japonica_essential_oil_as_biocontrol_agent_suppressing_Fusarium.pdf,pdfs/2025_Australasian_Plant_Pathology_Salvia_japonica_essential_oil_as_biocontrol_agent_suppressing_Fusarium.pdf,FALSE
Australasian Plant Pathology,2024,1448-6032,issn_online,control,A suitable alternative to antifungal agents for the control of early blight disease-Alternaria alternata of tomato,https://doi.org/10.1007/s13313-024-00968-6,8,Australasian Plant Pathology,https://openalex.org/W4392595693,NA,2024_Australasian_Plant_Pathology_A_suitable_alternative_to_antifungal_agents_for_the_control_of_early_b.pdf,pdfs/2024_Australasian_Plant_Pathology_A_suitable_alternative_to_antifungal_agents_for_the_control_of_early_b.pdf,FALSE
Australasian Plant Pathology,2024,1448-6032,issn_online,control,Threatened and Priority listed Melaleuca species from Western Australia display high susceptibility to Austropuccinia psidii in controlled inoculations,https://doi.org/10.1007/s13313-024-00974-8,3,Australasian Plant Pathology,https://openalex.org/W4393377833,https://link.springer.com/content/pdf/10.1007/s13313-024-00974-8.pdf,2024_Australasian_Plant_Pathology_Threatened_and_Priority_listed_Melaleuca_species_from_Western_Australi.pdf,pdfs/2024_Australasian_Plant_Pathology_Threatened_and_Priority_listed_Melaleuca_species_from_Western_Australi.pdf,TRUE
Australasian Plant Pathology,2023,1448-6032,issn_online,control,First detection of Cryptosporiopsis tarraconensis on hazelnut in Türkiye and control potency of some antifungal agents,https://doi.org/10.1007/s13313-023-00906-y,4,Australasian Plant Pathology,https://openalex.org/W4318049690,NA,2023_Australasian_Plant_Pathology_First_detection_of_Cryptosporiopsis_tarraconensis_on_hazelnut_in_T_rki.pdf,pdfs/2023_Australasian_Plant_Pathology_First_detection_of_Cryptosporiopsis_tarraconensis_on_hazelnut_in_T_rki.pdf,FALSE
Australasian Plant Pathology,2023,1448-6032,issn_online,control,Using protoplast fusion to improve biocontrol ability of Fusarium oxysporum against Egyptian broomrapes (Phelipanche Aegyptiaca),https://doi.org/10.1007/s13313-023-00957-1,3,Australasian Plant Pathology,https://openalex.org/W4389526575,NA,2023_Australasian_Plant_Pathology_Using_protoplast_fusion_to_improve_biocontrol_ability_of_Fusarium_oxys.pdf,pdfs/2023_Australasian_Plant_Pathology_Using_protoplast_fusion_to_improve_biocontrol_ability_of_Fusarium_oxys.pdf,FALSE
Australasian Plant Pathology,2023,1448-6032,issn_online,control,Wheat leaf rust control through biofabricated zinc oxide nanoparticles,https://doi.org/10.1007/s13313-023-00949-1,8,Australasian Plant Pathology,https://openalex.org/W4387105103,NA,2023_Australasian_Plant_Pathology_Wheat_leaf_rust_control_through_biofabricated_zinc_oxide_nanoparticles.pdf,pdfs/2023_Australasian_Plant_Pathology_Wheat_leaf_rust_control_through_biofabricated_zinc_oxide_nanoparticles.pdf,FALSE
Australasian Plant Pathology,2022,1448-6032,issn_online,control,Alternative control of downy mildew and grapevine leaf spot on Vitis labrusca,https://doi.org/10.1007/s13313-021-00836-7,9,Australasian Plant Pathology,https://openalex.org/W4206932151,NA,2022_Australasian_Plant_Pathology_Alternative_control_of_downy_mildew_and_grapevine_leaf_spot_on_Vitis_l.pdf,pdfs/2022_Australasian_Plant_Pathology_Alternative_control_of_downy_mildew_and_grapevine_leaf_spot_on_Vitis_l.pdf,FALSE
Australasian Plant Pathology,2022,1448-6032,issn_online,control,Evaluation of economic fungicide strategies for control of ascochyta blight in field pea in southern Australia,https://doi.org/10.1007/s13313-022-00877-6,3,Australasian Plant Pathology,https://openalex.org/W4293136826,NA,2022_Australasian_Plant_Pathology_Evaluation_of_economic_fungicide_strategies_for_control_of_ascochyta_b.pdf,pdfs/2022_Australasian_Plant_Pathology_Evaluation_of_economic_fungicide_strategies_for_control_of_ascochyta_b.pdf,FALSE
Australasian Plant Pathology,2022,1448-6032,issn_online,control,"Fungicide control of Gnomoniopsis smithogilvyi, causal agent of chestnut rot in Australia",https://doi.org/10.1007/s13313-022-00879-4,12,Australasian Plant Pathology,https://openalex.org/W4289520936,https://link.springer.com/content/pdf/10.1007/s13313-022-00879-4.pdf,2022_Australasian_Plant_Pathology_Fungicide_control_of_Gnomoniopsis_smithogilvyi_causal_agent_of_chestnu.pdf,pdfs/2022_Australasian_Plant_Pathology_Fungicide_control_of_Gnomoniopsis_smithogilvyi_causal_agent_of_chestnu.pdf,TRUE
Australasian Plant Pathology,2022,1448-6032,issn_online,control,Phosphonate applied as a pre-plant dip controls Ceratocystis paradoxa base rot of pineapple planting material,https://doi.org/10.1007/s13313-022-00852-1,1,Australasian Plant Pathology,https://openalex.org/W4213117776,https://link.springer.com/content/pdf/10.1007/s13313-022-00852-1.pdf,2022_Australasian_Plant_Pathology_Phosphonate_applied_as_a_pre_plant_dip_controls_Ceratocystis_paradoxa_.pdf,pdfs/2022_Australasian_Plant_Pathology_Phosphonate_applied_as_a_pre_plant_dip_controls_Ceratocystis_paradoxa_.pdf,TRUE
Australasian Plant Pathology,2021,1448-6032,issn_online,control,"Visualisation of the mode of action of a biological control agent, Aureobasidium pullulans (strain YBCA5) against Pseudomonas syringae pv. actinidiae biovar 3 on the kiwifruit phylloplane",https://doi.org/10.1007/s13313-021-00783-3,4,Australasian Plant Pathology,https://openalex.org/W3134236978,NA,2021_Australasian_Plant_Pathology_Visualisation_of_the_mode_of_action_of_a_biological_control_agent_Aure.pdf,pdfs/2021_Australasian_Plant_Pathology_Visualisation_of_the_mode_of_action_of_a_biological_control_agent_Aure.pdf,FALSE
Australasian Plant Pathology,2020,1448-6032,issn_online,control,"Biological Control of the Noxious Weed Angled Onion (Allium triquetrum) Thwarted by Endophytic Bacteria in Victoria, Australia",https://doi.org/10.1007/s13313-020-00710-y,6,Australasian Plant Pathology,https://openalex.org/W3021001429,NA,2020_Australasian_Plant_Pathology_Biological_Control_of_the_Noxious_Weed_Angled_Onion_Allium_triquetrum_.pdf,pdfs/2020_Australasian_Plant_Pathology_Biological_Control_of_the_Noxious_Weed_Angled_Onion_Allium_triquetrum_.pdf,FALSE
Australasian Plant Pathology,2020,1448-6032,issn_online,control,Investigating hyperparasites as potential biological control agents of rust pathogens on cereal crops,https://doi.org/10.1007/s13313-020-00695-8,18,Australasian Plant Pathology,https://openalex.org/W3011760411,NA,2020_Australasian_Plant_Pathology_Investigating_hyperparasites_as_potential_biological_control_agents_of.pdf,pdfs/2020_Australasian_Plant_Pathology_Investigating_hyperparasites_as_potential_biological_control_agents_of.pdf,FALSE
Australasian Plant Pathology,2019,1448-6032,issn_online,control,"Evaluation of rust pathogenicity (Phragmidium violaceum) as a biological control agent for the invasive plant Rubus ulmifolius on Robinson Crusoe Island, Chile",https://doi.org/10.1007/s13313-019-0615-y,7,Australasian Plant Pathology,https://openalex.org/W2917411716,NA,2019_Australasian_Plant_Pathology_Evaluation_of_rust_pathogenicity_Phragmidium_violaceum_as_a_biological.pdf,pdfs/2019_Australasian_Plant_Pathology_Evaluation_of_rust_pathogenicity_Phragmidium_violaceum_as_a_biological.pdf,FALSE
Australasian Plant Pathology,2019,1448-6032,issn_online,control,Genetic parameters of Eucalyptus pilularis resistance to rust in controlled and field conditions,https://doi.org/10.1007/s13313-019-00671-x,1,Australasian Plant Pathology,https://openalex.org/W2995003009,NA,2019_Australasian_Plant_Pathology_Genetic_parameters_of_Eucalyptus_pilularis_resistance_to_rust_in_contr.pdf,pdfs/2019_Australasian_Plant_Pathology_Genetic_parameters_of_Eucalyptus_pilularis_resistance_to_rust_in_contr.pdf,FALSE
Australasian Plant Pathology,2019,1448-6032,issn_online,control,Isolation and identification of three new mycoparasites of Erysiphe necator for biological control of grapevine powdery mildew,https://doi.org/10.1007/s13313-019-00636-0,14,Australasian Plant Pathology,https://openalex.org/W2943266276,NA,2019_Australasian_Plant_Pathology_Isolation_and_identification_of_three_new_mycoparasites_of_Erysiphe_ne.pdf,pdfs/2019_Australasian_Plant_Pathology_Isolation_and_identification_of_three_new_mycoparasites_of_Erysiphe_ne.pdf,FALSE
Australasian Plant Pathology,2019,1448-6032,issn_online,control,Pesticides on the viability of Pochonia chlamydosporia for controlling Meloidogyne incognita,https://doi.org/10.1007/s13313-019-00633-3,7,Australasian Plant Pathology,https://openalex.org/W2936310465,NA,2019_Australasian_Plant_Pathology_Pesticides_on_the_viability_of_Pochonia_chlamydosporia_for_controlling.pdf,pdfs/2019_Australasian_Plant_Pathology_Pesticides_on_the_viability_of_Pochonia_chlamydosporia_for_controlling.pdf,FALSE
Australasian Plant Pathology,2018,1448-6032,issn_online,control,2017 Daniel McAlpine Memorial Lecture. A ‘genome to paddock’ approach to control plant disease,https://doi.org/10.1007/s13313-018-0544-1,2,Australasian Plant Pathology,https://openalex.org/W2785290309,NA,2018_Australasian_Plant_Pathology_2017_Daniel_McAlpine_Memorial_Lecture_A_genome_to_paddock_approach_to_.pdf,pdfs/2018_Australasian_Plant_Pathology_2017_Daniel_McAlpine_Memorial_Lecture_A_genome_to_paddock_approach_to_.pdf,FALSE
Australasian Plant Pathology,2018,1448-6032,issn_online,control,Control of Ceratocystis manginecans causing wilt disease on Acacia mangium seedlings,https://doi.org/10.1007/s13313-018-0594-4,19,Australasian Plant Pathology,https://openalex.org/W2891936015,NA,2018_Australasian_Plant_Pathology_Control_of_Ceratocystis_manginecans_causing_wilt_disease_on_Acacia_man.pdf,pdfs/2018_Australasian_Plant_Pathology_Control_of_Ceratocystis_manginecans_causing_wilt_disease_on_Acacia_man.pdf,FALSE
Australasian Plant Pathology,2018,1448-6032,issn_online,control,Does chemical control of blind seed disease (Gloeotinia temulenta) affect endophyte transmission in ryegrass seed crops?,https://doi.org/10.1007/s13313-018-0598-0,1,Australasian Plant Pathology,https://openalex.org/W2898522847,NA,2018_Australasian_Plant_Pathology_Does_chemical_control_of_blind_seed_disease_Gloeotinia_temulenta_affec.pdf,pdfs/2018_Australasian_Plant_Pathology_Does_chemical_control_of_blind_seed_disease_Gloeotinia_temulenta_affec.pdf,FALSE
Australasian Plant Pathology,2018,1448-6032,issn_online,control,"The rust fungus Puccinia arechavaletae, a potential biological control agent of balloon vine (Cardiospermum grandiflorum) in South Africa. I: Biology",https://doi.org/10.1007/s13313-018-0569-5,6,Australasian Plant Pathology,https://openalex.org/W2808613426,NA,2018_Australasian_Plant_Pathology_The_rust_fungus_Puccinia_arechavaletae_a_potential_biological_control_.pdf,pdfs/2018_Australasian_Plant_Pathology_The_rust_fungus_Puccinia_arechavaletae_a_potential_biological_control_.pdf,FALSE
Australasian Plant Pathology,2017,1448-6032,issn_online,control,A Sclerotinia disease assay for screening flowering canola plants in controlled environments,https://doi.org/10.1007/s13313-017-0486-z,12,Australasian Plant Pathology,https://openalex.org/W2611334679,NA,2017_Australasian_Plant_Pathology_A_Sclerotinia_disease_assay_for_screening_flowering_canola_plants_in_c.pdf,pdfs/2017_Australasian_Plant_Pathology_A_Sclerotinia_disease_assay_for_screening_flowering_canola_plants_in_c.pdf,FALSE
Australasian Plant Pathology,2017,1448-6032,issn_online,control,"Activity of two silicon salts in controlling the pistachio gummosis-inducing pathogen, Phytophthora pistaciae",https://doi.org/10.1007/s13313-017-0496-x,2,Australasian Plant Pathology,https://openalex.org/W2622882393,NA,2017_Australasian_Plant_Pathology_Activity_of_two_silicon_salts_in_controlling_the_pistachio_gummosis_in.pdf,pdfs/2017_Australasian_Plant_Pathology_Activity_of_two_silicon_salts_in_controlling_the_pistachio_gummosis_in.pdf,FALSE
Australasian Plant Pathology,2017,1448-6032,issn_online,control,Effect of increased UV-B radiation on biological control of the gray mold by Clonostachys rosea and on the expression of strawberry defense-related enzymes,https://doi.org/10.1007/s13313-017-0467-2,9,Australasian Plant Pathology,https://openalex.org/W2583845047,NA,2017_Australasian_Plant_Pathology_Effect_of_increased_UV_B_radiation_on_biological_control_of_the_gray_m.pdf,pdfs/2017_Australasian_Plant_Pathology_Effect_of_increased_UV_B_radiation_on_biological_control_of_the_gray_m.pdf,FALSE
Australasian Plant Pathology,2017,1448-6032,issn_online,control,"Host range and potential distribution of the rust fungus, Miyagia pseudosphaeria, a biological control agent for Sonchus species",https://doi.org/10.1007/s13313-017-0509-9,5,Australasian Plant Pathology,https://openalex.org/W2748376060,NA,2017_Australasian_Plant_Pathology_Host_range_and_potential_distribution_of_the_rust_fungus_Miyagia_pseud.pdf,pdfs/2017_Australasian_Plant_Pathology_Host_range_and_potential_distribution_of_the_rust_fungus_Miyagia_pseud.pdf,FALSE
Australasian Plant Pathology,2016,1448-6032,issn_online,control,Control of grey mould and stem-end rot in strawberry plants growing in a subtropical environment,https://doi.org/10.1007/s13313-016-0440-5,21,Australasian Plant Pathology,https://openalex.org/W2525907639,NA,2016_Australasian_Plant_Pathology_Control_of_grey_mould_and_stem_end_rot_in_strawberry_plants_growing_in.pdf,pdfs/2016_Australasian_Plant_Pathology_Control_of_grey_mould_and_stem_end_rot_in_strawberry_plants_growing_in.pdf,FALSE
Australasian Plant Pathology,2016,1448-6032,issn_online,control,Evaluation of fungicide timing and preventative application on the control of Fusarium head blight and resulting yield,https://doi.org/10.1007/s13313-016-0441-4,10,Australasian Plant Pathology,https://openalex.org/W2509479450,NA,2016_Australasian_Plant_Pathology_Evaluation_of_fungicide_timing_and_preventative_application_on_the_con.pdf,pdfs/2016_Australasian_Plant_Pathology_Evaluation_of_fungicide_timing_and_preventative_application_on_the_con.pdf,FALSE
Australasian Plant Pathology,2016,1448-6032,issn_online,control,Mycobiota of the weed Tradescantia fluminensis in its native range in Brazil with particular reference to classical biological control,https://doi.org/10.1007/s13313-015-0388-x,23,Australasian Plant Pathology,https://openalex.org/W2256213017,NA,2016_Australasian_Plant_Pathology_Mycobiota_of_the_weed_Tradescantia_fluminensis_in_its_native_range_in_.pdf,pdfs/2016_Australasian_Plant_Pathology_Mycobiota_of_the_weed_Tradescantia_fluminensis_in_its_native_range_in_.pdf,FALSE
Australasian Plant Pathology,2016,1448-6032,issn_online,control,"Survival, transmission and control of Phoma koolunga in field pea seed and reaction of field pea genotypes to the pathogen",https://doi.org/10.1007/s13313-015-0394-z,8,Australasian Plant Pathology,https://openalex.org/W2223610206,NA,2016_Australasian_Plant_Pathology_Survival_transmission_and_control_of_Phoma_koolunga_in_field_pea_seed_.pdf,pdfs/2016_Australasian_Plant_Pathology_Survival_transmission_and_control_of_Phoma_koolunga_in_field_pea_seed_.pdf,FALSE
Canadian Journal of Plant Pathology,2025,1715-2992,issn_online,control,Efficacy of crop succession and bionematicide application for controlling <i>Pratylenchus brachyurus</i> in soybean,https://doi.org/10.1080/07060661.2025.2509182,0,Canadian Journal of Plant Pathology,https://openalex.org/W4411455977,NA,2025_Canadian_Journal_of_Plant_Pathology_Efficacy_of_crop_succession_and_bionematicide_application_for_controll.pdf,pdfs/2025_Canadian_Journal_of_Plant_Pathology_Efficacy_of_crop_succession_and_bionematicide_application_for_controll.pdf,FALSE
Canadian Journal of Plant Pathology,2025,1715-2992,issn_online,control,Resistant wheat cultivars and fungicide applied at stem elongation or mid-anthesis are effective stripe rust control strategies in Saskatchewan,https://doi.org/10.1080/07060661.2024.2440408,0,Canadian Journal of Plant Pathology,https://openalex.org/W4405990261,NA,2025_Canadian_Journal_of_Plant_Pathology_Resistant_wheat_cultivars_and_fungicide_applied_at_stem_elongation_or_.pdf,pdfs/2025_Canadian_Journal_of_Plant_Pathology_Resistant_wheat_cultivars_and_fungicide_applied_at_stem_elongation_or_.pdf,FALSE
Canadian Journal of Plant Pathology,2024,1715-2992,issn_online,control,Exploring mechanisms of gene expression control during <i>Ustilago maydis</i> teliospore germination,https://doi.org/10.1080/07060661.2024.2413557,3,Canadian Journal of Plant Pathology,https://openalex.org/W4404333600,NA,2024_Canadian_Journal_of_Plant_Pathology_Exploring_mechanisms_of_gene_expression_control_during_i_Ustilago_mayd.pdf,pdfs/2024_Canadian_Journal_of_Plant_Pathology_Exploring_mechanisms_of_gene_expression_control_during_i_Ustilago_mayd.pdf,FALSE
Canadian Journal of Plant Pathology,2024,1715-2992,issn_online,control,Reducing flea-beetle feeding wounds on canola seedlings with foliar insecticide failed to improve blackleg control,https://doi.org/10.1080/07060661.2024.2369750,3,Canadian Journal of Plant Pathology,https://openalex.org/W4400689130,NA,2024_Canadian_Journal_of_Plant_Pathology_Reducing_flea_beetle_feeding_wounds_on_canola_seedlings_with_foliar_in.pdf,pdfs/2024_Canadian_Journal_of_Plant_Pathology_Reducing_flea_beetle_feeding_wounds_on_canola_seedlings_with_foliar_in.pdf,FALSE
Canadian Journal of Plant Pathology,2024,1715-2992,issn_online,control,SIGS vs. HIGS: opportunities and challenges of RNAi pest and pathogen control strategies,https://doi.org/10.1080/07060661.2024.2392610,23,Canadian Journal of Plant Pathology,https://openalex.org/W4402242142,https://www.tandfonline.com/doi/pdf/10.1080/07060661.2024.2392610?needAccess=true,2024_Canadian_Journal_of_Plant_Pathology_SIGS_vs_HIGS_opportunities_and_challenges_of_RNAi_pest_and_pathogen_co.pdf,pdfs/2024_Canadian_Journal_of_Plant_Pathology_SIGS_vs_HIGS_opportunities_and_challenges_of_RNAi_pest_and_pathogen_co.pdf,FALSE
Canadian Journal of Plant Pathology,2023,1715-2992,issn_online,control,Biological control of <i>Fusarium oxysporum</i> causing damping-off and <i>Pythium myriotylum</i> causing root and crown rot on cannabis ( <i>Cannabis sativa</i> L.) plants,https://doi.org/10.1080/07060661.2023.2172082,15,Canadian Journal of Plant Pathology,https://openalex.org/W4318833920,NA,2023_Canadian_Journal_of_Plant_Pathology_Biological_control_of_i_Fusarium_oxysporum_i_causing_damping_off_and_i.pdf,pdfs/2023_Canadian_Journal_of_Plant_Pathology_Biological_control_of_i_Fusarium_oxysporum_i_causing_damping_off_and_i.pdf,FALSE
Canadian Journal of Plant Pathology,2023,1715-2992,issn_online,control,Combined effects of <i>Ascophyllum nodosum</i> seaweed extract and biological control agents on <i>Meloidogyne javanica</i> in soybean,https://doi.org/10.1080/07060661.2023.2175913,2,Canadian Journal of Plant Pathology,https://openalex.org/W4319319062,https://www.tandfonline.com/doi/pdf/10.1080/07060661.2023.2175913,2023_Canadian_Journal_of_Plant_Pathology_Combined_effects_of_i_Ascophyllum_nodosum_i_seaweed_extract_and_biolog.pdf,pdfs/2023_Canadian_Journal_of_Plant_Pathology_Combined_effects_of_i_Ascophyllum_nodosum_i_seaweed_extract_and_biolog.pdf,FALSE
Canadian Journal of Plant Pathology,2023,1715-2992,issn_online,control,Efficacy of fumigants and biofumigants for the control of replant disease of American ginseng ( <i>Panax quinquefolius</i> ),https://doi.org/10.1080/07060661.2023.2196518,8,Canadian Journal of Plant Pathology,https://openalex.org/W4361206203,https://www.tandfonline.com/doi/pdf/10.1080/07060661.2023.2196518,2023_Canadian_Journal_of_Plant_Pathology_Efficacy_of_fumigants_and_biofumigants_for_the_control_of_replant_dise.pdf,pdfs/2023_Canadian_Journal_of_Plant_Pathology_Efficacy_of_fumigants_and_biofumigants_for_the_control_of_replant_dise.pdf,FALSE
Canadian Journal of Plant Pathology,2023,1715-2992,issn_online,control,Genome exploration and ecological competence are key to developing effective <i>Pseudomonas</i> -based biocontrol inoculants,https://doi.org/10.1080/07060661.2023.2185291,5,Canadian Journal of Plant Pathology,https://openalex.org/W4322501362,https://www.tandfonline.com/doi/pdf/10.1080/07060661.2023.2185291,2023_Canadian_Journal_of_Plant_Pathology_Genome_exploration_and_ecological_competence_are_key_to_developing_eff.pdf,pdfs/2023_Canadian_Journal_of_Plant_Pathology_Genome_exploration_and_ecological_competence_are_key_to_developing_eff.pdf,FALSE
Canadian Journal of Plant Pathology,2022,1715-2992,issn_online,control,"A strategy for controlling Cercospora leaf spot, caused by <i>Cercospora beticola</i>, by combining induced host resistance and chemical pathogen control and its implications for sugar beet yield",https://doi.org/10.1080/07060661.2021.2024262,9,Canadian Journal of Plant Pathology,https://openalex.org/W4206796492,NA,2022_Canadian_Journal_of_Plant_Pathology_A_strategy_for_controlling_Cercospora_leaf_spot_caused_by_i_Cercospora.pdf,pdfs/2022_Canadian_Journal_of_Plant_Pathology_A_strategy_for_controlling_Cercospora_leaf_spot_caused_by_i_Cercospora.pdf,FALSE
Canadian Journal of Plant Pathology,2022,1715-2992,issn_online,control,Effectiveness of COPPION 5.2 WV and Rhapynal to control downy mildew of lettuce,https://doi.org/10.1080/07060661.2022.2056247,1,Canadian Journal of Plant Pathology,https://openalex.org/W4220919016,NA,2022_Canadian_Journal_of_Plant_Pathology_Effectiveness_of_COPPION_5_2_WV_and_Rhapynal_to_control_downy_mildew_o.pdf,pdfs/2022_Canadian_Journal_of_Plant_Pathology_Effectiveness_of_COPPION_5_2_WV_and_Rhapynal_to_control_downy_mildew_o.pdf,FALSE
Canadian Journal of Plant Pathology,2021,1715-2992,issn_online,control,Comparison of <i>Macrophomina phaseolina</i> inoculation techniques for screening sunflower and soybean germplasm in a controlled environment,https://doi.org/10.1080/07060661.2021.1937321,7,Canadian Journal of Plant Pathology,https://openalex.org/W3167292730,NA,2021_Canadian_Journal_of_Plant_Pathology_Comparison_of_i_Macrophomina_phaseolina_i_inoculation_techniques_for_s.pdf,pdfs/2021_Canadian_Journal_of_Plant_Pathology_Comparison_of_i_Macrophomina_phaseolina_i_inoculation_techniques_for_s.pdf,FALSE
Canadian Journal of Plant Pathology,2021,1715-2992,issn_online,control,Differential reaction of hexaploid and tetraploid wheat to <i>Fusarium graminearum</i> chemotypes in a controlled environment,https://doi.org/10.1080/07060661.2021.1907447,7,Canadian Journal of Plant Pathology,https://openalex.org/W3136335504,NA,2021_Canadian_Journal_of_Plant_Pathology_Differential_reaction_of_hexaploid_and_tetraploid_wheat_to_i_Fusarium_.pdf,pdfs/2021_Canadian_Journal_of_Plant_Pathology_Differential_reaction_of_hexaploid_and_tetraploid_wheat_to_i_Fusarium_.pdf,FALSE
Canadian Journal of Plant Pathology,2021,1715-2992,issn_online,control,"Identification, evaluation and selection of a bacterial endophyte able to colonize tomato plants, enhance their growth and control <i>Xanthomonas vesicatoria</i>, the causal agent of the spot disease",https://doi.org/10.1080/07060661.2021.1980822,5,Canadian Journal of Plant Pathology,https://openalex.org/W3201462081,NA,2021_Canadian_Journal_of_Plant_Pathology_Identification_evaluation_and_selection_of_a_bacterial_endophyte_able_.pdf,pdfs/2021_Canadian_Journal_of_Plant_Pathology_Identification_evaluation_and_selection_of_a_bacterial_endophyte_able_.pdf,FALSE
Canadian Journal of Plant Pathology,2021,1715-2992,issn_online,control,The potential of <i>Trichoderma brevicompactum</i> for controlling root rot on <i>Atractylodes macrocephala</i>,https://doi.org/10.1080/07060661.2021.1933602,12,Canadian Journal of Plant Pathology,https://openalex.org/W3165671888,NA,2021_Canadian_Journal_of_Plant_Pathology_The_potential_of_i_Trichoderma_brevicompactum_i_for_controlling_root_r.pdf,pdfs/2021_Canadian_Journal_of_Plant_Pathology_The_potential_of_i_Trichoderma_brevicompactum_i_for_controlling_root_r.pdf,FALSE
Canadian Journal of Plant Pathology,2020,1715-2992,issn_online,control,<i>Trichoderma</i> spp. and a carob (<i>Ceratonia siliqua</i>) galactomannan to control the root-knot nematode <i>Meloidogyne incognita</i> on tomato plants,https://doi.org/10.1080/07060661.2020.1801844,18,Canadian Journal of Plant Pathology,https://openalex.org/W3083879492,NA,2020_Canadian_Journal_of_Plant_Pathology__i_Trichoderma_i_spp_and_a_carob_i_Ceratonia_siliqua_i_galactomannan_t.pdf,pdfs/2020_Canadian_Journal_of_Plant_Pathology__i_Trichoderma_i_spp_and_a_carob_i_Ceratonia_siliqua_i_galactomannan_t.pdf,FALSE
Canadian Journal of Plant Pathology,2019,1715-2992,issn_online,control,Biocontrol potential of a <i>Bacillus subtilis</i> strain BJ-1 against the rice blast fungus <i>Magnaporthe oryzae</i>,https://doi.org/10.1080/07060661.2018.1564792,56,Canadian Journal of Plant Pathology,https://openalex.org/W2907343701,NA,2019_Canadian_Journal_of_Plant_Pathology_Biocontrol_potential_of_a_i_Bacillus_subtilis_i_strain_BJ_1_against_th.pdf,pdfs/2019_Canadian_Journal_of_Plant_Pathology_Biocontrol_potential_of_a_i_Bacillus_subtilis_i_strain_BJ_1_against_th.pdf,FALSE
Canadian Journal of Plant Pathology,2019,1715-2992,issn_online,control,Biological control of powdery mildew on <i>Cornus florida</i> using endophytic <i>Bacillus thuringiensis</i>,https://doi.org/10.1080/07060661.2019.1641555,17,Canadian Journal of Plant Pathology,https://openalex.org/W2960583567,NA,2019_Canadian_Journal_of_Plant_Pathology_Biological_control_of_powdery_mildew_on_i_Cornus_florida_i_using_endop.pdf,pdfs/2019_Canadian_Journal_of_Plant_Pathology_Biological_control_of_powdery_mildew_on_i_Cornus_florida_i_using_endop.pdf,FALSE
Canadian Journal of Plant Pathology,2019,1715-2992,issn_online,control,Formulation of mint and thyme essential oils with Arabic gum and Tween to enhance their efficiency in the control of postharvest rots of peach fruit,https://doi.org/10.1080/07060661.2019.1686654,20,Canadian Journal of Plant Pathology,https://openalex.org/W2987320406,NA,2019_Canadian_Journal_of_Plant_Pathology_Formulation_of_mint_and_thyme_essential_oils_with_Arabic_gum_and_Tween.pdf,pdfs/2019_Canadian_Journal_of_Plant_Pathology_Formulation_of_mint_and_thyme_essential_oils_with_Arabic_gum_and_Tween.pdf,FALSE
Canadian Journal of Plant Pathology,2019,1715-2992,issn_online,control,New technologies could enhance natural biological control and disease management and reduce reliance on synthetic pesticides,https://doi.org/10.1080/07060661.2019.1697370,30,Canadian Journal of Plant Pathology,https://openalex.org/W2990860022,NA,2019_Canadian_Journal_of_Plant_Pathology_New_technologies_could_enhance_natural_biological_control_and_disease_.pdf,pdfs/2019_Canadian_Journal_of_Plant_Pathology_New_technologies_could_enhance_natural_biological_control_and_disease_.pdf,FALSE
Canadian Journal of Plant Pathology,2018,1715-2992,issn_online,control,Developing new RNA interference technologies to control fungal pathogens,https://doi.org/10.1080/07060661.2018.1495268,36,Canadian Journal of Plant Pathology,https://openalex.org/W2884033119,NA,2018_Canadian_Journal_of_Plant_Pathology_Developing_new_RNA_interference_technologies_to_control_fungal_pathoge.pdf,pdfs/2018_Canadian_Journal_of_Plant_Pathology_Developing_new_RNA_interference_technologies_to_control_fungal_pathoge.pdf,FALSE
Canadian Journal of Plant Pathology,2018,1715-2992,issn_online,control,Soil incorporation of buckwheat as a pre-plant amendment provides control of <i>Rhizoctonia</i> damping-off and root rot of radish and <i>Pythium</i> damping-off and root rot of cucumber,https://doi.org/10.1080/07060661.2018.1559224,11,Canadian Journal of Plant Pathology,https://openalex.org/W2905698324,NA,2018_Canadian_Journal_of_Plant_Pathology_Soil_incorporation_of_buckwheat_as_a_pre_plant_amendment_provides_cont.pdf,pdfs/2018_Canadian_Journal_of_Plant_Pathology_Soil_incorporation_of_buckwheat_as_a_pre_plant_amendment_provides_cont.pdf,FALSE
Canadian Journal of Plant Pathology,2016,1715-2992,issn_online,control,Use of low-dose UV-C irradiation to control powdery mildew caused by <i>Podosphaera aphanis</i> on strawberry plants,https://doi.org/10.1080/07060661.2016.1263807,66,Canadian Journal of Plant Pathology,https://openalex.org/W2564179431,NA,2016_Canadian_Journal_of_Plant_Pathology_Use_of_low_dose_UV_C_irradiation_to_control_powdery_mildew_caused_by_i.pdf,pdfs/2016_Canadian_Journal_of_Plant_Pathology_Use_of_low_dose_UV_C_irradiation_to_control_powdery_mildew_caused_by_i.pdf,FALSE
European Journal of Plant Pathology,2025,1573-8469,issn_online,control,Cinnamon and clove aqueous extracts promote in vitro and postharvest control of Alternaria alternata in tomato fruit,https://doi.org/10.1007/s10658-024-03000-1,7,European Journal of Plant Pathology,https://openalex.org/W4406823179,NA,2025_European_Journal_of_Plant_Pathology_Cinnamon_and_clove_aqueous_extracts_promote_in_vitro_and_postharvest_c.pdf,pdfs/2025_European_Journal_of_Plant_Pathology_Cinnamon_and_clove_aqueous_extracts_promote_in_vitro_and_postharvest_c.pdf,FALSE
European Journal of Plant Pathology,2025,1573-8469,issn_online,control,Correction: Controlling Citrus Huanglongbing based on Soil Remediation and Biocontrol,https://doi.org/10.1007/s10658-025-03056-7,0,European Journal of Plant Pathology,https://openalex.org/W4409920369,https://link.springer.com/content/pdf/10.1007/s10658-025-03056-7.pdf,2025_European_Journal_of_Plant_Pathology_Correction_Controlling_Citrus_Huanglongbing_based_on_Soil_Remediation_.pdf,pdfs/2025_European_Journal_of_Plant_Pathology_Correction_Controlling_Citrus_Huanglongbing_based_on_Soil_Remediation_.pdf,TRUE
European Journal of Plant Pathology,2025,1573-8469,issn_online,control,Fusarium root rot in Vietnamese ginseng (Panax vietnamensis Ha et Grushv.) and potential biocontrol,https://doi.org/10.1007/s10658-025-03097-y,0,European Journal of Plant Pathology,https://openalex.org/W4411962163,NA,2025_European_Journal_of_Plant_Pathology_Fusarium_root_rot_in_Vietnamese_ginseng_Panax_vietnamensis_Ha_et_Grush.pdf,pdfs/2025_European_Journal_of_Plant_Pathology_Fusarium_root_rot_in_Vietnamese_ginseng_Panax_vietnamensis_Ha_et_Grush.pdf,FALSE
European Journal of Plant Pathology,2025,1573-8469,issn_online,control,Performance of four Streptomyces root symbionts in the biocontrol of Pythium aphanidermatum in mung bean,https://doi.org/10.1007/s10658-025-03091-4,0,European Journal of Plant Pathology,https://openalex.org/W4411710950,NA,2025_European_Journal_of_Plant_Pathology_Performance_of_four_Streptomyces_root_symbionts_in_the_biocontrol_of_P.pdf,pdfs/2025_European_Journal_of_Plant_Pathology_Performance_of_four_Streptomyces_root_symbionts_in_the_biocontrol_of_P.pdf,FALSE
European Journal of Plant Pathology,2024,1573-8469,issn_online,control,Biocontrol of blast disease in KDML105 rice by root-associated bacteria,https://doi.org/10.1007/s10658-024-02901-5,5,European Journal of Plant Pathology,https://openalex.org/W4399731184,NA,2024_European_Journal_of_Plant_Pathology_Biocontrol_of_blast_disease_in_KDML105_rice_by_root_associated_bacteri.pdf,pdfs/2024_European_Journal_of_Plant_Pathology_Biocontrol_of_blast_disease_in_KDML105_rice_by_root_associated_bacteri.pdf,FALSE
European Journal of Plant Pathology,2024,1573-8469,issn_online,control,Controlling citrus Huanglongbing based on soil remediation and biocontrol,https://doi.org/10.1007/s10658-024-02835-y,8,European Journal of Plant Pathology,https://openalex.org/W4392016470,NA,2024_European_Journal_of_Plant_Pathology_Controlling_citrus_Huanglongbing_based_on_soil_remediation_and_biocont.pdf,pdfs/2024_European_Journal_of_Plant_Pathology_Controlling_citrus_Huanglongbing_based_on_soil_remediation_and_biocont.pdf,FALSE
European Journal of Plant Pathology,2024,1573-8469,issn_online,control,Efficacy of Trichoderma obtained from healthy rice seeds in promoting seedling growth and controlling rice seed rot and false smut diseases under field conditions,https://doi.org/10.1007/s10658-024-02852-x,5,European Journal of Plant Pathology,https://openalex.org/W4393345102,NA,2024_European_Journal_of_Plant_Pathology_Efficacy_of_Trichoderma_obtained_from_healthy_rice_seeds_in_promoting_.pdf,pdfs/2024_European_Journal_of_Plant_Pathology_Efficacy_of_Trichoderma_obtained_from_healthy_rice_seeds_in_promoting_.pdf,FALSE
European Journal of Plant Pathology,2024,1573-8469,issn_online,control,Field efficacy in controlling mango diseases of antagonist Talaromyces tratensis KUFA 0091 in fresh and dry formulations,https://doi.org/10.1007/s10658-024-02853-w,4,European Journal of Plant Pathology,https://openalex.org/W4393946877,NA,2024_European_Journal_of_Plant_Pathology_Field_efficacy_in_controlling_mango_diseases_of_antagonist_Talaromyces.pdf,pdfs/2024_European_Journal_of_Plant_Pathology_Field_efficacy_in_controlling_mango_diseases_of_antagonist_Talaromyces.pdf,FALSE
European Journal of Plant Pathology,2023,1573-8469,issn_online,control,Biological efficacy of marine-derived Trichoderma in controlling chili anthracnose and black spot disease in Chinese kale,https://doi.org/10.1007/s10658-023-02668-1,15,European Journal of Plant Pathology,https://openalex.org/W4323317413,NA,2023_European_Journal_of_Plant_Pathology_Biological_efficacy_of_marine_derived_Trichoderma_in_controlling_chili.pdf,pdfs/2023_European_Journal_of_Plant_Pathology_Biological_efficacy_of_marine_derived_Trichoderma_in_controlling_chili.pdf,FALSE
European Journal of Plant Pathology,2023,1573-8469,issn_online,control,"Comparison of compost, PGPR, and AMF in the biological control of tomato Fusarium wilt disease",https://doi.org/10.1007/s10658-023-02710-2,8,European Journal of Plant Pathology,https://openalex.org/W4383101973,NA,2023_European_Journal_of_Plant_Pathology_Comparison_of_compost_PGPR_and_AMF_in_the_biological_control_of_tomato.pdf,pdfs/2023_European_Journal_of_Plant_Pathology_Comparison_of_compost_PGPR_and_AMF_in_the_biological_control_of_tomato.pdf,FALSE
European Journal of Plant Pathology,2023,1573-8469,issn_online,control,Effect of seed treatment with the biological agent Pasteuria thornei on the control of Pratylenchus zeae in Maize,https://doi.org/10.1007/s10658-023-02659-2,2,European Journal of Plant Pathology,https://openalex.org/W4321250941,NA,2023_European_Journal_of_Plant_Pathology_Effect_of_seed_treatment_with_the_biological_agent_Pasteuria_thornei_o.pdf,pdfs/2023_European_Journal_of_Plant_Pathology_Effect_of_seed_treatment_with_the_biological_agent_Pasteuria_thornei_o.pdf,FALSE
European Journal of Plant Pathology,2023,1573-8469,issn_online,control,Isolation and identification of Bacillus and abilities of 3 functional strains to control powdery mildew and promote seedling growth of Malus sieversii,https://doi.org/10.1007/s10658-023-02680-5,2,European Journal of Plant Pathology,https://openalex.org/W4372324160,NA,2023_European_Journal_of_Plant_Pathology_Isolation_and_identification_of_Bacillus_and_abilities_of_3_functional.pdf,pdfs/2023_European_Journal_of_Plant_Pathology_Isolation_and_identification_of_Bacillus_and_abilities_of_3_functional.pdf,FALSE
European Journal of Plant Pathology,2022,1573-8469,issn_online,control,Biocontrol of Pythium root rot on lisianthus using a new dark septate endophytic fungus Hyaloscypha variabilis J1PC1,https://doi.org/10.1007/s10658-022-02459-0,15,European Journal of Plant Pathology,https://openalex.org/W4210431633,NA,2022_European_Journal_of_Plant_Pathology_Biocontrol_of_Pythium_root_rot_on_lisianthus_using_a_new_dark_septate_.pdf,pdfs/2022_European_Journal_of_Plant_Pathology_Biocontrol_of_Pythium_root_rot_on_lisianthus_using_a_new_dark_septate_.pdf,FALSE
European Journal of Plant Pathology,2022,1573-8469,issn_online,control,"Comparative transcriptome analysis unravels the response mechanisms of Cytospora mali QH2 to a biocontrol agent, Bacillus velezensis L-1",https://doi.org/10.1007/s10658-022-02571-1,4,European Journal of Plant Pathology,https://openalex.org/W4294591646,NA,2022_European_Journal_of_Plant_Pathology_Comparative_transcriptome_analysis_unravels_the_response_mechanisms_of.pdf,pdfs/2022_European_Journal_of_Plant_Pathology_Comparative_transcriptome_analysis_unravels_the_response_mechanisms_of.pdf,FALSE
European Journal of Plant Pathology,2022,1573-8469,issn_online,control,Inhibitory activity of three types of fungicides on Cladosporium paeoniae and their control efficacy against paeony leaf mold,https://doi.org/10.1007/s10658-022-02509-7,8,European Journal of Plant Pathology,https://openalex.org/W4224285870,NA,2022_European_Journal_of_Plant_Pathology_Inhibitory_activity_of_three_types_of_fungicides_on_Cladosporium_paeon.pdf,pdfs/2022_European_Journal_of_Plant_Pathology_Inhibitory_activity_of_three_types_of_fungicides_on_Cladosporium_paeon.pdf,FALSE
European Journal of Plant Pathology,2022,1573-8469,issn_online,control,"Mycoparasitic Trichoderma isolates as a biocontrol agent against Valsa ceratosperma, the causal agent of apple valsa canker",https://doi.org/10.1007/s10658-022-02529-3,17,European Journal of Plant Pathology,https://openalex.org/W4281836056,NA,2022_European_Journal_of_Plant_Pathology_Mycoparasitic_Trichoderma_isolates_as_a_biocontrol_agent_against_Valsa.pdf,pdfs/2022_European_Journal_of_Plant_Pathology_Mycoparasitic_Trichoderma_isolates_as_a_biocontrol_agent_against_Valsa.pdf,FALSE
European Journal of Plant Pathology,2021,1573-8469,issn_online,control,Biocontrol of tomato bacterial spot by novel Bacillus and Pseudomonas strains,https://doi.org/10.1007/s10658-021-02297-6,14,European Journal of Plant Pathology,https://openalex.org/W3160210738,NA,2021_European_Journal_of_Plant_Pathology_Biocontrol_of_tomato_bacterial_spot_by_novel_Bacillus_and_Pseudomonas_.pdf,pdfs/2021_European_Journal_of_Plant_Pathology_Biocontrol_of_tomato_bacterial_spot_by_novel_Bacillus_and_Pseudomonas_.pdf,FALSE
European Journal of Plant Pathology,2021,1573-8469,issn_online,control,Efficacy of Althaea officinalis leaf extract in controlling Alternaria spp. pathogenic on Citrus,https://doi.org/10.1007/s10658-021-02361-1,10,European Journal of Plant Pathology,https://openalex.org/W3194253250,NA,2021_European_Journal_of_Plant_Pathology_Efficacy_of_Althaea_officinalis_leaf_extract_in_controlling_Alternaria.pdf,pdfs/2021_European_Journal_of_Plant_Pathology_Efficacy_of_Althaea_officinalis_leaf_extract_in_controlling_Alternaria.pdf,FALSE
European Journal of Plant Pathology,2021,1573-8469,issn_online,control,Evaluation of eggplant rootstocks for grafting eggplant to improve fruit yield and control bacterial wilt disease,https://doi.org/10.1007/s10658-021-02305-9,24,European Journal of Plant Pathology,https://openalex.org/W3170805054,NA,2021_European_Journal_of_Plant_Pathology_Evaluation_of_eggplant_rootstocks_for_grafting_eggplant_to_improve_fru.pdf,pdfs/2021_European_Journal_of_Plant_Pathology_Evaluation_of_eggplant_rootstocks_for_grafting_eggplant_to_improve_fru.pdf,FALSE
European Journal of Plant Pathology,2021,1573-8469,issn_online,control,Silver nanoparticles inactivate sclerotial formation in controlling white rot disease in onion and garlic caused by the soil borne fungus Stromatinia cepivora,https://doi.org/10.1007/s10658-021-02296-7,57,European Journal of Plant Pathology,https://openalex.org/W3160288716,NA,2021_European_Journal_of_Plant_Pathology_Silver_nanoparticles_inactivate_sclerotial_formation_in_controlling_wh.pdf,pdfs/2021_European_Journal_of_Plant_Pathology_Silver_nanoparticles_inactivate_sclerotial_formation_in_controlling_wh.pdf,FALSE
European Journal of Plant Pathology,2020,1573-8469,issn_online,control,Biocontrol of bacterial spot on tomato by foliar spray and growth medium application of Bacillus amyloliquefaciens and Trichoderma asperellum,https://doi.org/10.1007/s10658-020-01947-5,44,European Journal of Plant Pathology,https://openalex.org/W3004820560,NA,2020_European_Journal_of_Plant_Pathology_Biocontrol_of_bacterial_spot_on_tomato_by_foliar_spray_and_growth_medi.pdf,pdfs/2020_European_Journal_of_Plant_Pathology_Biocontrol_of_bacterial_spot_on_tomato_by_foliar_spray_and_growth_medi.pdf,FALSE
European Journal of Plant Pathology,2020,1573-8469,issn_online,control,Correction to: Biological control of Phytophthora blight by Pseudomonas protegens strain 14D5,https://doi.org/10.1007/s10658-019-01925-6,0,European Journal of Plant Pathology,https://openalex.org/W2999905954,https://link.springer.com/content/pdf/10.1007/s10658-019-01925-6.pdf,2020_European_Journal_of_Plant_Pathology_Correction_to_Biological_control_of_Phytophthora_blight_by_Pseudomonas.pdf,pdfs/2020_European_Journal_of_Plant_Pathology_Correction_to_Biological_control_of_Phytophthora_blight_by_Pseudomonas.pdf,TRUE
European Journal of Plant Pathology,2020,1573-8469,issn_online,control,Influence of rootstock genotype on efficacy of anaerobic soil disinfestation for control of apple nursery replant disease,https://doi.org/10.1007/s10658-020-01977-z,22,European Journal of Plant Pathology,https://openalex.org/W3021319680,NA,2020_European_Journal_of_Plant_Pathology_Influence_of_rootstock_genotype_on_efficacy_of_anaerobic_soil_disinfes.pdf,pdfs/2020_European_Journal_of_Plant_Pathology_Influence_of_rootstock_genotype_on_efficacy_of_anaerobic_soil_disinfes.pdf,FALSE
European Journal of Plant Pathology,2020,1573-8469,issn_online,control,Yield increases due to fungicide control of leaf blotch diseases in wheat and barley as a basis for IPM decision-making in the Nordic-Baltic region,https://doi.org/10.1007/s10658-020-02075-w,51,European Journal of Plant Pathology,https://openalex.org/W3043705409,https://link.springer.com/content/pdf/10.1007/s10658-020-02075-w.pdf,2020_European_Journal_of_Plant_Pathology_Yield_increases_due_to_fungicide_control_of_leaf_blotch_diseases_in_wh.pdf,pdfs/2020_European_Journal_of_Plant_Pathology_Yield_increases_due_to_fungicide_control_of_leaf_blotch_diseases_in_wh.pdf,TRUE
European Journal of Plant Pathology,2019,1573-8469,issn_online,control,Biological control of Phytophthora blight by Pseudomonas protegens strain 14D5,https://doi.org/10.1007/s10658-019-01909-6,17,European Journal of Plant Pathology,https://openalex.org/W2994898435,NA,2019_European_Journal_of_Plant_Pathology_Biological_control_of_Phytophthora_blight_by_Pseudomonas_protegens_str.pdf,pdfs/2019_European_Journal_of_Plant_Pathology_Biological_control_of_Phytophthora_blight_by_Pseudomonas_protegens_str.pdf,FALSE
European Journal of Plant Pathology,2019,1573-8469,issn_online,control,Organic seed treatments with essential oils to control ascochyta blight in pea,https://doi.org/10.1007/s10658-019-01815-x,15,European Journal of Plant Pathology,https://openalex.org/W2965000738,NA,2019_European_Journal_of_Plant_Pathology_Organic_seed_treatments_with_essential_oils_to_control_ascochyta_bligh.pdf,pdfs/2019_European_Journal_of_Plant_Pathology_Organic_seed_treatments_with_essential_oils_to_control_ascochyta_bligh.pdf,FALSE
European Journal of Plant Pathology,2019,1573-8469,issn_online,control,"Performance of new flat fan nozzle design in spray deposition, penetration and control of soybean rust",https://doi.org/10.1007/s10658-019-01803-1,19,European Journal of Plant Pathology,https://openalex.org/W2966146308,NA,2019_European_Journal_of_Plant_Pathology_Performance_of_new_flat_fan_nozzle_design_in_spray_deposition_penetrat.pdf,pdfs/2019_European_Journal_of_Plant_Pathology_Performance_of_new_flat_fan_nozzle_design_in_spray_deposition_penetrat.pdf,FALSE
European Journal of Plant Pathology,2019,1573-8469,issn_online,control,Production and efficacy of neem nanoemulsion in the control of Aspergillus flavus and Penicillium citrinum in soybean seeds,https://doi.org/10.1007/s10658-019-01838-4,24,European Journal of Plant Pathology,https://openalex.org/W2972002082,NA,2019_European_Journal_of_Plant_Pathology_Production_and_efficacy_of_neem_nanoemulsion_in_the_control_of_Aspergi.pdf,pdfs/2019_European_Journal_of_Plant_Pathology_Production_and_efficacy_of_neem_nanoemulsion_in_the_control_of_Aspergi.pdf,FALSE
European Journal of Plant Pathology,2018,1573-8469,issn_online,control,A chalcone synthase controls the verticillium disease resistance response in both Arabidopsis thaliana and cotton,https://doi.org/10.1007/s10658-018-1521-9,18,European Journal of Plant Pathology,https://openalex.org/W2887150315,NA,2018_European_Journal_of_Plant_Pathology_A_chalcone_synthase_controls_the_verticillium_disease_resistance_respo.pdf,pdfs/2018_European_Journal_of_Plant_Pathology_A_chalcone_synthase_controls_the_verticillium_disease_resistance_respo.pdf,FALSE
European Journal of Plant Pathology,2018,1573-8469,issn_online,control,Assessing synergism of combined applications of Trichoderma harzianum and Pseudomonas fluorescens to control blast and bacterial leaf blight of rice,https://doi.org/10.1007/s10658-018-1519-3,89,European Journal of Plant Pathology,https://openalex.org/W2807943086,NA,2018_European_Journal_of_Plant_Pathology_Assessing_synergism_of_combined_applications_of_Trichoderma_harzianum_.pdf,pdfs/2018_European_Journal_of_Plant_Pathology_Assessing_synergism_of_combined_applications_of_Trichoderma_harzianum_.pdf,FALSE
European Journal of Plant Pathology,2018,1573-8469,issn_online,control,Enhancement of Populus alba tolerance to Venturia tremulae upon inoculation with endophytes showing in vitro biocontrol potential,https://doi.org/10.1007/s10658-018-01618-6,25,European Journal of Plant Pathology,https://openalex.org/W2898433804,NA,2018_European_Journal_of_Plant_Pathology_Enhancement_of_Populus_alba_tolerance_to_Venturia_tremulae_upon_inocul.pdf,pdfs/2018_European_Journal_of_Plant_Pathology_Enhancement_of_Populus_alba_tolerance_to_Venturia_tremulae_upon_inocul.pdf,FALSE
European Journal of Plant Pathology,2018,1573-8469,issn_online,control,Evaluation of biocontrol potential of Achromobacter xylosoxidans against Fusarium wilt of melon,https://doi.org/10.1007/s10658-018-01646-2,23,European Journal of Plant Pathology,https://openalex.org/W2904124237,NA,2018_European_Journal_of_Plant_Pathology_Evaluation_of_biocontrol_potential_of_Achromobacter_xylosoxidans_again.pdf,pdfs/2018_European_Journal_of_Plant_Pathology_Evaluation_of_biocontrol_potential_of_Achromobacter_xylosoxidans_again.pdf,FALSE
European Journal of Plant Pathology,2017,1573-8469,issn_online,control,A control package revolving around the removal of single diseased banana stems is effective for the restoration of Xanthomonas wilt infected fields,https://doi.org/10.1007/s10658-017-1189-6,47,European Journal of Plant Pathology,https://openalex.org/W2598912276,NA,2017_European_Journal_of_Plant_Pathology_A_control_package_revolving_around_the_removal_of_single_diseased_bana.pdf,pdfs/2017_European_Journal_of_Plant_Pathology_A_control_package_revolving_around_the_removal_of_single_diseased_bana.pdf,FALSE
European Journal of Plant Pathology,2017,1573-8469,issn_online,control,Bacillus species as the most promising bacterial biocontrol agents in rhizosphere and endorhiza of plants grown in rotation with each other,https://doi.org/10.1007/s10658-017-1276-8,34,European Journal of Plant Pathology,https://openalex.org/W2725964383,NA,2017_European_Journal_of_Plant_Pathology_Bacillus_species_as_the_most_promising_bacterial_biocontrol_agents_in_.pdf,pdfs/2017_European_Journal_of_Plant_Pathology_Bacillus_species_as_the_most_promising_bacterial_biocontrol_agents_in_.pdf,FALSE
European Journal of Plant Pathology,2017,1573-8469,issn_online,control,"Efficacy of the biocontrol agent Trichoderma harzianum ITEM 3636 against peanut smut, an emergent disease caused by Thecaphora frezii",https://doi.org/10.1007/s10658-017-1360-0,18,European Journal of Plant Pathology,https://openalex.org/W2766536758,NA,2017_European_Journal_of_Plant_Pathology_Efficacy_of_the_biocontrol_agent_Trichoderma_harzianum_ITEM_3636_again.pdf,pdfs/2017_European_Journal_of_Plant_Pathology_Efficacy_of_the_biocontrol_agent_Trichoderma_harzianum_ITEM_3636_again.pdf,FALSE
European Journal of Plant Pathology,2017,1573-8469,issn_online,control,Fire blight resistance of Malus ×arnoldiana is controlled by a quantitative trait locus located at the distal end of linkage group 12,https://doi.org/10.1007/s10658-017-1152-6,44,European Journal of Plant Pathology,https://openalex.org/W2577207035,NA,2017_European_Journal_of_Plant_Pathology_Fire_blight_resistance_of_Malus_arnoldiana_is_controlled_by_a_quantita.pdf,pdfs/2017_European_Journal_of_Plant_Pathology_Fire_blight_resistance_of_Malus_arnoldiana_is_controlled_by_a_quantita.pdf,FALSE
European Journal of Plant Pathology,2016,1573-8469,issn_online,control,Biological control of green mould on Agaricus bisporus by a native Bacillus subtilis strain from mushroom compost,https://doi.org/10.1007/s10658-016-1107-3,43,European Journal of Plant Pathology,https://openalex.org/W2556094512,NA,2016_European_Journal_of_Plant_Pathology_Biological_control_of_green_mould_on_Agaricus_bisporus_by_a_native_Bac.pdf,pdfs/2016_European_Journal_of_Plant_Pathology_Biological_control_of_green_mould_on_Agaricus_bisporus_by_a_native_Bac.pdf,FALSE
European Journal of Plant Pathology,2016,1573-8469,issn_online,control,Control of infection of tomato fruits by Alternaria and mycotoxin production using plant extracts,https://doi.org/10.1007/s10658-015-0850-1,23,European Journal of Plant Pathology,https://openalex.org/W2287851097,NA,2016_European_Journal_of_Plant_Pathology_Control_of_infection_of_tomato_fruits_by_Alternaria_and_mycotoxin_prod.pdf,pdfs/2016_European_Journal_of_Plant_Pathology_Control_of_infection_of_tomato_fruits_by_Alternaria_and_mycotoxin_prod.pdf,FALSE
European Journal of Plant Pathology,2016,1573-8469,issn_online,control,Effect of controlled fluctuating low temperatures on survival of Puccinia striiformis f. sp. tritici,https://doi.org/10.1007/s10658-016-1022-7,3,European Journal of Plant Pathology,https://openalex.org/W2493742157,NA,2016_European_Journal_of_Plant_Pathology_Effect_of_controlled_fluctuating_low_temperatures_on_survival_of_Pucci.pdf,pdfs/2016_European_Journal_of_Plant_Pathology_Effect_of_controlled_fluctuating_low_temperatures_on_survival_of_Pucci.pdf,FALSE
European Journal of Plant Pathology,2016,1573-8469,issn_online,control,"PBT1, a novel antimicrobial protein from the biocontrol agent Bacillus subtilis XF-1 against Plasmodiophora brassicae",https://doi.org/10.1007/s10658-016-0905-y,15,European Journal of Plant Pathology,https://openalex.org/W2460889986,NA,2016_European_Journal_of_Plant_Pathology_PBT1_a_novel_antimicrobial_protein_from_the_biocontrol_agent_Bacillus_.pdf,pdfs/2016_European_Journal_of_Plant_Pathology_PBT1_a_novel_antimicrobial_protein_from_the_biocontrol_agent_Bacillus_.pdf,FALSE
Journal of General Plant Pathology,2025,1610-739X,issn_online,control,Chemical decontamination of greenhouses to control tomato black leaf mold,https://doi.org/10.1007/s10327-025-01224-5,0,Journal of General Plant Pathology,https://openalex.org/W4407406595,NA,2025_Journal_of_General_Plant_Pathology_Chemical_decontamination_of_greenhouses_to_control_tomato_black_leaf_m.pdf,pdfs/2025_Journal_of_General_Plant_Pathology_Chemical_decontamination_of_greenhouses_to_control_tomato_black_leaf_m.pdf,FALSE
Journal of General Plant Pathology,2025,1610-739X,issn_online,control,Interdisciplinary research in plant pathology: application of plasma engineering for plant disease control and contribution to earthquake reconstruction along the coastal area of Fukushima prefecture,https://doi.org/10.1007/s10327-025-01236-1,0,Journal of General Plant Pathology,https://openalex.org/W4411977269,NA,2025_Journal_of_General_Plant_Pathology_Interdisciplinary_research_in_plant_pathology_application_of_plasma_en.pdf,pdfs/2025_Journal_of_General_Plant_Pathology_Interdisciplinary_research_in_plant_pathology_application_of_plasma_en.pdf,FALSE
Journal of General Plant Pathology,2024,1610-739X,issn_online,control,Green synthesis of Cu2O nanoparticles: characterization and application to control tobacco mosaic virus infection,https://doi.org/10.1007/s10327-024-01206-z,0,Journal of General Plant Pathology,https://openalex.org/W4404254101,NA,2024_Journal_of_General_Plant_Pathology_Green_synthesis_of_Cu2O_nanoparticles_characterization_and_application.pdf,pdfs/2024_Journal_of_General_Plant_Pathology_Green_synthesis_of_Cu2O_nanoparticles_characterization_and_application.pdf,FALSE
Journal of General Plant Pathology,2024,1610-739X,issn_online,control,Multiplex PCR specific for genus Phytophthora and P. nicotianae with an internal plant DNA control for effective quarantine of Phytophthora species in Japan,https://doi.org/10.1007/s10327-024-01179-z,2,Journal of General Plant Pathology,https://openalex.org/W4396868372,https://link.springer.com/content/pdf/10.1007/s10327-024-01179-z.pdf,2024_Journal_of_General_Plant_Pathology_Multiplex_PCR_specific_for_genus_Phytophthora_and_P_nicotianae_with_an.pdf,pdfs/2024_Journal_of_General_Plant_Pathology_Multiplex_PCR_specific_for_genus_Phytophthora_and_P_nicotianae_with_an.pdf,TRUE
Journal of General Plant Pathology,2024,1610-739X,issn_online,control,Strategic biological control of difficult-to-control plant diseases and pests for sustainable agriculture,https://doi.org/10.1007/s10327-024-01192-2,1,Journal of General Plant Pathology,https://openalex.org/W4401981511,NA,2024_Journal_of_General_Plant_Pathology_Strategic_biological_control_of_difficult_to_control_plant_diseases_an.pdf,pdfs/2024_Journal_of_General_Plant_Pathology_Strategic_biological_control_of_difficult_to_control_plant_diseases_an.pdf,FALSE
Journal of General Plant Pathology,2023,1610-739X,issn_online,control,Control of tomato southern blight caused by Athelia rolfsii (syn. Sclerotium rolfsii) using the soil isolate Streptomyces sasae strain GT4041,https://doi.org/10.1007/s10327-023-01122-8,4,Journal of General Plant Pathology,https://openalex.org/W4362554490,NA,2023_Journal_of_General_Plant_Pathology_Control_of_tomato_southern_blight_caused_by_Athelia_rolfsii_syn_Sclero.pdf,pdfs/2023_Journal_of_General_Plant_Pathology_Control_of_tomato_southern_blight_caused_by_Athelia_rolfsii_syn_Sclero.pdf,FALSE
Journal of General Plant Pathology,2023,1610-739X,issn_online,control,Evaluation of two nematophagous fungi for the control of false root-knot nematode Nacobbus aberrans in pepper crops,https://doi.org/10.1007/s10327-023-01145-1,7,Journal of General Plant Pathology,https://openalex.org/W4386120507,http://sedici.unlp.edu.ar/bitstream/handle/10915/163875/Documento_completo.pdf?sequence=1,2023_Journal_of_General_Plant_Pathology_Evaluation_of_two_nematophagous_fungi_for_the_control_of_false_root_kn.pdf,pdfs/2023_Journal_of_General_Plant_Pathology_Evaluation_of_two_nematophagous_fungi_for_the_control_of_false_root_kn.pdf,TRUE
Journal of General Plant Pathology,2022,1610-739X,issn_online,control,Efficacy of RNA-spray-induced silencing of Phakopsora pachyrhizi chitin synthase genes to control soybean rust,https://doi.org/10.1007/s10327-022-01061-w,16,Journal of General Plant Pathology,https://openalex.org/W4220924598,NA,2022_Journal_of_General_Plant_Pathology_Efficacy_of_RNA_spray_induced_silencing_of_Phakopsora_pachyrhizi_chiti.pdf,pdfs/2022_Journal_of_General_Plant_Pathology_Efficacy_of_RNA_spray_induced_silencing_of_Phakopsora_pachyrhizi_chiti.pdf,FALSE
Journal of General Plant Pathology,2022,1610-739X,issn_online,control,Isolation of Burkholderia jumbo phages and their utilization as biocontrol agents to suppress rice seedling rot disease,https://doi.org/10.1007/s10327-022-01107-z,10,Journal of General Plant Pathology,https://openalex.org/W4309782968,NA,2022_Journal_of_General_Plant_Pathology_Isolation_of_Burkholderia_jumbo_phages_and_their_utilization_as_biocon.pdf,pdfs/2022_Journal_of_General_Plant_Pathology_Isolation_of_Burkholderia_jumbo_phages_and_their_utilization_as_biocon.pdf,FALSE
Journal of General Plant Pathology,2021,1610-739X,issn_online,control,Control efficacy of the systemic acquired resistance (SAR) inducer acibenzolar-S-methyl against Venturia nashicola in Japanese pear orchards,https://doi.org/10.1007/s10327-021-01013-w,7,Journal of General Plant Pathology,https://openalex.org/W3170376799,NA,2021_Journal_of_General_Plant_Pathology_Control_efficacy_of_the_systemic_acquired_resistance_SAR_inducer_acibe.pdf,pdfs/2021_Journal_of_General_Plant_Pathology_Control_efficacy_of_the_systemic_acquired_resistance_SAR_inducer_acibe.pdf,FALSE
Journal of General Plant Pathology,2021,1610-739X,issn_online,control,Evaluation of Bacillus spp. isolates as potential biocontrol agents against charcoal rot caused by Macrophomina phaseolina on common bean,https://doi.org/10.1007/s10327-021-01019-4,14,Journal of General Plant Pathology,https://openalex.org/W3184116423,NA,2021_Journal_of_General_Plant_Pathology_Evaluation_of_Bacillus_spp_isolates_as_potential_biocontrol_agents_aga.pdf,pdfs/2021_Journal_of_General_Plant_Pathology_Evaluation_of_Bacillus_spp_isolates_as_potential_biocontrol_agents_aga.pdf,FALSE
Journal of General Plant Pathology,2021,1610-739X,issn_online,control,Migration of biological control agent Rhizobium vitis strain ARK-1 in grapevine stems and inhibition of galls caused by tumorigenic strain of R. vitis,https://doi.org/10.1007/s10327-021-01043-4,11,Journal of General Plant Pathology,https://openalex.org/W3213182337,NA,2021_Journal_of_General_Plant_Pathology_Migration_of_biological_control_agent_Rhizobium_vitis_strain_ARK_1_in_.pdf,pdfs/2021_Journal_of_General_Plant_Pathology_Migration_of_biological_control_agent_Rhizobium_vitis_strain_ARK_1_in_.pdf,FALSE
Journal of General Plant Pathology,2021,1610-739X,issn_online,control,Studies on control of seed borne bacterial vegetable disease: studies on epidemiology and control of cucurbits bacterial fruit blotch,https://doi.org/10.1007/s10327-021-01034-5,3,Journal of General Plant Pathology,https://openalex.org/W3200018655,NA,2021_Journal_of_General_Plant_Pathology_Studies_on_control_of_seed_borne_bacterial_vegetable_disease_studies_o.pdf,pdfs/2021_Journal_of_General_Plant_Pathology_Studies_on_control_of_seed_borne_bacterial_vegetable_disease_studies_o.pdf,FALSE
Journal of General Plant Pathology,2020,1610-739X,issn_online,control,Acibenzolar-S-methyl and probenazole activate stomatal-based defense at different times to control bacterial blight of cabbage,https://doi.org/10.1007/s10327-020-00965-9,13,Journal of General Plant Pathology,https://openalex.org/W3094036230,NA,2020_Journal_of_General_Plant_Pathology_Acibenzolar_S_methyl_and_probenazole_activate_stomatal_based_defense_a.pdf,pdfs/2020_Journal_of_General_Plant_Pathology_Acibenzolar_S_methyl_and_probenazole_activate_stomatal_based_defense_a.pdf,FALSE
Journal of General Plant Pathology,2020,1610-739X,issn_online,control,Development of plant virus symptoms and attenuated virus strains to control viral disease,https://doi.org/10.1007/s10327-020-00951-1,1,Journal of General Plant Pathology,https://openalex.org/W3081663326,NA,2020_Journal_of_General_Plant_Pathology_Development_of_plant_virus_symptoms_and_attenuated_virus_strains_to_co.pdf,pdfs/2020_Journal_of_General_Plant_Pathology_Development_of_plant_virus_symptoms_and_attenuated_virus_strains_to_co.pdf,FALSE
Journal of General Plant Pathology,2020,1610-739X,issn_online,control,Selection of Trichoderma products to enhance the control of loquat white root rot by hot water drip irrigation,https://doi.org/10.1007/s10327-020-00941-3,2,Journal of General Plant Pathology,https://openalex.org/W3040942715,NA,2020_Journal_of_General_Plant_Pathology_Selection_of_Trichoderma_products_to_enhance_the_control_of_loquat_whi.pdf,pdfs/2020_Journal_of_General_Plant_Pathology_Selection_of_Trichoderma_products_to_enhance_the_control_of_loquat_whi.pdf,FALSE
Journal of General Plant Pathology,2019,1610-739X,issn_online,control,Colonization of winter wheat grain with Fusarium and Alternaria species and influence on pest control management,https://doi.org/10.1007/s10327-019-00844-y,7,Journal of General Plant Pathology,https://openalex.org/W2915993071,NA,2019_Journal_of_General_Plant_Pathology_Colonization_of_winter_wheat_grain_with_Fusarium_and_Alternaria_specie.pdf,pdfs/2019_Journal_of_General_Plant_Pathology_Colonization_of_winter_wheat_grain_with_Fusarium_and_Alternaria_specie.pdf,FALSE
Journal of General Plant Pathology,2019,1610-739X,issn_online,control,Improving performance of microbial biocontrol agents against plant diseases,https://doi.org/10.1007/s10327-019-00866-6,65,Journal of General Plant Pathology,https://openalex.org/W2953486234,NA,2019_Journal_of_General_Plant_Pathology_Improving_performance_of_microbial_biocontrol_agents_against_plant_dis.pdf,pdfs/2019_Journal_of_General_Plant_Pathology_Improving_performance_of_microbial_biocontrol_agents_against_plant_dis.pdf,FALSE
Journal of General Plant Pathology,2019,1610-739X,issn_online,control,Novel bacterial control agent tolprocarb enhances systemic acquired resistance in Arabidopsis and rice as a second mode of action,https://doi.org/10.1007/s10327-019-00891-5,6,Journal of General Plant Pathology,https://openalex.org/W2985099135,https://link.springer.com/content/pdf/10.1007/s10327-019-00891-5.pdf,2019_Journal_of_General_Plant_Pathology_Novel_bacterial_control_agent_tolprocarb_enhances_systemic_acquired_re.pdf,pdfs/2019_Journal_of_General_Plant_Pathology_Novel_bacterial_control_agent_tolprocarb_enhances_systemic_acquired_re.pdf,TRUE
Journal of General Plant Pathology,2019,1610-739X,issn_online,control,Studies on the control of mycotoxin contamination with Fusarium head blight in wheat and barley,https://doi.org/10.1007/s10327-019-00876-4,2,Journal of General Plant Pathology,https://openalex.org/W2965161183,NA,2019_Journal_of_General_Plant_Pathology_Studies_on_the_control_of_mycotoxin_contamination_with_Fusarium_head_b.pdf,pdfs/2019_Journal_of_General_Plant_Pathology_Studies_on_the_control_of_mycotoxin_contamination_with_Fusarium_head_b.pdf,FALSE
Journal of General Plant Pathology,2018,1610-739X,issn_online,control,Bionic fungicide physcion controls gray mold in tomato: possible modes of action,https://doi.org/10.1007/s10327-018-0821-4,8,Journal of General Plant Pathology,https://openalex.org/W2896744580,NA,2018_Journal_of_General_Plant_Pathology_Bionic_fungicide_physcion_controls_gray_mold_in_tomato_possible_modes_.pdf,pdfs/2018_Journal_of_General_Plant_Pathology_Bionic_fungicide_physcion_controls_gray_mold_in_tomato_possible_modes_.pdf,FALSE
Journal of General Plant Pathology,2018,1610-739X,issn_online,control,"Control of Fusarium wilt of melon by combined treatment with biocontrol, plant-activating, and soil-alkalizing agents",https://doi.org/10.1007/s10327-018-00833-7,7,Journal of General Plant Pathology,https://openalex.org/W2904646541,NA,2018_Journal_of_General_Plant_Pathology_Control_of_Fusarium_wilt_of_melon_by_combined_treatment_with_biocontro.pdf,pdfs/2018_Journal_of_General_Plant_Pathology_Control_of_Fusarium_wilt_of_melon_by_combined_treatment_with_biocontro.pdf,FALSE
Journal of General Plant Pathology,2018,1610-739X,issn_online,control,"Direct antifungal activity of tiadinil, a systemic acquired resistance inducer, and thymol formulations on Stagonosporopsis citrulli and control of watermelon gummy stem blight",https://doi.org/10.1007/s10327-018-0783-6,7,Journal of General Plant Pathology,https://openalex.org/W2800983922,NA,2018_Journal_of_General_Plant_Pathology_Direct_antifungal_activity_of_tiadinil_a_systemic_acquired_resistance_.pdf,pdfs/2018_Journal_of_General_Plant_Pathology_Direct_antifungal_activity_of_tiadinil_a_systemic_acquired_resistance_.pdf,FALSE
Journal of General Plant Pathology,2017,1610-739X,issn_online,control,Characterization of the suppressive effects of the biological control strain VAR03-1 of Rhizobium vitis on the virulence of tumorigenic R. vitis,https://doi.org/10.1007/s10327-017-0756-1,17,Journal of General Plant Pathology,https://openalex.org/W2773844780,NA,2017_Journal_of_General_Plant_Pathology_Characterization_of_the_suppressive_effects_of_the_biological_control_.pdf,pdfs/2017_Journal_of_General_Plant_Pathology_Characterization_of_the_suppressive_effects_of_the_biological_control_.pdf,FALSE
Journal of General Plant Pathology,2017,1610-739X,issn_online,control,Efficacy of phosphonate in controlling white powdery rot of fig caused by Phytophthora palmivora,https://doi.org/10.1007/s10327-017-0746-3,5,Journal of General Plant Pathology,https://openalex.org/W2763380935,NA,2017_Journal_of_General_Plant_Pathology_Efficacy_of_phosphonate_in_controlling_white_powdery_rot_of_fig_caused.pdf,pdfs/2017_Journal_of_General_Plant_Pathology_Efficacy_of_phosphonate_in_controlling_white_powdery_rot_of_fig_caused.pdf,FALSE
Journal of General Plant Pathology,2017,1610-739X,issn_online,control,Improved control of black rot of broccoli caused by Xanthomonas campestris pv. campestris using a bacteriophage and a nonpathogenic Xanthomonas sp. strain,https://doi.org/10.1007/s10327-017-0745-4,31,Journal of General Plant Pathology,https://openalex.org/W2761110042,NA,2017_Journal_of_General_Plant_Pathology_Improved_control_of_black_rot_of_broccoli_caused_by_Xanthomonas_campes.pdf,pdfs/2017_Journal_of_General_Plant_Pathology_Improved_control_of_black_rot_of_broccoli_caused_by_Xanthomonas_campes.pdf,FALSE
Journal of General Plant Pathology,2017,1610-739X,issn_online,control,Studies on the epidemiology and control of red crown rot of soybean,https://doi.org/10.1007/s10327-017-0750-7,10,Journal of General Plant Pathology,https://openalex.org/W2762156782,NA,2017_Journal_of_General_Plant_Pathology_Studies_on_the_epidemiology_and_control_of_red_crown_rot_of_soybean.pdf,pdfs/2017_Journal_of_General_Plant_Pathology_Studies_on_the_epidemiology_and_control_of_red_crown_rot_of_soybean.pdf,FALSE
Journal of General Plant Pathology,2016,1610-739X,issn_online,control,Control of Colletotrichum fructicola on strawberry with a foliar spray of neutral electrolyzed water through an overhead irrigation system,https://doi.org/10.1007/s10327-016-0667-6,26,Journal of General Plant Pathology,https://openalex.org/W2396357679,NA,2016_Journal_of_General_Plant_Pathology_Control_of_Colletotrichum_fructicola_on_strawberry_with_a_foliar_spray.pdf,pdfs/2016_Journal_of_General_Plant_Pathology_Control_of_Colletotrichum_fructicola_on_strawberry_with_a_foliar_spray.pdf,FALSE
Journal of General Plant Pathology,2016,1610-739X,issn_online,control,Evaluation of chemical and biological seed treatments to control charcoal rot of soybean,https://doi.org/10.1007/s10327-016-0669-4,42,Journal of General Plant Pathology,https://openalex.org/W2487067931,https://link.springer.com/content/pdf/10.1007/s10327-016-0669-4.pdf,2016_Journal_of_General_Plant_Pathology_Evaluation_of_chemical_and_biological_seed_treatments_to_control_charc.pdf,pdfs/2016_Journal_of_General_Plant_Pathology_Evaluation_of_chemical_and_biological_seed_treatments_to_control_charc.pdf,TRUE
Journal of General Plant Pathology,2016,1610-739X,issn_online,control,Studies on biological control of an invasive alien weed using plant pathogenic fungi,https://doi.org/10.1007/s10327-016-0681-8,1,Journal of General Plant Pathology,https://openalex.org/W2529618981,NA,2016_Journal_of_General_Plant_Pathology_Studies_on_biological_control_of_an_invasive_alien_weed_using_plant_pa.pdf,pdfs/2016_Journal_of_General_Plant_Pathology_Studies_on_biological_control_of_an_invasive_alien_weed_using_plant_pa.pdf,FALSE
Journal of General Plant Pathology,2016,1610-739X,issn_online,control,"The global regulator LaeA controls biosynthesis of host-specific toxins, pathogenicity and development of Alternaria alternata pathotypes",https://doi.org/10.1007/s10327-016-0656-9,19,Journal of General Plant Pathology,https://openalex.org/W2333170865,NA,2016_Journal_of_General_Plant_Pathology_The_global_regulator_LaeA_controls_biosynthesis_of_host_specific_toxin.pdf,pdfs/2016_Journal_of_General_Plant_Pathology_The_global_regulator_LaeA_controls_biosynthesis_of_host_specific_toxin.pdf,FALSE
Journal of Phytopathology,2025,1439-0434,issn_online,control,Exploring Bacterial Endophytes as Potential Biocontrol Agents Against <i>Aspergillus parasiticus</i> Colonisation and Aflatoxin Contamination in Maize,https://doi.org/10.1111/jph.70119,1,Journal of Phytopathology,https://openalex.org/W4411919131,NA,2025_Journal_of_Phytopathology_Exploring_Bacterial_Endophytes_as_Potential_Biocontrol_Agents_Against_.pdf,pdfs/2025_Journal_of_Phytopathology_Exploring_Bacterial_Endophytes_as_Potential_Biocontrol_Agents_Against_.pdf,FALSE
Journal of Phytopathology,2025,1439-0434,issn_online,control,"Influence of Temperature, Light and Surfactants on the Longevity of Silver Nanoparticles Synthesised From <i>Ipomoea carnea</i> for the Control of <i>Rhizoctonia solani</i>",https://doi.org/10.1111/jph.70146,0,Journal of Phytopathology,https://openalex.org/W4413735698,NA,2025_Journal_of_Phytopathology_Influence_of_Temperature_Light_and_Surfactants_on_the_Longevity_of_Sil.pdf,pdfs/2025_Journal_of_Phytopathology_Influence_of_Temperature_Light_and_Surfactants_on_the_Longevity_of_Sil.pdf,FALSE
Journal of Phytopathology,2025,1439-0434,issn_online,control,"Interactive Effect of Irrigation Supplementation, Compost‐Fertilisation and Resistant Cassava Varieties on the Control and Management of CMD and CBSD, Incidences and Severity Through Morphological Detection Technique",https://doi.org/10.1111/jph.70042,2,Journal of Phytopathology,https://openalex.org/W4409862126,https://onlinelibrary.wiley.com/doi/pdfdirect/10.1111/jph.70042,2025_Journal_of_Phytopathology_Interactive_Effect_of_Irrigation_Supplementation_Compost_Fertilisation.pdf,pdfs/2025_Journal_of_Phytopathology_Interactive_Effect_of_Irrigation_Supplementation_Compost_Fertilisation.pdf,FALSE
Journal of Phytopathology,2025,1439-0434,issn_online,control,Phyllosphere Yeast <i>Meyerozyma caribbica</i> <scp>YDP</scp> ‐27: Effective Biocontrol Against Post‐Harvest Pathogens With Stress Resilience,https://doi.org/10.1111/jph.70059,3,Journal of Phytopathology,https://openalex.org/W4409326033,https://onlinelibrary.wiley.com/doi/pdfdirect/10.1111/jph.70059,2025_Journal_of_Phytopathology_Phyllosphere_Yeast_i_Meyerozyma_caribbica_i_scp_YDP_scp_27_Effective_B.pdf,pdfs/2025_Journal_of_Phytopathology_Phyllosphere_Yeast_i_Meyerozyma_caribbica_i_scp_YDP_scp_27_Effective_B.pdf,FALSE
Journal of Phytopathology,2024,1439-0434,issn_online,control,Assessing the Compatibility of <i>Streptomyces saraceticus</i> With Pesticides and the Efficacy in Controlling Root‐Knot Nematode,https://doi.org/10.1111/jph.13385,1,Journal of Phytopathology,https://openalex.org/W4402127901,https://onlinelibrary.wiley.com/doi/pdfdirect/10.1111/jph.13385,2024_Journal_of_Phytopathology_Assessing_the_Compatibility_of_i_Streptomyces_saraceticus_i_With_Pesti.pdf,pdfs/2024_Journal_of_Phytopathology_Assessing_the_Compatibility_of_i_Streptomyces_saraceticus_i_With_Pesti.pdf,FALSE
Journal of Phytopathology,2024,1439-0434,issn_online,control,Embracing Biological Control of Septoria Tritici Blotch for Sustainable Wheat Protection,https://doi.org/10.1111/jph.13395,4,Journal of Phytopathology,https://openalex.org/W4402685418,https://onlinelibrary.wiley.com/doi/pdfdirect/10.1111/jph.13395,2024_Journal_of_Phytopathology_Embracing_Biological_Control_of_Septoria_Tritici_Blotch_for_Sustainabl.pdf,pdfs/2024_Journal_of_Phytopathology_Embracing_Biological_Control_of_Septoria_Tritici_Blotch_for_Sustainabl.pdf,FALSE
Journal of Phytopathology,2024,1439-0434,issn_online,control,Evaluation of <i>Bacillus amyloliquefaciens</i><scp>TV</scp>‐<scp>17C</scp> as a potential biocontrol agent for controlling postharvest <i>Penicillium digitatum</i> on orange,https://doi.org/10.1111/jph.13345,4,Journal of Phytopathology,https://openalex.org/W4399816367,NA,2024_Journal_of_Phytopathology_Evaluation_of_i_Bacillus_amyloliquefaciens_i_scp_TV_scp_scp_17C_scp_as.pdf,pdfs/2024_Journal_of_Phytopathology_Evaluation_of_i_Bacillus_amyloliquefaciens_i_scp_TV_scp_scp_17C_scp_as.pdf,FALSE
Journal of Phytopathology,2024,1439-0434,issn_online,control,Integrated Control of Alternaria Blotch in Apple Orchards,https://doi.org/10.1111/jph.13436,2,Journal of Phytopathology,https://openalex.org/W4404833601,NA,2024_Journal_of_Phytopathology_Integrated_Control_of_Alternaria_Blotch_in_Apple_Orchards.pdf,pdfs/2024_Journal_of_Phytopathology_Integrated_Control_of_Alternaria_Blotch_in_Apple_Orchards.pdf,FALSE
Journal of Phytopathology,2023,1439-0434,issn_online,control,Effect of host genotype on biocontrol of white root rot in <i>Pyrus communis</i> L. rootstocks by <i>Trichoderma harzianum</i> and <i>Bacillus</i> spp.,https://doi.org/10.1111/jph.13235,4,Journal of Phytopathology,https://openalex.org/W4387672239,NA,2023_Journal_of_Phytopathology_Effect_of_host_genotype_on_biocontrol_of_white_root_rot_in_i_Pyrus_com.pdf,pdfs/2023_Journal_of_Phytopathology_Effect_of_host_genotype_on_biocontrol_of_white_root_rot_in_i_Pyrus_com.pdf,FALSE
Journal of Phytopathology,2023,1439-0434,issn_online,control,Evaluation of native isolates of <i>Trichoderma</i> spp. for controlling potato late blight caused by <i>Phytophthora infestans</i> in Nepal,https://doi.org/10.1111/jph.13214,5,Journal of Phytopathology,https://openalex.org/W4385737802,NA,2023_Journal_of_Phytopathology_Evaluation_of_native_isolates_of_i_Trichoderma_i_spp_for_controlling_p.pdf,pdfs/2023_Journal_of_Phytopathology_Evaluation_of_native_isolates_of_i_Trichoderma_i_spp_for_controlling_p.pdf,FALSE
Journal of Phytopathology,2023,1439-0434,issn_online,control,"Sensitivity of tomato leaf mould–causing <i>Fulvia fulva</i> to seven succinate dehydrogenase inhibitor ( <scp>SDHI)</scp> fungicides in Nara Prefecture, Japan and high efficacy of isofetamid in controlling <scp>SDHI</scp> ‐resistant isolates",https://doi.org/10.1111/jph.13243,7,Journal of Phytopathology,https://openalex.org/W4388221960,NA,2023_Journal_of_Phytopathology_Sensitivity_of_tomato_leaf_mould_causing_i_Fulvia_fulva_i_to_seven_suc.pdf,pdfs/2023_Journal_of_Phytopathology_Sensitivity_of_tomato_leaf_mould_causing_i_Fulvia_fulva_i_to_seven_suc.pdf,FALSE
Journal of Phytopathology,2023,1439-0434,issn_online,control,The presence of the plant pathogen <i>Fusarium graminearum</i> as a soil inoculum enhances the rhizosphere survival of bacterial biocontrol strains aimed at the pathogen,https://doi.org/10.1111/jph.13209,1,Journal of Phytopathology,https://openalex.org/W4385174945,NA,2023_Journal_of_Phytopathology_The_presence_of_the_plant_pathogen_i_Fusarium_graminearum_i_as_a_soil_.pdf,pdfs/2023_Journal_of_Phytopathology_The_presence_of_the_plant_pathogen_i_Fusarium_graminearum_i_as_a_soil_.pdf,FALSE
Journal of Phytopathology,2022,1439-0434,issn_online,control,<i>Cinnamomum cassia</i> essential oil and ( <i>E</i> )‐cinnamaldehyde as control agents of anthracnose on common bean seeds,https://doi.org/10.1111/jph.13092,8,Journal of Phytopathology,https://openalex.org/W4220745462,NA,2022_Journal_of_Phytopathology__i_Cinnamomum_cassia_i_essential_oil_and_i_E_i_cinnamaldehyde_as_contr.pdf,pdfs/2022_Journal_of_Phytopathology__i_Cinnamomum_cassia_i_essential_oil_and_i_E_i_cinnamaldehyde_as_contr.pdf,FALSE
Journal of Phytopathology,2022,1439-0434,issn_online,control,Bioactive compound isolated from <i>Conyza canadensis</i> combined with physical treatments for the control of green mould in Orange,https://doi.org/10.1111/jph.13063,5,Journal of Phytopathology,https://openalex.org/W4205244298,NA,2022_Journal_of_Phytopathology_Bioactive_compound_isolated_from_i_Conyza_canadensis_i_combined_with_p.pdf,pdfs/2022_Journal_of_Phytopathology_Bioactive_compound_isolated_from_i_Conyza_canadensis_i_combined_with_p.pdf,FALSE
Journal of Phytopathology,2022,1439-0434,issn_online,control,Cinnamon extract and sodium hypochlorite in the in vitro control of <i>Fusarium oxysporum</i> f. sp. <i>lycopersici</i> and <i>Alternaria alternata</i> from tomato,https://doi.org/10.1111/jph.13143,8,Journal of Phytopathology,https://openalex.org/W4296708854,NA,2022_Journal_of_Phytopathology_Cinnamon_extract_and_sodium_hypochlorite_in_the_in_vitro_control_of_i_.pdf,pdfs/2022_Journal_of_Phytopathology_Cinnamon_extract_and_sodium_hypochlorite_in_the_in_vitro_control_of_i_.pdf,FALSE
Journal of Phytopathology,2022,1439-0434,issn_online,control,"The effects of biological control agents, potassium phosphite and calcium oxide on race 1 of <i>Fusarium oxysporum</i> f. sp. <i>lactucae</i> of lettuce in closed soilless cultivation systems",https://doi.org/10.1111/jph.13127,10,Journal of Phytopathology,https://openalex.org/W4285042933,https://onlinelibrary.wiley.com/doi/pdfdirect/10.1111/jph.13127,2022_Journal_of_Phytopathology_The_effects_of_biological_control_agents_potassium_phosphite_and_calci.pdf,pdfs/2022_Journal_of_Phytopathology_The_effects_of_biological_control_agents_potassium_phosphite_and_calci.pdf,FALSE
Journal of Phytopathology,2021,1439-0434,issn_online,control,<i>Macrotyloma axillare</i> ‘Java’ and <i>Crotalaria</i> spp. combined with biocontrol agents for the management of <i>Meloidogyne javanica</i> in soybean,https://doi.org/10.1111/jph.13048,6,Journal of Phytopathology,https://openalex.org/W3202946950,NA,2021_Journal_of_Phytopathology__i_Macrotyloma_axillare_i_Java_and_i_Crotalaria_i_spp_combined_with_bi.pdf,pdfs/2021_Journal_of_Phytopathology__i_Macrotyloma_axillare_i_Java_and_i_Crotalaria_i_spp_combined_with_bi.pdf,FALSE
Journal of Phytopathology,2021,1439-0434,issn_online,control,Antifungal activity of zinc oxide nanoparticles in <i>Fusarium oxysporum‐Solanum lycopersicum</i> pathosystem under controlled conditions,https://doi.org/10.1111/jph.13023,66,Journal of Phytopathology,https://openalex.org/W3166977220,NA,2021_Journal_of_Phytopathology_Antifungal_activity_of_zinc_oxide_nanoparticles_in_i_Fusarium_oxysporu.pdf,pdfs/2021_Journal_of_Phytopathology_Antifungal_activity_of_zinc_oxide_nanoparticles_in_i_Fusarium_oxysporu.pdf,FALSE
Journal of Phytopathology,2021,1439-0434,issn_online,control,Identification of <i>Paramyrothecium foliicola</i> causing crater rot in eggplant and its potential hosts under controlled conditions,https://doi.org/10.1111/jph.13062,16,Journal of Phytopathology,https://openalex.org/W4200166222,NA,2021_Journal_of_Phytopathology_Identification_of_i_Paramyrothecium_foliicola_i_causing_crater_rot_in_.pdf,pdfs/2021_Journal_of_Phytopathology_Identification_of_i_Paramyrothecium_foliicola_i_causing_crater_rot_in_.pdf,FALSE
Journal of Phytopathology,2021,1439-0434,issn_online,control,"The role of <i>Cinnamomum zeylanicum</i> essential oil, ( <i>E</i> )‐cinnamaldehyde and ( <i>E</i> )‐cinnamaldehyde oxime in the control of <i>Meloidogyne incognita</i>",https://doi.org/10.1111/jph.12979,16,Journal of Phytopathology,https://openalex.org/W3131570534,NA,2021_Journal_of_Phytopathology_The_role_of_i_Cinnamomum_zeylanicum_i_essential_oil_i_E_i_cinnamaldehy.pdf,pdfs/2021_Journal_of_Phytopathology_The_role_of_i_Cinnamomum_zeylanicum_i_essential_oil_i_E_i_cinnamaldehy.pdf,FALSE
Journal of Phytopathology,2020,1439-0434,issn_online,control,Chemical components of essential oils as a base to control two grape pathogens: <i>Sphaceloma ampelinum</i> and <i>Pseudocercopora vitis</i>,https://doi.org/10.1111/jph.12898,14,Journal of Phytopathology,https://openalex.org/W3015088940,NA,2020_Journal_of_Phytopathology_Chemical_components_of_essential_oils_as_a_base_to_control_two_grape_p.pdf,pdfs/2020_Journal_of_Phytopathology_Chemical_components_of_essential_oils_as_a_base_to_control_two_grape_p.pdf,FALSE
Journal of Phytopathology,2020,1439-0434,issn_online,control,Evaluation of fungicides to control potato late blight (<i>Phytophthora infestans</i>) in the plains of Nepal,https://doi.org/10.1111/jph.12886,22,Journal of Phytopathology,https://openalex.org/W3010987568,NA,2020_Journal_of_Phytopathology_Evaluation_of_fungicides_to_control_potato_late_blight_i_Phytophthora_.pdf,pdfs/2020_Journal_of_Phytopathology_Evaluation_of_fungicides_to_control_potato_late_blight_i_Phytophthora_.pdf,FALSE
Journal of Phytopathology,2020,1439-0434,issn_online,control,Host range of <i>Peronospora somniferi</i> and <i>Pe. meconopsidis</i> within selected members of the <i>Papaveraceae</i> under controlled conditions,https://doi.org/10.1111/jph.12947,0,Journal of Phytopathology,https://openalex.org/W3083614410,NA,2020_Journal_of_Phytopathology_Host_range_of_i_Peronospora_somniferi_i_and_i_Pe_meconopsidis_i_within.pdf,pdfs/2020_Journal_of_Phytopathology_Host_range_of_i_Peronospora_somniferi_i_and_i_Pe_meconopsidis_i_within.pdf,FALSE
Journal of Phytopathology,2019,1439-0434,issn_online,control,Bacterial iturins mediate biocontrol activity of <i>Bacillus</i> sp. against postharvest pear fruit‐rotting fungi,https://doi.org/10.1111/jph.12837,15,Journal of Phytopathology,https://openalex.org/W2950190119,NA,2019_Journal_of_Phytopathology_Bacterial_iturins_mediate_biocontrol_activity_of_i_Bacillus_i_sp_again.pdf,pdfs/2019_Journal_of_Phytopathology_Bacterial_iturins_mediate_biocontrol_activity_of_i_Bacillus_i_sp_again.pdf,FALSE
Journal of Phytopathology,2019,1439-0434,issn_online,control,Effect of chitosan for the control of potato diseases caused by <i>Fusarium</i> species,https://doi.org/10.1111/jph.12847,42,Journal of Phytopathology,https://openalex.org/W2979855799,NA,2019_Journal_of_Phytopathology_Effect_of_chitosan_for_the_control_of_potato_diseases_caused_by_i_Fusa.pdf,pdfs/2019_Journal_of_Phytopathology_Effect_of_chitosan_for_the_control_of_potato_diseases_caused_by_i_Fusa.pdf,FALSE
Journal of Phytopathology,2019,1439-0434,issn_online,control,Efficacy of different copper compounds in the control of <i>Xanthomonas citri</i> subsp. <i>citri</i> pathotypes A and A<sup>*</sup>,https://doi.org/10.1111/jph.12869,18,Journal of Phytopathology,https://openalex.org/W2983922800,NA,2019_Journal_of_Phytopathology_Efficacy_of_different_copper_compounds_in_the_control_of_i_Xanthomonas.pdf,pdfs/2019_Journal_of_Phytopathology_Efficacy_of_different_copper_compounds_in_the_control_of_i_Xanthomonas.pdf,FALSE
Journal of Phytopathology,2019,1439-0434,issn_online,control,Potential of zeolite to control <i>Sclerotinia sclerotiorum</i> and <i>Rhizoctonia solani</i> in lettuce and the induction of defence‐related genes,https://doi.org/10.1111/jph.12875,2,Journal of Phytopathology,https://openalex.org/W2996319707,NA,2019_Journal_of_Phytopathology_Potential_of_zeolite_to_control_i_Sclerotinia_sclerotiorum_i_and_i_Rhi.pdf,pdfs/2019_Journal_of_Phytopathology_Potential_of_zeolite_to_control_i_Sclerotinia_sclerotiorum_i_and_i_Rhi.pdf,FALSE
Journal of Phytopathology,2018,1439-0434,issn_online,control,Biocontrol of strawberry fruit infected by <i>Botrytis cinerea</i>: Effects on the microbial communities on fruit assessed by next‐generation sequencing,https://doi.org/10.1111/jph.12700,30,Journal of Phytopathology,https://openalex.org/W2794128914,NA,2018_Journal_of_Phytopathology_Biocontrol_of_strawberry_fruit_infected_by_i_Botrytis_cinerea_i_Effect.pdf,pdfs/2018_Journal_of_Phytopathology_Biocontrol_of_strawberry_fruit_infected_by_i_Botrytis_cinerea_i_Effect.pdf,FALSE
Journal of Phytopathology,2018,1439-0434,issn_online,control,Effects of the biocontrol agent <i>Bacillus amyloliquefaciens</i> SN16‐1 on the rhizosphere bacterial community and growth of tomato,https://doi.org/10.1111/jph.12690,32,Journal of Phytopathology,https://openalex.org/W2792460318,NA,2018_Journal_of_Phytopathology_Effects_of_the_biocontrol_agent_i_Bacillus_amyloliquefaciens_i_SN16_1_.pdf,pdfs/2018_Journal_of_Phytopathology_Effects_of_the_biocontrol_agent_i_Bacillus_amyloliquefaciens_i_SN16_1_.pdf,FALSE
Journal of Phytopathology,2018,1439-0434,issn_online,control,Physical postharvest treatments in the control of stem‐end rot of mango,https://doi.org/10.1111/jph.12721,21,Journal of Phytopathology,https://openalex.org/W2808382685,NA,2018_Journal_of_Phytopathology_Physical_postharvest_treatments_in_the_control_of_stem_end_rot_of_mang.pdf,pdfs/2018_Journal_of_Phytopathology_Physical_postharvest_treatments_in_the_control_of_stem_end_rot_of_mang.pdf,FALSE
Journal of Phytopathology,2018,1439-0434,issn_online,control,Using antagonistic soil bacteria and their cell‐free filtrates to control the black rot pathogen <i>Xanthomonas campestris</i> pv<i>. campestris</i>,https://doi.org/10.1111/jph.12709,14,Journal of Phytopathology,https://openalex.org/W2802659760,NA,2018_Journal_of_Phytopathology_Using_antagonistic_soil_bacteria_and_their_cell_free_filtrates_to_cont.pdf,pdfs/2018_Journal_of_Phytopathology_Using_antagonistic_soil_bacteria_and_their_cell_free_filtrates_to_cont.pdf,FALSE
Journal of Phytopathology,2017,1439-0434,issn_online,control,<i>Dryopteris crassirhizoma</i>Dryocrassin<scp>ABBA</scp>for Postharvest Control of the Potato Dry Rot Pathogen<i>Fusarium solani</i>var<i>. coeruleum</i>,https://doi.org/10.1111/jph.12570,7,Journal of Phytopathology,https://openalex.org/W2608632602,NA,2017_Journal_of_Phytopathology__i_Dryopteris_crassirhizoma_i_Dryocrassin_scp_ABBA_scp_for_Postharvest.pdf,pdfs/2017_Journal_of_Phytopathology__i_Dryopteris_crassirhizoma_i_Dryocrassin_scp_ABBA_scp_for_Postharvest.pdf,FALSE
Journal of Phytopathology,2017,1439-0434,issn_online,control,Effectiveness of preharvest application of submicron chitosan dispersions for controlling Alternaria rot in postharvest jujube fruit,https://doi.org/10.1111/jph.12576,10,Journal of Phytopathology,https://openalex.org/W2614771746,NA,2017_Journal_of_Phytopathology_Effectiveness_of_preharvest_application_of_submicron_chitosan_dispersi.pdf,pdfs/2017_Journal_of_Phytopathology_Effectiveness_of_preharvest_application_of_submicron_chitosan_dispersi.pdf,FALSE
Journal of Phytopathology,2017,1439-0434,issn_online,control,Marine yeasts and bacteria as biological control agents against anthracnose on mango,https://doi.org/10.1111/jph.12623,50,Journal of Phytopathology,https://openalex.org/W2755782661,NA,2017_Journal_of_Phytopathology_Marine_yeasts_and_bacteria_as_biological_control_agents_against_anthra.pdf,pdfs/2017_Journal_of_Phytopathology_Marine_yeasts_and_bacteria_as_biological_control_agents_against_anthra.pdf,FALSE
Journal of Phytopathology,2017,1439-0434,issn_online,control,Natural plant volatiles as an alternative approach to control stem‐end rot in avocado cultivars,https://doi.org/10.1111/jph.12653,14,Journal of Phytopathology,https://openalex.org/W2767913975,NA,2017_Journal_of_Phytopathology_Natural_plant_volatiles_as_an_alternative_approach_to_control_stem_end.pdf,pdfs/2017_Journal_of_Phytopathology_Natural_plant_volatiles_as_an_alternative_approach_to_control_stem_end.pdf,FALSE
Journal of Phytopathology,2016,1439-0434,issn_online,control,Biocontrol of Fusarium Wilt and Growth Promotion of Tomato Plants Using Endophytic Bacteria Isolated from <i>Solanum elaeagnifolium</i> Stems,https://doi.org/10.1111/jph.12501,49,Journal of Phytopathology,https://openalex.org/W2475315556,NA,2016_Journal_of_Phytopathology_Biocontrol_of_Fusarium_Wilt_and_Growth_Promotion_of_Tomato_Plants_Usin.pdf,pdfs/2016_Journal_of_Phytopathology_Biocontrol_of_Fusarium_Wilt_and_Growth_Promotion_of_Tomato_Plants_Usin.pdf,FALSE
Journal of Phytopathology,2016,1439-0434,issn_online,control,Breaking the Cycle of <i><scp>X</scp>anthomonas campestris</i> pv. <i>musacearum</i> in Infected Fields through the Cultivation of Annual Crops and Disease Control in Adjacent Fields,https://doi.org/10.1111/jph.12489,6,Journal of Phytopathology,https://openalex.org/W2399159175,NA,2016_Journal_of_Phytopathology_Breaking_the_Cycle_of_i_scp_X_scp_anthomonas_campestris_i_pv_i_musacea.pdf,pdfs/2016_Journal_of_Phytopathology_Breaking_the_Cycle_of_i_scp_X_scp_anthomonas_campestris_i_pv_i_musacea.pdf,FALSE
Journal of Phytopathology,2016,1439-0434,issn_online,control,Controlling and Defence‐related Mechanisms of <i>Bacillus</i> Strains Against Bacterial Leaf Blight of Rice,https://doi.org/10.1111/jph.12479,38,Journal of Phytopathology,https://openalex.org/W2343284913,NA,2016_Journal_of_Phytopathology_Controlling_and_Defence_related_Mechanisms_of_i_Bacillus_i_Strains_Aga.pdf,pdfs/2016_Journal_of_Phytopathology_Controlling_and_Defence_related_Mechanisms_of_i_Bacillus_i_Strains_Aga.pdf,FALSE
Journal of Phytopathology,2016,1439-0434,issn_online,control,Isolation and Identification of <i>Bacillus amyloliquefaciens </i><scp>IBFCBF</scp>‐1 with Potential for Biological Control of Phytophthora Blight and Growth Promotion of Pepper,https://doi.org/10.1111/jph.12522,32,Journal of Phytopathology,https://openalex.org/W2549631858,NA,2016_Journal_of_Phytopathology_Isolation_and_Identification_of_i_Bacillus_amyloliquefaciens_i_scp_IBF.pdf,pdfs/2016_Journal_of_Phytopathology_Isolation_and_Identification_of_i_Bacillus_amyloliquefaciens_i_scp_IBF.pdf,FALSE
Journal of Plant Diseases and Protection,2025,1861-3837,issn_online,control,Commercial availability of invertebrate biological control agents targeting plant pests in Germany,https://doi.org/10.1007/s41348-024-01046-1,5,Journal of Plant Diseases and Protection,https://openalex.org/W4407134517,https://link.springer.com/content/pdf/10.1007/s41348-024-01046-1.pdf,2025_Journal_of_Plant_Diseases_and_Protection_Commercial_availability_of_invertebrate_biological_control_agents_targ.pdf,pdfs/2025_Journal_of_Plant_Diseases_and_Protection_Commercial_availability_of_invertebrate_biological_control_agents_targ.pdf,TRUE
Journal of Plant Diseases and Protection,2025,1861-3837,issn_online,control,Integrating inert dusts with carbon dioxide as an ecofriendly approach for the control of Trogoderma granarium everts,https://doi.org/10.1007/s41348-025-01140-y,1,Journal of Plant Diseases and Protection,https://openalex.org/W4413382615,https://link.springer.com/content/pdf/10.1007/s41348-025-01140-y.pdf,2025_Journal_of_Plant_Diseases_and_Protection_Integrating_inert_dusts_with_carbon_dioxide_as_an_ecofriendly_approach.pdf,pdfs/2025_Journal_of_Plant_Diseases_and_Protection_Integrating_inert_dusts_with_carbon_dioxide_as_an_ecofriendly_approach.pdf,TRUE
Journal of Plant Diseases and Protection,2025,1861-3837,issn_online,control,"Molecular identification of decay fungi Botrytis deweyae and Aspergillus pseudotubingensis on strawberries, decay control, and fruit durability enhancement by combined thyme-rosemary microencapsulated essential oils",https://doi.org/10.1007/s41348-025-01085-2,5,Journal of Plant Diseases and Protection,https://openalex.org/W4409591649,NA,2025_Journal_of_Plant_Diseases_and_Protection_Molecular_identification_of_decay_fungi_Botrytis_deweyae_and_Aspergill.pdf,pdfs/2025_Journal_of_Plant_Diseases_and_Protection_Molecular_identification_of_decay_fungi_Botrytis_deweyae_and_Aspergill.pdf,FALSE
Journal of Plant Diseases and Protection,2025,1861-3837,issn_online,control,The potential of the CaDef2.1G27-K44 bioinspired peptide to control bacterial disease in Capsicum with a focus on Xanthomonas euvesicatoria,https://doi.org/10.1007/s41348-025-01120-2,1,Journal of Plant Diseases and Protection,https://openalex.org/W4413074250,NA,2025_Journal_of_Plant_Diseases_and_Protection_The_potential_of_the_CaDef2_1G27_K44_bioinspired_peptide_to_control_ba.pdf,pdfs/2025_Journal_of_Plant_Diseases_and_Protection_The_potential_of_the_CaDef2_1G27_K44_bioinspired_peptide_to_control_ba.pdf,FALSE
Journal of Plant Diseases and Protection,2024,1861-3837,issn_online,control,A biocontrol perspective on mycoviruses in fungal pathogen management,https://doi.org/10.1007/s41348-024-01006-9,10,Journal of Plant Diseases and Protection,https://openalex.org/W4405576618,https://link.springer.com/content/pdf/10.1007/s41348-024-01006-9.pdf,2024_Journal_of_Plant_Diseases_and_Protection_A_biocontrol_perspective_on_mycoviruses_in_fungal_pathogen_management.pdf,pdfs/2024_Journal_of_Plant_Diseases_and_Protection_A_biocontrol_perspective_on_mycoviruses_in_fungal_pathogen_management.pdf,TRUE
Journal of Plant Diseases and Protection,2024,1861-3837,issn_online,control,EuroBarley: control of leaf diseases in barley across Europe,https://doi.org/10.1007/s41348-023-00852-3,4,Journal of Plant Diseases and Protection,https://openalex.org/W4390841606,https://link.springer.com/content/pdf/10.1007/s41348-023-00852-3.pdf,2024_Journal_of_Plant_Diseases_and_Protection_EuroBarley_control_of_leaf_diseases_in_barley_across_Europe.pdf,pdfs/2024_Journal_of_Plant_Diseases_and_Protection_EuroBarley_control_of_leaf_diseases_in_barley_across_Europe.pdf,TRUE
Journal of Plant Diseases and Protection,2024,1861-3837,issn_online,control,Evaluation of Bacillus spp. as biocontrol agents against chili leaf spot caused by Xanthomonas vesicatoria,https://doi.org/10.1007/s41348-024-00866-5,18,Journal of Plant Diseases and Protection,https://openalex.org/W4391815900,NA,2024_Journal_of_Plant_Diseases_and_Protection_Evaluation_of_Bacillus_spp_as_biocontrol_agents_against_chili_leaf_spo.pdf,pdfs/2024_Journal_of_Plant_Diseases_and_Protection_Evaluation_of_Bacillus_spp_as_biocontrol_agents_against_chili_leaf_spo.pdf,FALSE
Journal of Plant Diseases and Protection,2024,1861-3837,issn_online,control,Evaluation of selected biorational and synthetic chemical insecticides for controlling Phenacoccus solenopsis (Hemiptera: Pseudococcidae) under field conditions,https://doi.org/10.1007/s41348-024-01038-1,4,Journal of Plant Diseases and Protection,https://openalex.org/W4404940386,NA,2024_Journal_of_Plant_Diseases_and_Protection_Evaluation_of_selected_biorational_and_synthetic_chemical_insecticides.pdf,pdfs/2024_Journal_of_Plant_Diseases_and_Protection_Evaluation_of_selected_biorational_and_synthetic_chemical_insecticides.pdf,FALSE
Journal of Plant Diseases and Protection,2023,1861-3837,issn_online,control,Evaluation and identification of viruses for biocontrol of the ash dieback disease,https://doi.org/10.1007/s41348-023-00804-x,7,Journal of Plant Diseases and Protection,https://openalex.org/W4387365426,https://link.springer.com/content/pdf/10.1007/s41348-023-00804-x.pdf,2023_Journal_of_Plant_Diseases_and_Protection_Evaluation_and_identification_of_viruses_for_biocontrol_of_the_ash_die.pdf,pdfs/2023_Journal_of_Plant_Diseases_and_Protection_Evaluation_and_identification_of_viruses_for_biocontrol_of_the_ash_die.pdf,TRUE
Journal of Plant Diseases and Protection,2023,1861-3837,issn_online,control,Postharvest control of green and blue molds on Mexican lime fruit caused by Penicillium species using Thymus vulgaris essential oil and carboxy methyl cellulose,https://doi.org/10.1007/s41348-023-00773-1,6,Journal of Plant Diseases and Protection,https://openalex.org/W4382796583,NA,2023_Journal_of_Plant_Diseases_and_Protection_Postharvest_control_of_green_and_blue_molds_on_Mexican_lime_fruit_caus.pdf,pdfs/2023_Journal_of_Plant_Diseases_and_Protection_Postharvest_control_of_green_and_blue_molds_on_Mexican_lime_fruit_caus.pdf,FALSE
Journal of Plant Diseases and Protection,2023,1861-3837,issn_online,control,Potential applications of essential oils and their derivatives for the control of Spodoptera littoralis Boisduval (Lepidoptera: Noctuidae),https://doi.org/10.1007/s41348-023-00759-z,5,Journal of Plant Diseases and Protection,https://openalex.org/W4377023023,NA,2023_Journal_of_Plant_Diseases_and_Protection_Potential_applications_of_essential_oils_and_their_derivatives_for_the.pdf,pdfs/2023_Journal_of_Plant_Diseases_and_Protection_Potential_applications_of_essential_oils_and_their_derivatives_for_the.pdf,FALSE
Journal of Plant Diseases and Protection,2023,1861-3837,issn_online,control,Sensitivity and control efficacy of a novel complex III inhibitor pyribencarb against Sclerotinia sclerotiorum,https://doi.org/10.1007/s41348-023-00728-6,3,Journal of Plant Diseases and Protection,https://openalex.org/W4323660558,https://link.springer.com/content/pdf/10.1007/s41348-023-00728-6.pdf,2023_Journal_of_Plant_Diseases_and_Protection_Sensitivity_and_control_efficacy_of_a_novel_complex_III_inhibitor_pyri.pdf,pdfs/2023_Journal_of_Plant_Diseases_and_Protection_Sensitivity_and_control_efficacy_of_a_novel_complex_III_inhibitor_pyri.pdf,TRUE
Journal of Plant Diseases and Protection,2022,1861-3837,issn_online,control,Natural insecticides from native plants of the Mediterranean basin and their activity for the control of the date moth Ectomyelois ceratoniae (Zeller) (Lepidoptera: Pyralidae),https://doi.org/10.1007/s41348-022-00593-9,6,Journal of Plant Diseases and Protection,https://openalex.org/W4221046522,NA,2022_Journal_of_Plant_Diseases_and_Protection_Natural_insecticides_from_native_plants_of_the_Mediterranean_basin_and.pdf,pdfs/2022_Journal_of_Plant_Diseases_and_Protection_Natural_insecticides_from_native_plants_of_the_Mediterranean_basin_and.pdf,FALSE
Journal of Plant Diseases and Protection,2022,1861-3837,issn_online,control,Reduced efficacy of biocontrol agents and plant resistance inducers against potato early blight from greenhouse to field,https://doi.org/10.1007/s41348-022-00633-4,40,Journal of Plant Diseases and Protection,https://openalex.org/W4283454809,https://link.springer.com/content/pdf/10.1007/s41348-022-00633-4.pdf,2022_Journal_of_Plant_Diseases_and_Protection_Reduced_efficacy_of_biocontrol_agents_and_plant_resistance_inducers_ag.pdf,pdfs/2022_Journal_of_Plant_Diseases_and_Protection_Reduced_efficacy_of_biocontrol_agents_and_plant_resistance_inducers_ag.pdf,TRUE
Journal of Plant Diseases and Protection,2022,1861-3837,issn_online,control,Role of host plants in the suitability and dispersal of an omnivorous predator Arma chinensis Fallou (Hemiptera: Pentatomidae: Asopinae) in a biological control context,https://doi.org/10.1007/s41348-022-00624-5,7,Journal of Plant Diseases and Protection,https://openalex.org/W4281788413,NA,2022_Journal_of_Plant_Diseases_and_Protection_Role_of_host_plants_in_the_suitability_and_dispersal_of_an_omnivorous_.pdf,pdfs/2022_Journal_of_Plant_Diseases_and_Protection_Role_of_host_plants_in_the_suitability_and_dispersal_of_an_omnivorous_.pdf,FALSE
Journal of Plant Diseases and Protection,2022,1861-3837,issn_online,control,"The effectiveness of pheromone traps in controlling the tomato leafminer, Tuta absoluta, in the United Arab Emirates",https://doi.org/10.1007/s41348-022-00572-0,7,Journal of Plant Diseases and Protection,https://openalex.org/W4210721892,NA,2022_Journal_of_Plant_Diseases_and_Protection_The_effectiveness_of_pheromone_traps_in_controlling_the_tomato_leafmin.pdf,pdfs/2022_Journal_of_Plant_Diseases_and_Protection_The_effectiveness_of_pheromone_traps_in_controlling_the_tomato_leafmin.pdf,FALSE
Journal of Plant Diseases and Protection,2021,1861-3837,issn_online,control,Application of stressed and microencapsulated Meyerozyma caribbica for the control of Colletotrichum gloeosporioides in avocado (Persea americana Mill. cv. Hass),https://doi.org/10.1007/s41348-021-00487-2,30,Journal of Plant Diseases and Protection,https://openalex.org/W3181761077,NA,2021_Journal_of_Plant_Diseases_and_Protection_Application_of_stressed_and_microencapsulated_Meyerozyma_caribbica_for.pdf,pdfs/2021_Journal_of_Plant_Diseases_and_Protection_Application_of_stressed_and_microencapsulated_Meyerozyma_caribbica_for.pdf,FALSE
Journal of Plant Diseases and Protection,2021,1861-3837,issn_online,control,Chemical characterization of an aqueous extract and the essential oil of Tithonia diversifolia and their biocontrol activity against seed-borne pathogens of rice,https://doi.org/10.1007/s41348-021-00439-w,17,Journal of Plant Diseases and Protection,https://openalex.org/W3131113027,NA,2021_Journal_of_Plant_Diseases_and_Protection_Chemical_characterization_of_an_aqueous_extract_and_the_essential_oil_.pdf,pdfs/2021_Journal_of_Plant_Diseases_and_Protection_Chemical_characterization_of_an_aqueous_extract_and_the_essential_oil_.pdf,FALSE
Journal of Plant Diseases and Protection,2021,1861-3837,issn_online,control,"Eiphosoma laphygmae, a classical solution for the biocontrol of the fall armyworm, Spodoptera frugiperda?",https://doi.org/10.1007/s41348-021-00480-9,0,Journal of Plant Diseases and Protection,https://openalex.org/W3154310335,https://link.springer.com/content/pdf/10.1007/s41348-021-00480-9.pdf,2021_Journal_of_Plant_Diseases_and_Protection_Eiphosoma_laphygmae_a_classical_solution_for_the_biocontrol_of_the_fal.pdf,pdfs/2021_Journal_of_Plant_Diseases_and_Protection_Eiphosoma_laphygmae_a_classical_solution_for_the_biocontrol_of_the_fal.pdf,TRUE
Journal of Plant Diseases and Protection,2021,1861-3837,issn_online,control,Evaluation of dsRNA delivery methods for targeting macrophage migration inhibitory factor MIF in RNAi-based aphid control,https://doi.org/10.1007/s41348-021-00464-9,26,Journal of Plant Diseases and Protection,https://openalex.org/W3158081330,https://link.springer.com/content/pdf/10.1007/s41348-021-00464-9.pdf,2021_Journal_of_Plant_Diseases_and_Protection_Evaluation_of_dsRNA_delivery_methods_for_targeting_macrophage_migratio.pdf,pdfs/2021_Journal_of_Plant_Diseases_and_Protection_Evaluation_of_dsRNA_delivery_methods_for_targeting_macrophage_migratio.pdf,TRUE
Journal of Plant Diseases and Protection,2020,1861-3837,issn_online,control,Artificial inoculation methods for testing microorganisms as control agents of seed- and soil-borne Fusarium-seedling blight of maize,https://doi.org/10.1007/s41348-020-00350-w,15,Journal of Plant Diseases and Protection,https://openalex.org/W3039270883,https://link.springer.com/content/pdf/10.1007/s41348-020-00350-w.pdf,2020_Journal_of_Plant_Diseases_and_Protection_Artificial_inoculation_methods_for_testing_microorganisms_as_control_a.pdf,pdfs/2020_Journal_of_Plant_Diseases_and_Protection_Artificial_inoculation_methods_for_testing_microorganisms_as_control_a.pdf,TRUE
Journal of Plant Diseases and Protection,2020,1861-3837,issn_online,control,"Biocontrol-based management of fall armyworm, Spodoptera frugiperda (J E Smith) (Lepidoptera: Noctuidae) on Indian Maize",https://doi.org/10.1007/s41348-020-00357-3,46,Journal of Plant Diseases and Protection,https://openalex.org/W3080609231,NA,2020_Journal_of_Plant_Diseases_and_Protection_Biocontrol_based_management_of_fall_armyworm_Spodoptera_frugiperda_J_E.pdf,pdfs/2020_Journal_of_Plant_Diseases_and_Protection_Biocontrol_based_management_of_fall_armyworm_Spodoptera_frugiperda_J_E.pdf,FALSE
Journal of Plant Diseases and Protection,2020,1861-3837,issn_online,control,"Integrated management of Globodera rostochiensis: a novel biocontrol agent, crop rotation and fallow",https://doi.org/10.1007/s41348-020-00325-x,8,Journal of Plant Diseases and Protection,https://openalex.org/W3018848996,NA,2020_Journal_of_Plant_Diseases_and_Protection_Integrated_management_of_Globodera_rostochiensis_a_novel_biocontrol_ag.pdf,pdfs/2020_Journal_of_Plant_Diseases_and_Protection_Integrated_management_of_Globodera_rostochiensis_a_novel_biocontrol_ag.pdf,FALSE
Journal of Plant Diseases and Protection,2020,1861-3837,issn_online,control,Real-time RT-PCR detection of Citrus bark cracking viroid (CBCVd) in hops including an mRNA-based internal positive control,https://doi.org/10.1007/s41348-020-00317-x,14,Journal of Plant Diseases and Protection,https://openalex.org/W3017003972,https://link.springer.com/content/pdf/10.1007/s41348-020-00317-x.pdf,2020_Journal_of_Plant_Diseases_and_Protection_Real_time_RT_PCR_detection_of_Citrus_bark_cracking_viroid_CBCVd_in_hop.pdf,pdfs/2020_Journal_of_Plant_Diseases_and_Protection_Real_time_RT_PCR_detection_of_Citrus_bark_cracking_viroid_CBCVd_in_hop.pdf,TRUE
Journal of Plant Diseases and Protection,2019,1861-3837,issn_online,control,Compost tea-mediated induction of resistance in biocontrol of strawberry Verticillium wilt,https://doi.org/10.1007/s41348-019-00290-0,37,Journal of Plant Diseases and Protection,https://openalex.org/W2984180066,NA,2019_Journal_of_Plant_Diseases_and_Protection_Compost_tea_mediated_induction_of_resistance_in_biocontrol_of_strawber.pdf,pdfs/2019_Journal_of_Plant_Diseases_and_Protection_Compost_tea_mediated_induction_of_resistance_in_biocontrol_of_strawber.pdf,FALSE
Journal of Plant Diseases and Protection,2019,1861-3837,issn_online,control,Field and controlled conditions screenings of some faba bean (Vicia faba L.) genotypes for resistance to the parasitic plant Orobanche crenata Forsk. and investigation of involved resistance mechanisms,https://doi.org/10.1007/s41348-019-00207-x,21,Journal of Plant Diseases and Protection,https://openalex.org/W2913119620,NA,2019_Journal_of_Plant_Diseases_and_Protection_Field_and_controlled_conditions_screenings_of_some_faba_bean_Vicia_fab.pdf,pdfs/2019_Journal_of_Plant_Diseases_and_Protection_Field_and_controlled_conditions_screenings_of_some_faba_bean_Vicia_fab.pdf,FALSE
Journal of Plant Diseases and Protection,2019,1861-3837,issn_online,control,Weapons hidden underneath: bio-control agents and their potentials to activate plant induced systemic resistance in controlling crop Fusarium diseases,https://doi.org/10.1007/s41348-019-00222-y,59,Journal of Plant Diseases and Protection,https://openalex.org/W2927700195,NA,2019_Journal_of_Plant_Diseases_and_Protection_Weapons_hidden_underneath_bio_control_agents_and_their_potentials_to_a.pdf,pdfs/2019_Journal_of_Plant_Diseases_and_Protection_Weapons_hidden_underneath_bio_control_agents_and_their_potentials_to_a.pdf,FALSE
Journal of Plant Diseases and Protection,2018,1861-3837,issn_online,control,Application of laminarin and calcium oxide for the control of grape powdery mildew on Vitis vinifera cv. Moscato,https://doi.org/10.1007/s41348-018-0162-8,33,Journal of Plant Diseases and Protection,https://openalex.org/W2794760220,NA,2018_Journal_of_Plant_Diseases_and_Protection_Application_of_laminarin_and_calcium_oxide_for_the_control_of_grape_po.pdf,pdfs/2018_Journal_of_Plant_Diseases_and_Protection_Application_of_laminarin_and_calcium_oxide_for_the_control_of_grape_po.pdf,FALSE
Journal of Plant Diseases and Protection,2018,1861-3837,issn_online,control,Biocontrol of plant diseases is not an unsafe technology!,https://doi.org/10.1007/s41348-018-0158-4,48,Journal of Plant Diseases and Protection,https://openalex.org/W2790736916,NA,2018_Journal_of_Plant_Diseases_and_Protection_Biocontrol_of_plant_diseases_is_not_an_unsafe_technology_.pdf,pdfs/2018_Journal_of_Plant_Diseases_and_Protection_Biocontrol_of_plant_diseases_is_not_an_unsafe_technology_.pdf,FALSE
Journal of Plant Diseases and Protection,2018,1861-3837,issn_online,control,Efficiency of funnel traps in controlling pine processionary moth,https://doi.org/10.1007/s41348-018-0182-4,4,Journal of Plant Diseases and Protection,https://openalex.org/W2885812175,NA,2018_Journal_of_Plant_Diseases_and_Protection_Efficiency_of_funnel_traps_in_controlling_pine_processionary_moth.pdf,pdfs/2018_Journal_of_Plant_Diseases_and_Protection_Efficiency_of_funnel_traps_in_controlling_pine_processionary_moth.pdf,FALSE
Journal of Plant Diseases and Protection,2018,1861-3837,issn_online,control,Susceptibility of the Box tree pyralid Cydalima perspectalis Walker (Lepidoptera: Crambidae) to potential biological control agents Neem (NeemAzal®-T/S) and entomopathogenic nematodes (Nemastar®) assessed in laboratory bioassays and field trials,https://doi.org/10.1007/s41348-018-0154-8,19,Journal of Plant Diseases and Protection,https://openalex.org/W2792673952,NA,2018_Journal_of_Plant_Diseases_and_Protection_Susceptibility_of_the_Box_tree_pyralid_Cydalima_perspectalis_Walker_Le.pdf,pdfs/2018_Journal_of_Plant_Diseases_and_Protection_Susceptibility_of_the_Box_tree_pyralid_Cydalima_perspectalis_Walker_Le.pdf,FALSE
Journal of Plant Diseases and Protection,2017,1861-3837,issn_online,control,Efficacy of mass trapping and insecticides to control Tuta absoluta in Tunisia,https://doi.org/10.1007/s41348-017-0140-6,25,Journal of Plant Diseases and Protection,https://openalex.org/W2771856316,NA,2017_Journal_of_Plant_Diseases_and_Protection_Efficacy_of_mass_trapping_and_insecticides_to_control_Tuta_absoluta_in.pdf,pdfs/2017_Journal_of_Plant_Diseases_and_Protection_Efficacy_of_mass_trapping_and_insecticides_to_control_Tuta_absoluta_in.pdf,FALSE
Journal of Plant Diseases and Protection,2017,1861-3837,issn_online,control,Evaluation of plant-derived preparations and microorganisms as seed treatments for control of covered kernel smut of sorghum (Sporisorium sorghi),https://doi.org/10.1007/s41348-017-0123-7,9,Journal of Plant Diseases and Protection,https://openalex.org/W2755095052,NA,2017_Journal_of_Plant_Diseases_and_Protection_Evaluation_of_plant_derived_preparations_and_microorganisms_as_seed_tr.pdf,pdfs/2017_Journal_of_Plant_Diseases_and_Protection_Evaluation_of_plant_derived_preparations_and_microorganisms_as_seed_tr.pdf,FALSE
Journal of Plant Diseases and Protection,2017,1861-3837,issn_online,control,Suitability of Cordyceps bassiana and Metarhizium anisopliae for biological control of Cosmopolites sordidus (Germar) (Coleoptera: Curculionidae) in an organic Mexican banana plantation: laboratory and field trials,https://doi.org/10.1007/s41348-017-0126-4,18,Journal of Plant Diseases and Protection,https://openalex.org/W2758107018,NA,2017_Journal_of_Plant_Diseases_and_Protection_Suitability_of_Cordyceps_bassiana_and_Metarhizium_anisopliae_for_biolo.pdf,pdfs/2017_Journal_of_Plant_Diseases_and_Protection_Suitability_of_Cordyceps_bassiana_and_Metarhizium_anisopliae_for_biolo.pdf,FALSE
Journal of Plant Diseases and Protection,2017,1861-3837,issn_online,control,The promotion of thiophanate-methyl and tebuconazole for the continuous control of Glomerella leaf spot in apple leaves by adding pellouxite as a synergistic reagent,https://doi.org/10.1007/s41348-017-0102-z,5,Journal of Plant Diseases and Protection,https://openalex.org/W2616928015,NA,2017_Journal_of_Plant_Diseases_and_Protection_The_promotion_of_thiophanate_methyl_and_tebuconazole_for_the_continuou.pdf,pdfs/2017_Journal_of_Plant_Diseases_and_Protection_The_promotion_of_thiophanate_methyl_and_tebuconazole_for_the_continuou.pdf,FALSE
Journal of Plant Diseases and Protection,2016,1861-3837,issn_online,control,Biocontrol of Aspergillus flavus in groundnut using Trichoderma harzianum stain kd,https://doi.org/10.1007/s41348-016-0066-4,29,Journal of Plant Diseases and Protection,https://openalex.org/W2559693086,NA,2016_Journal_of_Plant_Diseases_and_Protection_Biocontrol_of_Aspergillus_flavus_in_groundnut_using_Trichoderma_harzia.pdf,pdfs/2016_Journal_of_Plant_Diseases_and_Protection_Biocontrol_of_Aspergillus_flavus_in_groundnut_using_Trichoderma_harzia.pdf,FALSE
Journal of Plant Diseases and Protection,2016,1861-3837,issn_online,control,Efficacy of indigenous Trichoderma harzianum in controlling Phytophthora leaf fall (Phytophthora palmivora) in Thai rubber trees,https://doi.org/10.1007/s41348-016-0051-y,46,Journal of Plant Diseases and Protection,https://openalex.org/W2553529841,NA,2016_Journal_of_Plant_Diseases_and_Protection_Efficacy_of_indigenous_Trichoderma_harzianum_in_controlling_Phytophtho.pdf,pdfs/2016_Journal_of_Plant_Diseases_and_Protection_Efficacy_of_indigenous_Trichoderma_harzianum_in_controlling_Phytophtho.pdf,FALSE
Journal of Plant Diseases and Protection,2016,1861-3837,issn_online,control,Improved control of clubroot (Plasmodiophora brassicae) by a mixture of a fungicide and a plant defense inducer,https://doi.org/10.1007/s41348-016-0056-6,12,Journal of Plant Diseases and Protection,https://openalex.org/W2536040865,NA,2016_Journal_of_Plant_Diseases_and_Protection_Improved_control_of_clubroot_Plasmodiophora_brassicae_by_a_mixture_of_.pdf,pdfs/2016_Journal_of_Plant_Diseases_and_Protection_Improved_control_of_clubroot_Plasmodiophora_brassicae_by_a_mixture_of_.pdf,FALSE
Journal of Plant Diseases and Protection,2016,1861-3837,issn_online,control,Targeted selection of Trichoderma antagonists for control of pepper Phytophthora blight in China,https://doi.org/10.1007/s41348-016-0025-0,7,Journal of Plant Diseases and Protection,https://openalex.org/W2483561311,NA,2016_Journal_of_Plant_Diseases_and_Protection_Targeted_selection_of_Trichoderma_antagonists_for_control_of_pepper_Ph.pdf,pdfs/2016_Journal_of_Plant_Diseases_and_Protection_Targeted_selection_of_Trichoderma_antagonists_for_control_of_pepper_Ph.pdf,FALSE
Journal of Plant Pathology,2025,2239-7264,issn_online,control,An analysis of ABA and JA interaction controlling JA-mediated resistance against Alternaria blight in Indian mustard,https://doi.org/10.1007/s42161-025-01941-y,0,Journal of Plant Pathology,https://openalex.org/W4414410075,https://link.springer.com/content/pdf/10.1007/s42161-025-01941-y.pdf,2025_Journal_of_Plant_Pathology_An_analysis_of_ABA_and_JA_interaction_controlling_JA_mediated_resistan.pdf,pdfs/2025_Journal_of_Plant_Pathology_An_analysis_of_ABA_and_JA_interaction_controlling_JA_mediated_resistan.pdf,TRUE
Journal of Plant Pathology,2025,2239-7264,issn_online,control,"Biocontrol of Fusarium fujikuroi, a causal agent of bakanae disease of rice by antagonistic endophytic bacteria",https://doi.org/10.1007/s42161-025-01831-3,6,Journal of Plant Pathology,https://openalex.org/W4406669171,NA,2025_Journal_of_Plant_Pathology_Biocontrol_of_Fusarium_fujikuroi_a_causal_agent_of_bakanae_disease_of_.pdf,pdfs/2025_Journal_of_Plant_Pathology_Biocontrol_of_Fusarium_fujikuroi_a_causal_agent_of_bakanae_disease_of_.pdf,FALSE
Journal of Plant Pathology,2025,2239-7264,issn_online,control,Efficacy of plant extracts and bio-fertilizers for the control of bacterial wilt and soft rot agents in potato,https://doi.org/10.1007/s42161-024-01825-7,4,Journal of Plant Pathology,https://openalex.org/W4406129471,https://link.springer.com/content/pdf/10.1007/s42161-024-01825-7.pdf,2025_Journal_of_Plant_Pathology_Efficacy_of_plant_extracts_and_bio_fertilizers_for_the_control_of_bact.pdf,pdfs/2025_Journal_of_Plant_Pathology_Efficacy_of_plant_extracts_and_bio_fertilizers_for_the_control_of_bact.pdf,TRUE
Journal of Plant Pathology,2025,2239-7264,issn_online,control,Nitrogen fertilization to manage the control of powdery mildew of barley caused by Blumeria hordei,https://doi.org/10.1007/s42161-025-01863-9,0,Journal of Plant Pathology,https://openalex.org/W4407566183,NA,2025_Journal_of_Plant_Pathology_Nitrogen_fertilization_to_manage_the_control_of_powdery_mildew_of_barl.pdf,pdfs/2025_Journal_of_Plant_Pathology_Nitrogen_fertilization_to_manage_the_control_of_powdery_mildew_of_barl.pdf,FALSE
Journal of Plant Pathology,2024,2239-7264,issn_online,control,Bacteria antagonistic to Pseudomonas tolaasii and their control of brown blotch of the cultivated mushroom Agaricus bisporus,https://doi.org/10.1007/s42161-024-01795-w,5,Journal of Plant Pathology,https://openalex.org/W4404742506,NA,2024_Journal_of_Plant_Pathology_Bacteria_antagonistic_to_Pseudomonas_tolaasii_and_their_control_of_bro.pdf,pdfs/2024_Journal_of_Plant_Pathology_Bacteria_antagonistic_to_Pseudomonas_tolaasii_and_their_control_of_bro.pdf,FALSE
Journal of Plant Pathology,2024,2239-7264,issn_online,control,Genomic analysis and antibiotic resistance profiling of Bacillus amyloliquefaciens AUPP2: implication for biocontrol agent against the fruit rot of banana,https://doi.org/10.1007/s42161-024-01667-3,2,Journal of Plant Pathology,https://openalex.org/W4399546504,NA,2024_Journal_of_Plant_Pathology_Genomic_analysis_and_antibiotic_resistance_profiling_of_Bacillus_amylo.pdf,pdfs/2024_Journal_of_Plant_Pathology_Genomic_analysis_and_antibiotic_resistance_profiling_of_Bacillus_amylo.pdf,FALSE
Journal of Plant Pathology,2024,2239-7264,issn_online,control,Isolation and identification of phytopathogenic fungi from blueberry (Vaccinium corymbosum) and their biocontrol by Meyerozyma guilliermondii LMA-Cp01,https://doi.org/10.1007/s42161-024-01793-y,10,Journal of Plant Pathology,https://openalex.org/W4404141217,NA,2024_Journal_of_Plant_Pathology_Isolation_and_identification_of_phytopathogenic_fungi_from_blueberry_V.pdf,pdfs/2024_Journal_of_Plant_Pathology_Isolation_and_identification_of_phytopathogenic_fungi_from_blueberry_V.pdf,FALSE
Journal of Plant Pathology,2024,2239-7264,issn_online,control,"Quality maintenance of Washington navel oranges and control of fungal decay using CaCl₂, chitosan, and Rhodotorula mucilaginosa treatments",https://doi.org/10.1007/s42161-024-01820-y,2,Journal of Plant Pathology,https://openalex.org/W4405644415,NA,2024_Journal_of_Plant_Pathology_Quality_maintenance_of_Washington_navel_oranges_and_control_of_fungal_.pdf,pdfs/2024_Journal_of_Plant_Pathology_Quality_maintenance_of_Washington_navel_oranges_and_control_of_fungal_.pdf,FALSE
Journal of Plant Pathology,2023,2239-7264,issn_online,control,"Control of Monilinia blossom and twig blight (Monilinia laxa) by boron, pyroligneous acid and boscalid",https://doi.org/10.1007/s42161-023-01546-3,8,Journal of Plant Pathology,https://openalex.org/W4389048888,NA,2023_Journal_of_Plant_Pathology_Control_of_Monilinia_blossom_and_twig_blight_Monilinia_laxa_by_boron_p.pdf,pdfs/2023_Journal_of_Plant_Pathology_Control_of_Monilinia_blossom_and_twig_blight_Monilinia_laxa_by_boron_p.pdf,FALSE
Journal of Plant Pathology,2023,2239-7264,issn_online,control,Evaluating powder preparation of Dodonaea viscosa as a new potential control measure against bacterial wilt of tomato,https://doi.org/10.1007/s42161-023-01403-3,2,Journal of Plant Pathology,https://openalex.org/W4377094604,NA,2023_Journal_of_Plant_Pathology_Evaluating_powder_preparation_of_Dodonaea_viscosa_as_a_new_potential_c.pdf,pdfs/2023_Journal_of_Plant_Pathology_Evaluating_powder_preparation_of_Dodonaea_viscosa_as_a_new_potential_c.pdf,FALSE
Journal of Plant Pathology,2023,2239-7264,issn_online,control,Natural products for the control of Phytophthora infestans and Phytophthora capsici,https://doi.org/10.1007/s42161-023-01421-1,7,Journal of Plant Pathology,https://openalex.org/W4381735834,NA,2023_Journal_of_Plant_Pathology_Natural_products_for_the_control_of_Phytophthora_infestans_and_Phytoph.pdf,pdfs/2023_Journal_of_Plant_Pathology_Natural_products_for_the_control_of_Phytophthora_infestans_and_Phytoph.pdf,FALSE
Journal of Plant Pathology,2023,2239-7264,issn_online,control,Selection and biocontrol efficiency of Trichoderma isolates against Rhizoctonia root rot and their growth promotion effects on strawberry plants,https://doi.org/10.1007/s42161-023-01488-w,7,Journal of Plant Pathology,https://openalex.org/W4386520040,NA,2023_Journal_of_Plant_Pathology_Selection_and_biocontrol_efficiency_of_Trichoderma_isolates_against_Rh.pdf,pdfs/2023_Journal_of_Plant_Pathology_Selection_and_biocontrol_efficiency_of_Trichoderma_isolates_against_Rh.pdf,FALSE
Journal of Plant Pathology,2022,2239-7264,issn_online,control,Correction to: Biological control of groundnut stem rot using native isolates of Trichoderma harzianum and T. aggressivum f. aggressivum,https://doi.org/10.1007/s42161-022-01291-z,0,Journal of Plant Pathology,https://openalex.org/W4313321040,https://link.springer.com/content/pdf/10.1007/s42161-022-01291-z.pdf,2022_Journal_of_Plant_Pathology_Correction_to_Biological_control_of_groundnut_stem_rot_using_native_is.pdf,pdfs/2022_Journal_of_Plant_Pathology_Correction_to_Biological_control_of_groundnut_stem_rot_using_native_is.pdf,TRUE
Journal of Plant Pathology,2022,2239-7264,issn_online,control,Evaluation of biocontrol potential of native Trichoderma isolates against charcoal rot of strawberry,https://doi.org/10.1007/s42161-022-01063-9,14,Journal of Plant Pathology,https://openalex.org/W4220833807,NA,2022_Journal_of_Plant_Pathology_Evaluation_of_biocontrol_potential_of_native_Trichoderma_isolates_agai.pdf,pdfs/2022_Journal_of_Plant_Pathology_Evaluation_of_biocontrol_potential_of_native_Trichoderma_isolates_agai.pdf,FALSE
Journal of Plant Pathology,2022,2239-7264,issn_online,control,Smart pH responsive system based on hybrid mesoporous silica nanoparticles for delivery of fungicide to control Fusarium crown and root rot in tomato,https://doi.org/10.1007/s42161-022-01122-1,32,Journal of Plant Pathology,https://openalex.org/W4300440961,https://link.springer.com/content/pdf/10.1007/s42161-022-01122-1.pdf,2022_Journal_of_Plant_Pathology_Smart_pH_responsive_system_based_on_hybrid_mesoporous_silica_nanoparti.pdf,pdfs/2022_Journal_of_Plant_Pathology_Smart_pH_responsive_system_based_on_hybrid_mesoporous_silica_nanoparti.pdf,TRUE
Journal of Plant Pathology,2022,2239-7264,issn_online,control,The potential of endophytic bacteria from Prosopis cineraria for the control of Pythium aphanidermatum-induced damping-off in cucumber under saline water irrigation,https://doi.org/10.1007/s42161-022-01237-5,18,Journal of Plant Pathology,https://openalex.org/W4309899671,NA,2022_Journal_of_Plant_Pathology_The_potential_of_endophytic_bacteria_from_Prosopis_cineraria_for_the_c.pdf,pdfs/2022_Journal_of_Plant_Pathology_The_potential_of_endophytic_bacteria_from_Prosopis_cineraria_for_the_c.pdf,FALSE
Journal of Plant Pathology,2021,2239-7264,issn_online,control,Antagonism and biocontrol of walnut blight by sweet osmanthus endophytic bacterium OFE17,https://doi.org/10.1007/s42161-021-00901-6,7,Journal of Plant Pathology,https://openalex.org/W3186544402,NA,2021_Journal_of_Plant_Pathology_Antagonism_and_biocontrol_of_walnut_blight_by_sweet_osmanthus_endophyt.pdf,pdfs/2021_Journal_of_Plant_Pathology_Antagonism_and_biocontrol_of_walnut_blight_by_sweet_osmanthus_endophyt.pdf,FALSE
Journal of Plant Pathology,2021,2239-7264,issn_online,control,"Interaction between Pseudomonas fluorescens, Arbuscular mycorrhizae and iron chelates and their potential for controlling Rhizoctonia solani on potato",https://doi.org/10.1007/s42161-021-00894-2,6,Journal of Plant Pathology,https://openalex.org/W3178601393,NA,2021_Journal_of_Plant_Pathology_Interaction_between_Pseudomonas_fluorescens_Arbuscular_mycorrhizae_and.pdf,pdfs/2021_Journal_of_Plant_Pathology_Interaction_between_Pseudomonas_fluorescens_Arbuscular_mycorrhizae_and.pdf,FALSE
Journal of Plant Pathology,2021,2239-7264,issn_online,control,Newly isolated strain of Trichoderma asperellum from disease suppressive soil is a potential bio-control agent to suppress Fusarium soil borne fungal phytopathogens,https://doi.org/10.1007/s42161-021-00780-x,58,Journal of Plant Pathology,https://openalex.org/W3134102382,NA,2021_Journal_of_Plant_Pathology_Newly_isolated_strain_of_Trichoderma_asperellum_from_disease_suppressi.pdf,pdfs/2021_Journal_of_Plant_Pathology_Newly_isolated_strain_of_Trichoderma_asperellum_from_disease_suppressi.pdf,FALSE
Journal of Plant Pathology,2021,2239-7264,issn_online,control,Thyme oil treatment controls bacterial wilt disease symptoms by inducing antioxidant enzyme activity in Solanum tuberosum,https://doi.org/10.1007/s42161-021-00808-2,22,Journal of Plant Pathology,https://openalex.org/W3138450490,NA,2021_Journal_of_Plant_Pathology_Thyme_oil_treatment_controls_bacterial_wilt_disease_symptoms_by_induci.pdf,pdfs/2021_Journal_of_Plant_Pathology_Thyme_oil_treatment_controls_bacterial_wilt_disease_symptoms_by_induci.pdf,FALSE
Journal of Plant Pathology,2020,2239-7264,issn_online,control,Biocontrol potential of Bacillus subtilis IBFCBF-4 against Fusarium wilt of watermelon,https://doi.org/10.1007/s42161-019-00457-6,61,Journal of Plant Pathology,https://openalex.org/W2999219211,NA,2020_Journal_of_Plant_Pathology_Biocontrol_potential_of_Bacillus_subtilis_IBFCBF_4_against_Fusarium_wi.pdf,pdfs/2020_Journal_of_Plant_Pathology_Biocontrol_potential_of_Bacillus_subtilis_IBFCBF_4_against_Fusarium_wi.pdf,FALSE
Journal of Plant Pathology,2020,2239-7264,issn_online,control,Biological characteristic and biocontrol mechanism of Trichoderma harzianum T-A66 against bitter gourd wilt caused by Fusarium oxysporum,https://doi.org/10.1007/s42161-020-00573-8,10,Journal of Plant Pathology,https://openalex.org/W3033179906,NA,2020_Journal_of_Plant_Pathology_Biological_characteristic_and_biocontrol_mechanism_of_Trichoderma_harz.pdf,pdfs/2020_Journal_of_Plant_Pathology_Biological_characteristic_and_biocontrol_mechanism_of_Trichoderma_harz.pdf,FALSE
Journal of Plant Pathology,2020,2239-7264,issn_online,control,Promising Bacillus subtilis strains BZR 336g and BZR 517 for biocontrol of blackcurrant against Septoria leaf spot under unfavorable climate conditions,https://doi.org/10.1007/s42161-020-00660-w,5,Journal of Plant Pathology,https://openalex.org/W3090454891,NA,2020_Journal_of_Plant_Pathology_Promising_Bacillus_subtilis_strains_BZR_336g_and_BZR_517_for_biocontro.pdf,pdfs/2020_Journal_of_Plant_Pathology_Promising_Bacillus_subtilis_strains_BZR_336g_and_BZR_517_for_biocontro.pdf,FALSE
Journal of Plant Pathology,2020,2239-7264,issn_online,control,Rhizoctonia solani affecting micropropagated Garnem (Prunus amygdalus x Prunus persica) rootstock - characterization and biocontrol with Rhizobia,https://doi.org/10.1007/s42161-020-00712-1,6,Journal of Plant Pathology,https://openalex.org/W3107741208,NA,2020_Journal_of_Plant_Pathology_Rhizoctonia_solani_affecting_micropropagated_Garnem_Prunus_amygdalus_x.pdf,pdfs/2020_Journal_of_Plant_Pathology_Rhizoctonia_solani_affecting_micropropagated_Garnem_Prunus_amygdalus_x.pdf,FALSE
Journal of Plant Pathology,2019,2239-7264,issn_online,control,Biocontrol measures against onion basal rot incidence under natural field conditions,https://doi.org/10.1007/s42161-018-00237-8,20,Journal of Plant Pathology,https://openalex.org/W2912509051,NA,2019_Journal_of_Plant_Pathology_Biocontrol_measures_against_onion_basal_rot_incidence_under_natural_fi.pdf,pdfs/2019_Journal_of_Plant_Pathology_Biocontrol_measures_against_onion_basal_rot_incidence_under_natural_fi.pdf,FALSE
Journal of Plant Pathology,2019,2239-7264,issn_online,control,Efficacy of native antagonistic rhizobacteria in the biological control of Pythium aphanidermatum-induced damping-off of cucumber in Oman,https://doi.org/10.1007/s42161-019-00438-9,20,Journal of Plant Pathology,https://openalex.org/W2983473659,NA,2019_Journal_of_Plant_Pathology_Efficacy_of_native_antagonistic_rhizobacteria_in_the_biological_contro.pdf,pdfs/2019_Journal_of_Plant_Pathology_Efficacy_of_native_antagonistic_rhizobacteria_in_the_biological_contro.pdf,FALSE
Journal of Plant Pathology,2019,2239-7264,issn_online,control,Evaluation of copper alternative products to control grape downy mildew in organic farming,https://doi.org/10.1007/s42161-019-00330-6,25,Journal of Plant Pathology,https://openalex.org/W2952933884,NA,2019_Journal_of_Plant_Pathology_Evaluation_of_copper_alternative_products_to_control_grape_downy_milde.pdf,pdfs/2019_Journal_of_Plant_Pathology_Evaluation_of_copper_alternative_products_to_control_grape_downy_milde.pdf,FALSE
Journal of Plant Pathology,2019,2239-7264,issn_online,control,Evidence for inhibition of a fungal biocontrol agent by a plant microbiome,https://doi.org/10.1007/s42161-019-00247-0,17,Journal of Plant Pathology,https://openalex.org/W2917032884,NA,2019_Journal_of_Plant_Pathology_Evidence_for_inhibition_of_a_fungal_biocontrol_agent_by_a_plant_microb.pdf,pdfs/2019_Journal_of_Plant_Pathology_Evidence_for_inhibition_of_a_fungal_biocontrol_agent_by_a_plant_microb.pdf,FALSE
Journal of Plant Pathology,2018,2239-7264,issn_online,control,Biological control agents improve the productivity and induce the resistance against downy mildew of grapevine,https://doi.org/10.1007/s42161-018-0007-0,45,Journal of Plant Pathology,https://openalex.org/W2789451314,NA,2018_Journal_of_Plant_Pathology_Biological_control_agents_improve_the_productivity_and_induce_the_resi.pdf,pdfs/2018_Journal_of_Plant_Pathology_Biological_control_agents_improve_the_productivity_and_induce_the_resi.pdf,FALSE
Journal of Plant Pathology,2018,2239-7264,issn_online,control,Pathogenicity and possible biological control of fungi associated to Botryosphaeria dieback of grapevine in Western Sicily,NA,0,Journal of Plant Pathology,https://openalex.org/W3016801916,NA,2018_Journal_of_Plant_Pathology_Pathogenicity_and_possible_biological_control_of_fungi_associated_to_B.pdf,pdfs/2018_Journal_of_Plant_Pathology_Pathogenicity_and_possible_biological_control_of_fungi_associated_to_B.pdf,FALSE
Journal of Plant Pathology,2018,2239-7264,issn_online,control,Synergistic effects of combinations of novel strains of Trichoderma species and Coscinium fenestratum extract in controlling rice dirty panicle,https://doi.org/10.1007/s42161-018-0191-y,22,Journal of Plant Pathology,https://openalex.org/W2899213670,NA,2018_Journal_of_Plant_Pathology_Synergistic_effects_of_combinations_of_novel_strains_of_Trichoderma_sp.pdf,pdfs/2018_Journal_of_Plant_Pathology_Synergistic_effects_of_combinations_of_novel_strains_of_Trichoderma_sp.pdf,FALSE
Journal of Plant Pathology,2018,2239-7264,issn_online,control,Vineyard-wide control of grapevine leafroll-associated virus 3 requires an integrated response,https://doi.org/10.1007/s42161-018-0085-z,25,Journal of Plant Pathology,https://openalex.org/W2807721344,https://link.springer.com/content/pdf/10.1007/s42161-018-0085-z.pdf,2018_Journal_of_Plant_Pathology_Vineyard_wide_control_of_grapevine_leafroll_associated_virus_3_require.pdf,pdfs/2018_Journal_of_Plant_Pathology_Vineyard_wide_control_of_grapevine_leafroll_associated_virus_3_require.pdf,TRUE
Journal of Plant Pathology,2017,2239-7264,issn_online,control,ANTIFUNGAL ACTIVITY OF ROSEMARY EXTRACT ON MACROPHOMINA PHASEOLINA AND CHARCOAL ROT CONTROL IN SOYBEAN,https://doi.org/10.4454/jpp.v99i3.3944,5,Journal of Plant Pathology,https://openalex.org/W2761121434,NA,2017_Journal_of_Plant_Pathology_ANTIFUNGAL_ACTIVITY_OF_ROSEMARY_EXTRACT_ON_MACROPHOMINA_PHASEOLINA_AND.pdf,pdfs/2017_Journal_of_Plant_Pathology_ANTIFUNGAL_ACTIVITY_OF_ROSEMARY_EXTRACT_ON_MACROPHOMINA_PHASEOLINA_AND.pdf,FALSE
Journal of Plant Pathology,2017,2239-7264,issn_online,control,"BIOLOGICAL CONTROL OF SPILOCAEA OLEAGINA, THE CAUSAL AGENT OF OLIVE LEAF SPOT DISEASE, USING ANTAGONISTIC BACTERIA",https://doi.org/10.4454/jpp.v99i3.3958,14,Journal of Plant Pathology,https://openalex.org/W2765297804,NA,2017_Journal_of_Plant_Pathology_BIOLOGICAL_CONTROL_OF_SPILOCAEA_OLEAGINA_THE_CAUSAL_AGENT_OF_OLIVE_LEA.pdf,pdfs/2017_Journal_of_Plant_Pathology_BIOLOGICAL_CONTROL_OF_SPILOCAEA_OLEAGINA_THE_CAUSAL_AGENT_OF_OLIVE_LEA.pdf,FALSE
Journal of Plant Pathology,2017,2239-7264,issn_online,control,CONTROL OF FIRE BLIGHT INFECTIONS WITH SYNTHETIC PEPTIDES THAT ELICIT PLANT DEFENSE RESPONSES,https://doi.org/10.4454/jpp.v99i0.3915,15,Journal of Plant Pathology,https://openalex.org/W2762979501,NA,2017_Journal_of_Plant_Pathology_CONTROL_OF_FIRE_BLIGHT_INFECTIONS_WITH_SYNTHETIC_PEPTIDES_THAT_ELICIT_.pdf,pdfs/2017_Journal_of_Plant_Pathology_CONTROL_OF_FIRE_BLIGHT_INFECTIONS_WITH_SYNTHETIC_PEPTIDES_THAT_ELICIT_.pdf,FALSE
Journal of Plant Pathology,2017,2239-7264,issn_online,control,HUMIC SUBSTANCES: A POWERFUL TOOL FOR CONTROLLING FUSARIUM WILT DISEASE AND IMPROVING THE GROWTH OF CUCUMBER PLANTS,https://doi.org/10.4454/jpp.v99i1.3810,16,Journal of Plant Pathology,https://openalex.org/W2600957846,NA,2017_Journal_of_Plant_Pathology_HUMIC_SUBSTANCES_A_POWERFUL_TOOL_FOR_CONTROLLING_FUSARIUM_WILT_DISEASE.pdf,pdfs/2017_Journal_of_Plant_Pathology_HUMIC_SUBSTANCES_A_POWERFUL_TOOL_FOR_CONTROLLING_FUSARIUM_WILT_DISEASE.pdf,FALSE
Journal of Plant Pathology,2016,2239-7264,issn_online,control,BIOLOGICAL CONTROL OF POST HARVEST FRUIT DISEASES USING ANTAGONISTIC YEASTS IN INDIA,https://doi.org/10.4454/jpp.v98i2.026,20,Journal of Plant Pathology,https://openalex.org/W2464584437,NA,2016_Journal_of_Plant_Pathology_BIOLOGICAL_CONTROL_OF_POST_HARVEST_FRUIT_DISEASES_USING_ANTAGONISTIC_Y.pdf,pdfs/2016_Journal_of_Plant_Pathology_BIOLOGICAL_CONTROL_OF_POST_HARVEST_FRUIT_DISEASES_USING_ANTAGONISTIC_Y.pdf,FALSE
Journal of Plant Pathology,2016,2239-7264,issn_online,control,Development of practical tools for the monitoring and the control of the invasive plant pathogen Heterobasidion irregulare in central Italy.,NA,0,Journal of Plant Pathology,https://openalex.org/W2688100408,NA,2016_Journal_of_Plant_Pathology_Development_of_practical_tools_for_the_monitoring_and_the_control_of_t.pdf,pdfs/2016_Journal_of_Plant_Pathology_Development_of_practical_tools_for_the_monitoring_and_the_control_of_t.pdf,FALSE
Phytopathologia Mediterranea,2025,1593-2095,issn_online,control,Cultivar-specific effects of physical and biological treatments on grapevine trunk disease control and plant vigour,https://doi.org/10.36253/phyto-16698,1,Phytopathologia Mediterranea,https://openalex.org/W7115602029,https://oajournals.fupress.net/index.php/pm/article/download/16698/15228,2025_Phytopathologia_Mediterranea_Cultivar_specific_effects_of_physical_and_biological_treatments_on_gra.pdf,pdfs/2025_Phytopathologia_Mediterranea_Cultivar_specific_effects_of_physical_and_biological_treatments_on_gra.pdf,TRUE
Phytopathologia Mediterranea,2025,1593-2095,issn_online,control,"Orange oil postharvest dips for control of grey mould (Botrytis cinerea) of plums and strawberries, and green mould (Penicillium digitatum) of citrus",https://doi.org/10.36253/phyto-15613,1,Phytopathologia Mediterranea,https://openalex.org/W4410359641,https://oajournals.fupress.net/index.php/pm/article/download/15613/14641,2025_Phytopathologia_Mediterranea_Orange_oil_postharvest_dips_for_control_of_grey_mould_Botrytis_cinerea.pdf,pdfs/2025_Phytopathologia_Mediterranea_Orange_oil_postharvest_dips_for_control_of_grey_mould_Botrytis_cinerea.pdf,TRUE
Phytopathologia Mediterranea,2025,1593-2095,issn_online,control,"Pseudomonas putida has potential for biological control of bacterial spot of tomato, caused by Xanthomonas euvesicatoria",https://doi.org/10.36253/phyto-15347,2,Phytopathologia Mediterranea,https://openalex.org/W4414149296,https://oajournals.fupress.net/index.php/pm/article/download/15347/15176,2025_Phytopathologia_Mediterranea_Pseudomonas_putida_has_potential_for_biological_control_of_bacterial_s.pdf,pdfs/2025_Phytopathologia_Mediterranea_Pseudomonas_putida_has_potential_for_biological_control_of_bacterial_s.pdf,TRUE
Phytopathologia Mediterranea,2024,1593-2095,issn_online,control,"Bacillus velezensis B63 and chitosan control root rot, improve growth and alter the rhizosphere microbiome of geranium",https://doi.org/10.36253/phyto-15093,0,Phytopathologia Mediterranea,https://openalex.org/W4396869768,https://oajournals.fupress.net/index.php/pm/article/download/15093/13959,2024_Phytopathologia_Mediterranea_Bacillus_velezensis_B63_and_chitosan_control_root_rot_improve_growth_a.pdf,pdfs/2024_Phytopathologia_Mediterranea_Bacillus_velezensis_B63_and_chitosan_control_root_rot_improve_growth_a.pdf,TRUE
Phytopathologia Mediterranea,2024,1593-2095,issn_online,control,"Phytosanitary problems in elephant garlic (Allium ampeloprasum var. holmense) in the “Val di Chiana” area (Central Italy), and evaluation of potential control strategies",https://doi.org/10.36253/phyto-14911,1,Phytopathologia Mediterranea,https://openalex.org/W4396867442,https://oajournals.fupress.net/index.php/pm/article/download/14911/13936,2024_Phytopathologia_Mediterranea_Phytosanitary_problems_in_elephant_garlic_Allium_ampeloprasum_var_holm.pdf,pdfs/2024_Phytopathologia_Mediterranea_Phytosanitary_problems_in_elephant_garlic_Allium_ampeloprasum_var_holm.pdf,TRUE
Phytopathologia Mediterranea,2023,1593-2095,issn_online,control,A synergic and compatible microbial-based consortium for biocontrol of Fusarium wilt of tomato,https://doi.org/10.36253/phyto-13055,5,Phytopathologia Mediterranea,https://openalex.org/W4386841121,https://oajournals.fupress.net/index.php/pm/article/download/13055/13343,2023_Phytopathologia_Mediterranea_A_synergic_and_compatible_microbial_based_consortium_for_biocontrol_of.pdf,pdfs/2023_Phytopathologia_Mediterranea_A_synergic_and_compatible_microbial_based_consortium_for_biocontrol_of.pdf,TRUE
Phytopathologia Mediterranea,2023,1593-2095,issn_online,control,Activity of biocontrol agents against the grapevine pathogen Fomitiporia mediterranea,https://doi.org/10.36253/phyto-14302,1,Phytopathologia Mediterranea,https://openalex.org/W4386839515,https://oajournals.fupress.net/index.php/pm/article/download/14302/13508,2023_Phytopathologia_Mediterranea_Activity_of_biocontrol_agents_against_the_grapevine_pathogen_Fomitipor.pdf,pdfs/2023_Phytopathologia_Mediterranea_Activity_of_biocontrol_agents_against_the_grapevine_pathogen_Fomitipor.pdf,TRUE
Phytopathologia Mediterranea,2023,1593-2095,issn_online,control,Heritage grapevines as sources of biological control agents for Botryosphaeria dieback pathogens,https://doi.org/10.36253/phyto-14154,4,Phytopathologia Mediterranea,https://openalex.org/W4386840384,https://oajournals.fupress.net/index.php/pm/article/download/14154/13299,2023_Phytopathologia_Mediterranea_Heritage_grapevines_as_sources_of_biological_control_agents_for_Botryo.pdf,pdfs/2023_Phytopathologia_Mediterranea_Heritage_grapevines_as_sources_of_biological_control_agents_for_Botryo.pdf,TRUE
Phytopathologia Mediterranea,2023,1593-2095,issn_online,control,In vitro evaluation of drying supports and adhesive polymers as adjuvants for biocontrol of Diplodia seriata by Trichoderma harzianum and Clonostachys rosea,https://doi.org/10.36253/phyto-14096,3,Phytopathologia Mediterranea,https://openalex.org/W4386839589,https://oajournals.fupress.net/index.php/pm/article/download/14096/13509,2023_Phytopathologia_Mediterranea_In_vitro_evaluation_of_drying_supports_and_adhesive_polymers_as_adjuva.pdf,pdfs/2023_Phytopathologia_Mediterranea_In_vitro_evaluation_of_drying_supports_and_adhesive_polymers_as_adjuva.pdf,TRUE
Phytopathologia Mediterranea,2022,1593-2095,issn_online,control,Activity of bacterial seed endophytes of landrace durum wheat for control of Fusarium foot rot,https://doi.org/10.36253/phyto-12993,8,Phytopathologia Mediterranea,https://openalex.org/W4280524074,https://oajournals.fupress.net/index.php/pm/article/download/12993/12585,2022_Phytopathologia_Mediterranea_Activity_of_bacterial_seed_endophytes_of_landrace_durum_wheat_for_cont.pdf,pdfs/2022_Phytopathologia_Mediterranea_Activity_of_bacterial_seed_endophytes_of_landrace_durum_wheat_for_cont.pdf,TRUE
Phytopathologia Mediterranea,2022,1593-2095,issn_online,control,Rutin-stevioside and related conjugates for potential control of grapevine trunk diseases,https://doi.org/10.36253/phyto-13108,8,Phytopathologia Mediterranea,https://openalex.org/W4280552418,https://oajournals.fupress.net/index.php/pm/article/download/13108/12581,2022_Phytopathologia_Mediterranea_Rutin_stevioside_and_related_conjugates_for_potential_control_of_grape.pdf,pdfs/2022_Phytopathologia_Mediterranea_Rutin_stevioside_and_related_conjugates_for_potential_control_of_grape.pdf,TRUE
Phytopathologia Mediterranea,2022,1593-2095,issn_online,control,Understanding the control strategies effective against the esca leaf stripe symptom: the edge hypothesis,https://doi.org/10.36253/phyto-13295,6,Phytopathologia Mediterranea,https://openalex.org/W4280580612,https://oajournals.fupress.net/index.php/pm/article/download/13295/12709,2022_Phytopathologia_Mediterranea_Understanding_the_control_strategies_effective_against_the_esca_leaf_s.pdf,pdfs/2022_Phytopathologia_Mediterranea_Understanding_the_control_strategies_effective_against_the_esca_leaf_s.pdf,TRUE
Phytopathologia Mediterranea,2021,1593-2095,issn_online,control,Biocontrol agents and resistance inducers reduce Phytophthora crown rot (Phytophthora capsici) of sweet pepper in closed soilless culture,https://doi.org/10.36253/phyto-11978,8,Phytopathologia Mediterranea,https://openalex.org/W3160443361,https://oajournals.fupress.net/index.php/pm/article/download/11978/12134,2021_Phytopathologia_Mediterranea_Biocontrol_agents_and_resistance_inducers_reduce_Phytophthora_crown_ro.pdf,pdfs/2021_Phytopathologia_Mediterranea_Biocontrol_agents_and_resistance_inducers_reduce_Phytophthora_crown_ro.pdf,TRUE
Phytopathologia Mediterranea,2021,1593-2095,issn_online,control,"In vitro evaluation of grapevine endophytes, epiphytes and sap micro-organisms for potential use to control grapevine trunk disease pathogens",https://doi.org/10.36253/phyto-12500,14,Phytopathologia Mediterranea,https://openalex.org/W4226287631,https://oajournals.fupress.net/index.php/pm/article/download/12500/12526,2021_Phytopathologia_Mediterranea_In_vitro_evaluation_of_grapevine_endophytes_epiphytes_and_sap_micro_or.pdf,pdfs/2021_Phytopathologia_Mediterranea_In_vitro_evaluation_of_grapevine_endophytes_epiphytes_and_sap_micro_or.pdf,TRUE
Phytopathologia Mediterranea,2021,1593-2095,issn_online,control,Starch-glyceryl monostearate edible coatings formulated with sodium benzoate control postharvest citrus diseases caused by Penicillium digitatum and Penicillium italicum,https://doi.org/10.36253/phyto-12528,7,Phytopathologia Mediterranea,https://openalex.org/W3201385273,https://oajournals.fupress.net/index.php/pm/article/download/12528/12339,2021_Phytopathologia_Mediterranea_Starch_glyceryl_monostearate_edible_coatings_formulated_with_sodium_be.pdf,pdfs/2021_Phytopathologia_Mediterranea_Starch_glyceryl_monostearate_edible_coatings_formulated_with_sodium_be.pdf,TRUE
Phytopathologia Mediterranea,2020,1593-2095,issn_online,control,A non-pathogenic strain of Fusarium oxysporum and grape marc compost control Verticillium wilt of olive,https://doi.org/10.36253/phyto-11106,14,Phytopathologia Mediterranea,https://openalex.org/W3033796565,https://oajournals.fupress.net/index.php/pm/article/download/11106/11080,2020_Phytopathologia_Mediterranea_A_non_pathogenic_strain_of_Fusarium_oxysporum_and_grape_marc_compost_c.pdf,pdfs/2020_Phytopathologia_Mediterranea_A_non_pathogenic_strain_of_Fusarium_oxysporum_and_grape_marc_compost_c.pdf,TRUE
Phytopathologia Mediterranea,2020,1593-2095,issn_online,control,Evaluation of different carbon sources for anaerobic soil disinfestation against Rhizoctonia solani on lettuce in controlled production systems,https://doi.org/10.36253/phyto-10911,14,Phytopathologia Mediterranea,https://openalex.org/W3032968814,https://oajournals.fupress.net/index.php/pm/article/download/10911/11071,2020_Phytopathologia_Mediterranea_Evaluation_of_different_carbon_sources_for_anaerobic_soil_disinfestati.pdf,pdfs/2020_Phytopathologia_Mediterranea_Evaluation_of_different_carbon_sources_for_anaerobic_soil_disinfestati.pdf,TRUE
Phytopathologia Mediterranea,2019,1593-2095,issn_online,control,Biological control of clementine branch canker caused by Phytophthora citrophthora.,NA,4,Phytopathologia Mediterranea,https://openalex.org/W3048506224,NA,2019_Phytopathologia_Mediterranea_Biological_control_of_clementine_branch_canker_caused_by_Phytophthora_.pdf,pdfs/2019_Phytopathologia_Mediterranea_Biological_control_of_clementine_branch_canker_caused_by_Phytophthora_.pdf,FALSE
Phytopathology,2025,1943-7684,issn_online,control,Eugenol Potentially Targets Oleate Delta-12 Desaturase of <i>Botrytis cinerea</i> and Controls Gray Mold as Part of a Combination of Multiple Fungicidal Components,https://doi.org/10.1094/phyto-06-25-0227-r,1,Phytopathology,https://openalex.org/W4415477677,NA,2025_Phytopathology_Eugenol_Potentially_Targets_Oleate_Delta_12_Desaturase_of_i_Botrytis_c.pdf,pdfs/2025_Phytopathology_Eugenol_Potentially_Targets_Oleate_Delta_12_Desaturase_of_i_Botrytis_c.pdf,FALSE
Phytopathology,2025,1943-7684,issn_online,control,Identification of Quantitative Trait Loci Controlling Large Patch (<i>Rhizoctonia solani</i> Anastomosis Group 2-2LP) Resistance in Zoysiagrass,https://doi.org/10.1094/phyto-10-24-0311-r,3,Phytopathology,https://openalex.org/W4409672681,NA,2025_Phytopathology_Identification_of_Quantitative_Trait_Loci_Controlling_Large_Patch_i_Rh.pdf,pdfs/2025_Phytopathology_Identification_of_Quantitative_Trait_Loci_Controlling_Large_Patch_i_Rh.pdf,FALSE
Phytopathology,2025,1943-7684,issn_online,control,RNA-seq Reveals Differential Responses in <i>Vitis vinifera</i> Cultivars Protected by Distinct Biocontrol Agents Against <i>Neofusicoccum parvum</i> Bt67,https://doi.org/10.1094/phyto-12-24-0399-r,1,Phytopathology,https://openalex.org/W4411025746,NA,2025_Phytopathology_RNA_seq_Reveals_Differential_Responses_in_i_Vitis_vinifera_i_Cultivars.pdf,pdfs/2025_Phytopathology_RNA_seq_Reveals_Differential_Responses_in_i_Vitis_vinifera_i_Cultivars.pdf,FALSE
Phytopathology,2025,1943-7684,issn_online,control,"The Natural Product Osthole, Known for Its Insecticidal and Antimicrobial Properties, Potentially Binds to Amidase, Offering a Novel Approach for Controlling Tomato Gray Mold for the First Time",https://doi.org/10.1094/phyto-06-25-0203-r,0,Phytopathology,https://openalex.org/W4414084886,NA,2025_Phytopathology_The_Natural_Product_Osthole_Known_for_Its_Insecticidal_and_Antimicrobi.pdf,pdfs/2025_Phytopathology_The_Natural_Product_Osthole_Known_for_Its_Insecticidal_and_Antimicrobi.pdf,FALSE
Phytopathology,2024,1943-7684,issn_online,control,Characterization of Siderophores Produced by <i>Bacillus velezensis</i> YL2021 and Its Application in Controlling Rice Sheath Blight and Rice Blast,https://doi.org/10.1094/phyto-04-24-0148-r,9,Phytopathology,https://openalex.org/W4401903918,NA,2024_Phytopathology_Characterization_of_Siderophores_Produced_by_i_Bacillus_velezensis_i_Y.pdf,pdfs/2024_Phytopathology_Characterization_of_Siderophores_Produced_by_i_Bacillus_velezensis_i_Y.pdf,FALSE
Phytopathology,2024,1943-7684,issn_online,control,Double-Stranded RNA Targeting White Mold <i>Sclerotinia sclerotiorum</i> Argonaute 2 for Disease Control via Spray-Induced Gene Silencing,https://doi.org/10.1094/phyto-11-23-0431-r,20,Phytopathology,https://openalex.org/W4390535195,https://apsjournals.apsnet.org/doi/pdf/10.1094/PHYTO-11-23-0431-R?download=true,2024_Phytopathology_Double_Stranded_RNA_Targeting_White_Mold_i_Sclerotinia_sclerotiorum_i_.pdf,pdfs/2024_Phytopathology_Double_Stranded_RNA_Targeting_White_Mold_i_Sclerotinia_sclerotiorum_i_.pdf,FALSE
Phytopathology,2024,1943-7684,issn_online,control,Patulin Inhibition of Specific Apple Microbiome Members Uncovers <i>Hanseniaspora uvarum</i> as a Potential Biocontrol Agent,https://doi.org/10.1094/phyto-06-24-0189-r,3,Phytopathology,https://openalex.org/W4403188942,NA,2024_Phytopathology_Patulin_Inhibition_of_Specific_Apple_Microbiome_Members_Uncovers_i_Han.pdf,pdfs/2024_Phytopathology_Patulin_Inhibition_of_Specific_Apple_Microbiome_Members_Uncovers_i_Han.pdf,FALSE
Phytopathology,2024,1943-7684,issn_online,control,The Microbial Metabolite Wuyiencin Potentially Targets Threonine Dehydratase in <i>Didymella segeticola</i> to Achieve Control of Tea Leaf Spot,https://doi.org/10.1094/phyto-06-24-0200-r,7,Phytopathology,https://openalex.org/W4403630478,NA,2024_Phytopathology_The_Microbial_Metabolite_Wuyiencin_Potentially_Targets_Threonine_Dehyd.pdf,pdfs/2024_Phytopathology_The_Microbial_Metabolite_Wuyiencin_Potentially_Targets_Threonine_Dehyd.pdf,FALSE
Phytopathology,2023,1943-7684,issn_online,control,Bioecological Traits of Spittlebugs and Their Implications for the Epidemiology and Control of the <i>Xylella fastidiosa</i> Epidemic in Apulia (Southern Italy),https://doi.org/10.1094/phyto-12-22-0460-ia,18,Phytopathology,https://openalex.org/W4353014944,https://digital.csic.es/bitstream/10261/343324/1/Epidemic-Apulia.pdf,2023_Phytopathology_Bioecological_Traits_of_Spittlebugs_and_Their_Implications_for_the_Epi.pdf,pdfs/2023_Phytopathology_Bioecological_Traits_of_Spittlebugs_and_Their_Implications_for_the_Epi.pdf,TRUE
Phytopathology,2023,1943-7684,issn_online,control,Control of Pierce's Disease of Grape with <i>Paraburkholderia phytofirmans</i> PsJN in the Field,https://doi.org/10.1094/phyto-06-23-0219-r,12,Phytopathology,https://openalex.org/W4388115730,https://apsjournals.apsnet.org/doi/pdf/10.1094/PHYTO-06-23-0219-R?download=true,2023_Phytopathology_Control_of_Pierce_s_Disease_of_Grape_with_i_Paraburkholderia_phytofirm.pdf,pdfs/2023_Phytopathology_Control_of_Pierce_s_Disease_of_Grape_with_i_Paraburkholderia_phytofirm.pdf,FALSE
Phytopathology,2023,1943-7684,issn_online,control,Indigenous Populations of a Biological Control Agent in Agricultural Field Soils Predicted Suppression of a Plant Pathogen,https://doi.org/10.1094/phyto-07-23-0221-r,4,Phytopathology,https://openalex.org/W4386623738,NA,2023_Phytopathology_Indigenous_Populations_of_a_Biological_Control_Agent_in_Agricultural_F.pdf,pdfs/2023_Phytopathology_Indigenous_Populations_of_a_Biological_Control_Agent_in_Agricultural_F.pdf,FALSE
Phytopathology,2023,1943-7684,issn_online,control,Use of Ecological Theory to Understand the Efficacy and Mechanisms of Multistrain Biological Control,https://doi.org/10.1094/phyto-04-22-0115-rvw,9,Phytopathology,https://openalex.org/W4317481027,https://apsjournals.apsnet.org/doi/pdf/10.1094/PHYTO-04-22-0115-RVW?download=true,2023_Phytopathology_Use_of_Ecological_Theory_to_Understand_the_Efficacy_and_Mechanisms_of_.pdf,pdfs/2023_Phytopathology_Use_of_Ecological_Theory_to_Understand_the_Efficacy_and_Mechanisms_of_.pdf,FALSE
Phytopathology,2022,1943-7684,issn_online,control,"Genome Sequence Resource for <i>Cercospora rodmanii</i> J1, a Potential Biological Control Agent for Water Hyacinth",https://doi.org/10.1094/phyto-04-22-0119-a,3,Phytopathology,https://openalex.org/W4309706563,NA,2022_Phytopathology_Genome_Sequence_Resource_for_i_Cercospora_rodmanii_i_J1_a_Potential_Bi.pdf,pdfs/2022_Phytopathology_Genome_Sequence_Resource_for_i_Cercospora_rodmanii_i_J1_a_Potential_Bi.pdf,FALSE
Phytopathology,2022,1943-7684,issn_online,control,"High-Quality Genome Resource of <i>Bacillus subtilis</i> N4, a Biological Control Agent Isolated from <i>Phoebe bournei</i>",https://doi.org/10.1094/phyto-05-22-0163-a,4,Phytopathology,https://openalex.org/W4309095953,NA,2022_Phytopathology_High_Quality_Genome_Resource_of_i_Bacillus_subtilis_i_N4_a_Biological_.pdf,pdfs/2022_Phytopathology_High_Quality_Genome_Resource_of_i_Bacillus_subtilis_i_N4_a_Biological_.pdf,FALSE
Phytopathology,2022,1943-7684,issn_online,control,Potential Biological Control of Endophytic <i>Streptomyces</i> sp. 5-4 Against Fusarium Wilt of Banana Caused by <i>Fusarium oxysporum</i> f. sp. <i>cubense</i> Tropical Race 4,https://doi.org/10.1094/phyto-11-21-0464-r,31,Phytopathology,https://openalex.org/W4224871143,NA,2022_Phytopathology_Potential_Biological_Control_of_Endophytic_i_Streptomyces_i_sp_5_4_Aga.pdf,pdfs/2022_Phytopathology_Potential_Biological_Control_of_Endophytic_i_Streptomyces_i_sp_5_4_Aga.pdf,FALSE
Phytopathology,2022,1943-7684,issn_online,control,"The Highly Contiguous Genome Resource of <i>Trichoderma semiorbis</i> FJ059, a Biological Control Agent for Litchi Downy Blight",https://doi.org/10.1094/phyto-09-21-0389-a,5,Phytopathology,https://openalex.org/W4210829579,NA,2022_Phytopathology_The_Highly_Contiguous_Genome_Resource_of_i_Trichoderma_semiorbis_i_FJ0.pdf,pdfs/2022_Phytopathology_The_Highly_Contiguous_Genome_Resource_of_i_Trichoderma_semiorbis_i_FJ0.pdf,FALSE
Phytopathology,2021,1943-7684,issn_online,control,Bee-Vectored <i>Aureobasidium pullulans</i> for Biological Control of Gray Mold in Strawberry,https://doi.org/10.1094/phyto-05-21-0205-r,33,Phytopathology,https://openalex.org/W3175850955,NA,2021_Phytopathology_Bee_Vectored_i_Aureobasidium_pullulans_i_for_Biological_Control_of_Gra.pdf,pdfs/2021_Phytopathology_Bee_Vectored_i_Aureobasidium_pullulans_i_for_Biological_Control_of_Gra.pdf,FALSE
Phytopathology,2021,1943-7684,issn_online,control,"Mating-Type Genes Control Sexual Reproduction, Conidial Germination, and Virulence in <i>Cochliobolus lunatus</i>",https://doi.org/10.1094/phyto-02-21-0063-r,3,Phytopathology,https://openalex.org/W3208518847,NA,2021_Phytopathology_Mating_Type_Genes_Control_Sexual_Reproduction_Conidial_Germination_and.pdf,pdfs/2021_Phytopathology_Mating_Type_Genes_Control_Sexual_Reproduction_Conidial_Germination_and.pdf,FALSE
Phytopathology,2021,1943-7684,issn_online,control,Prevalent Transmission of <i>‘Candidatus</i> Liberibacter asiaticus’ over ‘<i>Ca</i>. Liberibacter americanus’ in a Long-Term Controlled Environment,https://doi.org/10.1094/phyto-06-21-0239-fi,9,Phytopathology,https://openalex.org/W3194697219,NA,2021_Phytopathology_Prevalent_Transmission_of_i_Candidatus_i_Liberibacter_asiaticus_over_i.pdf,pdfs/2021_Phytopathology_Prevalent_Transmission_of_i_Candidatus_i_Liberibacter_asiaticus_over_i.pdf,FALSE
Phytopathology,2021,1943-7684,issn_online,control,The Potential Biocontrol Agent <i>Paenibacillus polymyxa</i> TP3 Produces Fusaricidin-Type Compounds Involved in the Antagonism Against Gray Mold Pathogen <i>Botrytis cinerea</i>,https://doi.org/10.1094/phyto-04-21-0178-r,25,Phytopathology,https://openalex.org/W3203418606,NA,2021_Phytopathology_The_Potential_Biocontrol_Agent_i_Paenibacillus_polymyxa_i_TP3_Produces.pdf,pdfs/2021_Phytopathology_The_Potential_Biocontrol_Agent_i_Paenibacillus_polymyxa_i_TP3_Produces.pdf,FALSE
Phytopathology,2020,1943-7684,issn_online,control,<i>Esteya floridanum</i> sp. nov.: An Ophiostomatalean Nematophagous Fungus and Its Potential to Control the Pine Wood Nematode,https://doi.org/10.1094/phyto-06-20-0229-r,15,Phytopathology,https://openalex.org/W3046906771,https://apsjournals.apsnet.org/doi/pdf/10.1094/PHYTO-06-20-0229-R,2020_Phytopathology__i_Esteya_floridanum_i_sp_nov_An_Ophiostomatalean_Nematophagous_Fungus.pdf,pdfs/2020_Phytopathology__i_Esteya_floridanum_i_sp_nov_An_Ophiostomatalean_Nematophagous_Fungus.pdf,FALSE
Phytopathology,2020,1943-7684,issn_online,control,<i>Pseudomonas synxantha</i> 2-79 Transformed with Pyrrolnitrin Biosynthesis Genes Has Improved Biocontrol Activity Against Soilborne Pathogens of Wheat and Canola,https://doi.org/10.1094/phyto-09-19-0367-r,27,Phytopathology,https://openalex.org/W3007657362,https://apsjournals.apsnet.org/doi/pdf/10.1094/PHYTO-09-19-0367-R,2020_Phytopathology__i_Pseudomonas_synxantha_i_2_79_Transformed_with_Pyrrolnitrin_Biosynth.pdf,pdfs/2020_Phytopathology__i_Pseudomonas_synxantha_i_2_79_Transformed_with_Pyrrolnitrin_Biosynth.pdf,FALSE
Phytopathology,2020,1943-7684,issn_online,control,Assessing Aerated Vermicompost Tea Combined with Microbial Biological Control Agents for Suppression of <i>Fusarium</i> and <i>Rhizoctonia</i>,https://doi.org/10.1094/phyto-05-20-0156-r,8,Phytopathology,https://openalex.org/W3103279730,NA,2020_Phytopathology_Assessing_Aerated_Vermicompost_Tea_Combined_with_Microbial_Biological_.pdf,pdfs/2020_Phytopathology_Assessing_Aerated_Vermicompost_Tea_Combined_with_Microbial_Biological_.pdf,FALSE
Phytopathology,2020,1943-7684,issn_online,control,"Region-Wide Comprehensive Implementation of Roguing Infected Trees, Tree Replacement, and Insecticide Applications Successfully Controls Citrus Huanglongbing",https://doi.org/10.1094/phyto-09-20-0436-r,38,Phytopathology,https://openalex.org/W3115795495,NA,2020_Phytopathology_Region_Wide_Comprehensive_Implementation_of_Roguing_Infected_Trees_Tre.pdf,pdfs/2020_Phytopathology_Region_Wide_Comprehensive_Implementation_of_Roguing_Infected_Trees_Tre.pdf,FALSE
Phytopathology,2019,1943-7684,issn_online,control,Biocontrol Activity of Three <i>Pseudomonas</i> in a Newly Assembled Collection of <i>Phytophthora infestans</i> Isolates,https://doi.org/10.1094/phyto-12-18-0487-r,34,Phytopathology,https://openalex.org/W2943662464,https://apsjournals.apsnet.org/doi/pdf/10.1094/PHYTO-12-18-0487-R,2019_Phytopathology_Biocontrol_Activity_of_Three_i_Pseudomonas_i_in_a_Newly_Assembled_Coll.pdf,pdfs/2019_Phytopathology_Biocontrol_Activity_of_Three_i_Pseudomonas_i_in_a_Newly_Assembled_Coll.pdf,FALSE
Phytopathology,2019,1943-7684,issn_online,control,Deletion of the Nonribosomal Peptide Synthetase Gene <i>nps1</i> in the Fungus <i>Clonostachys rosea</i> Attenuates Antagonism and Biocontrol of Plant Pathogenic <i>Fusarium</i> and Nematodes,https://doi.org/10.1094/phyto-02-19-0042-r,35,Phytopathology,https://openalex.org/W2946242854,https://apsjournals.apsnet.org/doi/pdf/10.1094/PHYTO-02-19-0042-R,2019_Phytopathology_Deletion_of_the_Nonribosomal_Peptide_Synthetase_Gene_i_nps1_i_in_the_F.pdf,pdfs/2019_Phytopathology_Deletion_of_the_Nonribosomal_Peptide_Synthetase_Gene_i_nps1_i_in_the_F.pdf,FALSE
Phytopathology,2019,1943-7684,issn_online,control,Field Evaluation of Reduced Rate Brassicaceae Seed Meal Amendment and Rootstock Genotype on the Microbiome and Control of Apple Replant Disease,https://doi.org/10.1094/phyto-02-19-0045-r,47,Phytopathology,https://openalex.org/W2924109813,https://apsjournals.apsnet.org/doi/pdf/10.1094/PHYTO-02-19-0045-R,2019_Phytopathology_Field_Evaluation_of_Reduced_Rate_Brassicaceae_Seed_Meal_Amendment_and_.pdf,pdfs/2019_Phytopathology_Field_Evaluation_of_Reduced_Rate_Brassicaceae_Seed_Meal_Amendment_and_.pdf,FALSE
Phytopathology,2019,1943-7684,issn_online,control,Is Exploitation Competition Involved in a Multitrophic Strategy for the Biocontrol of Fusarium Head Blight?,https://doi.org/10.1094/phyto-04-18-0123-r,35,Phytopathology,https://openalex.org/W2916949912,https://apsjournals.apsnet.org/doi/pdf/10.1094/PHYTO-04-18-0123-R,2019_Phytopathology_Is_Exploitation_Competition_Involved_in_a_Multitrophic_Strategy_for_th.pdf,pdfs/2019_Phytopathology_Is_Exploitation_Competition_Involved_in_a_Multitrophic_Strategy_for_th.pdf,FALSE
Phytopathology,2018,1943-7684,issn_online,control,Biological Control of <i>Botrytis cinerea</i>: Interactions with Native Vineyard Yeasts from Washington State,https://doi.org/10.1094/phyto-09-17-0306-r,62,Phytopathology,https://openalex.org/W2783217646,https://apsjournals.apsnet.org/doi/pdf/10.1094/PHYTO-09-17-0306-R,2018_Phytopathology_Biological_Control_of_i_Botrytis_cinerea_i_Interactions_with_Native_Vi.pdf,pdfs/2018_Phytopathology_Biological_Control_of_i_Botrytis_cinerea_i_Interactions_with_Native_Vi.pdf,FALSE
Phytopathology,2018,1943-7684,issn_online,control,Biological Control of Pierce’s Disease of Grape by an Endophytic Bacterium,https://doi.org/10.1094/phyto-07-18-0245-fi,85,Phytopathology,https://openalex.org/W2903928784,https://apsjournals.apsnet.org/doi/pdf/10.1094/PHYTO-07-18-0245-FI,2018_Phytopathology_Biological_Control_of_Pierce_s_Disease_of_Grape_by_an_Endophytic_Bacte.pdf,pdfs/2018_Phytopathology_Biological_Control_of_Pierce_s_Disease_of_Grape_by_an_Endophytic_Bacte.pdf,FALSE
Phytopathology,2018,1943-7684,issn_online,control,Innovative Delivery of Cu(II) Ions by a Nanostructured Hydroxyapatite: Potential Application in Planta to Enhance the Sustainable Control of <i>Plasmopara viticola</i>,https://doi.org/10.1094/phyto-02-18-0033-r,24,Phytopathology,https://openalex.org/W2904447043,https://apsjournals.apsnet.org/doi/pdf/10.1094/PHYTO-02-18-0033-R,2018_Phytopathology_Innovative_Delivery_of_Cu_II_Ions_by_a_Nanostructured_Hydroxyapatite_P.pdf,pdfs/2018_Phytopathology_Innovative_Delivery_of_Cu_II_Ions_by_a_Nanostructured_Hydroxyapatite_P.pdf,FALSE
Phytopathology,2018,1943-7684,issn_online,control,Volatile Compounds of Endophytic <i>Bacillus</i> spp. have Biocontrol Activity Against <i>Sclerotinia sclerotiorum</i>,https://doi.org/10.1094/phyto-04-18-0118-r,158,Phytopathology,https://openalex.org/W2985047101,https://apsjournals.apsnet.org/doi/pdf/10.1094/PHYTO-04-18-0118-R,2018_Phytopathology_Volatile_Compounds_of_Endophytic_i_Bacillus_i_spp_have_Biocontrol_Acti.pdf,pdfs/2018_Phytopathology_Volatile_Compounds_of_Endophytic_i_Bacillus_i_spp_have_Biocontrol_Acti.pdf,FALSE
Phytopathology,2017,1943-7684,issn_online,control,Evaluation of <i>Clonostachys rosea</i> for Control of Plant-Parasitic Nematodes in Soil and in Roots of Carrot and Wheat,https://doi.org/10.1094/phyto-03-17-0091-r,61,Phytopathology,https://openalex.org/W2755180280,https://apsjournals.apsnet.org/doi/pdf/10.1094/PHYTO-03-17-0091-R,2017_Phytopathology_Evaluation_of_i_Clonostachys_rosea_i_for_Control_of_Plant_Parasitic_Ne.pdf,pdfs/2017_Phytopathology_Evaluation_of_i_Clonostachys_rosea_i_for_Control_of_Plant_Parasitic_Ne.pdf,FALSE
Phytopathology,2017,1943-7684,issn_online,control,Evaluation of a Pomegranate Peel Extract as an Alternative Means to Control Olive Anthracnose,https://doi.org/10.1094/phyto-04-17-0133-r,50,Phytopathology,https://openalex.org/W2740235637,https://apsjournals.apsnet.org/doi/pdf/10.1094/PHYTO-04-17-0133-R,2017_Phytopathology_Evaluation_of_a_Pomegranate_Peel_Extract_as_an_Alternative_Means_to_Co.pdf,pdfs/2017_Phytopathology_Evaluation_of_a_Pomegranate_Peel_Extract_as_an_Alternative_Means_to_Co.pdf,FALSE
Phytopathology,2017,1943-7684,issn_online,control,Sensitivity of <i>Rhizoctonia</i> Isolates to Phenazine-1-Carboxylic Acid and Biological Control by Phenazine-Producing <i>Pseudomonas</i> spp.,https://doi.org/10.1094/phyto-07-16-0257-r,45,Phytopathology,https://openalex.org/W2587959696,https://apsjournals.apsnet.org/doi/pdf/10.1094/PHYTO-07-16-0257-R,2017_Phytopathology_Sensitivity_of_i_Rhizoctonia_i_Isolates_to_Phenazine_1_Carboxylic_Acid.pdf,pdfs/2017_Phytopathology_Sensitivity_of_i_Rhizoctonia_i_Isolates_to_Phenazine_1_Carboxylic_Acid.pdf,FALSE
Phytopathology,2017,1943-7684,issn_online,control,Soil Microbiomes Associated with Verticillium Wilt-Suppressive Broccoli and Chitin Amendments are Enriched with Potential Biocontrol Agents,https://doi.org/10.1094/phyto-07-17-0242-r,91,Phytopathology,https://openalex.org/W2752992284,https://apsjournals.apsnet.org/doi/pdf/10.1094/PHYTO-07-17-0242-R,2017_Phytopathology_Soil_Microbiomes_Associated_with_Verticillium_Wilt_Suppressive_Broccol.pdf,pdfs/2017_Phytopathology_Soil_Microbiomes_Associated_with_Verticillium_Wilt_Suppressive_Broccol.pdf,FALSE
Phytopathology,2016,1943-7684,issn_online,control,Application of Genomics for Understanding Plant Virus-Insect Vector Interactions and Insect Vector Control,https://doi.org/10.1094/phyto-02-16-0111-fi,27,Phytopathology,https://openalex.org/W2483761194,https://apsjournals.apsnet.org/doi/pdf/10.1094/PHYTO-02-16-0111-FI,2016_Phytopathology_Application_of_Genomics_for_Understanding_Plant_Virus_Insect_Vector_In.pdf,pdfs/2016_Phytopathology_Application_of_Genomics_for_Understanding_Plant_Virus_Insect_Vector_In.pdf,FALSE
Phytopathology,2016,1943-7684,issn_online,control,Biocontrol of Potato Common Scab is Associated with High <i>Pseudomonas fluorescens</i> LBUM223 Populations and Phenazine-1-Carboxylic Acid Biosynthetic Transcript Accumulation in the Potato Geocaulosphere,https://doi.org/10.1094/phyto-01-16-0019-r,55,Phytopathology,https://openalex.org/W2436542196,https://apsjournals.apsnet.org/doi/pdf/10.1094/PHYTO-01-16-0019-R,2016_Phytopathology_Biocontrol_of_Potato_Common_Scab_is_Associated_with_High_i_Pseudomonas.pdf,pdfs/2016_Phytopathology_Biocontrol_of_Potato_Common_Scab_is_Associated_with_High_i_Pseudomonas.pdf,FALSE
Phytopathology,2016,1943-7684,issn_online,control,Evaluation of the Spatiotemporal Dynamics of Oxytetracycline and Its Control Effect Against Citrus Huanglongbing via Trunk Injection,https://doi.org/10.1094/phyto-02-16-0114-r,110,Phytopathology,https://openalex.org/W2487111071,https://apsjournals.apsnet.org/doi/pdf/10.1094/PHYTO-02-16-0114-R,2016_Phytopathology_Evaluation_of_the_Spatiotemporal_Dynamics_of_Oxytetracycline_and_Its_C.pdf,pdfs/2016_Phytopathology_Evaluation_of_the_Spatiotemporal_Dynamics_of_Oxytetracycline_and_Its_C.pdf,FALSE
Phytopathology Research,2025,2524-4167,issn_online,control,"Cgras2 controls growth and virulence through the regulation of intracellular cAMP level, cytoskeleton organization, and protein secretion in Colletotrichum gloeosporioides",https://doi.org/10.1186/s42483-025-00343-3,1,Phytopathology Research,https://openalex.org/W4413332123,https://phytopatholres.biomedcentral.com/counter/pdf/10.1186/s42483-025-00343-3,2025_Phytopathology_Research_Cgras2_controls_growth_and_virulence_through_the_regulation_of_intrace.pdf,pdfs/2025_Phytopathology_Research_Cgras2_controls_growth_and_virulence_through_the_regulation_of_intrace.pdf,TRUE
Phytopathology Research,2025,2524-4167,issn_online,control,Effects of Trichoderma harzianum and Arthrobacter ureafaciens on control of Fusarium crown rot and microbial communities in wheat root-zone soil,https://doi.org/10.1186/s42483-025-00331-7,6,Phytopathology Research,https://openalex.org/W4410348910,https://phytopatholres.biomedcentral.com/counter/pdf/10.1186/s42483-025-00331-7,2025_Phytopathology_Research_Effects_of_Trichoderma_harzianum_and_Arthrobacter_ureafaciens_on_contr.pdf,pdfs/2025_Phytopathology_Research_Effects_of_Trichoderma_harzianum_and_Arthrobacter_ureafaciens_on_contr.pdf,TRUE
Phytopathology Research,2025,2524-4167,issn_online,control,Identification of Fusarium proliferatum chrysovirus 1 and its biocontrol activity of phytopathogenic Fusarium species,https://doi.org/10.1186/s42483-025-00348-y,1,Phytopathology Research,https://openalex.org/W4413090228,https://link.springer.com/content/pdf/10.1186/s42483-025-00348-y.pdf,2025_Phytopathology_Research_Identification_of_Fusarium_proliferatum_chrysovirus_1_and_its_biocontr.pdf,pdfs/2025_Phytopathology_Research_Identification_of_Fusarium_proliferatum_chrysovirus_1_and_its_biocontr.pdf,TRUE
Phytopathology Research,2025,2524-4167,issn_online,control,Soil-dwelling Bacillus velezensis SS-38.4 efficiently colonizes sugar beet phyllosphere and controls phytopathogenic Pseudomonas syringae,https://doi.org/10.1186/s42483-025-00346-0,2,Phytopathology Research,https://openalex.org/W4413209749,https://link.springer.com/content/pdf/10.1186/s42483-025-00346-0.pdf,2025_Phytopathology_Research_Soil_dwelling_Bacillus_velezensis_SS_38_4_efficiently_colonizes_sugar_.pdf,pdfs/2025_Phytopathology_Research_Soil_dwelling_Bacillus_velezensis_SS_38_4_efficiently_colonizes_sugar_.pdf,TRUE
Phytopathology Research,2024,2524-4167,issn_online,control,A simple and effective VIGS system facilitates the control of citrus canker by silencing CsLOB1,https://doi.org/10.1186/s42483-024-00234-z,3,Phytopathology Research,https://openalex.org/W4392726875,https://phytopatholres.biomedcentral.com/counter/pdf/10.1186/s42483-024-00234-z,2024_Phytopathology_Research_A_simple_and_effective_VIGS_system_facilitates_the_control_of_citrus_c.pdf,pdfs/2024_Phytopathology_Research_A_simple_and_effective_VIGS_system_facilitates_the_control_of_citrus_c.pdf,TRUE
Phytopathology Research,2024,2524-4167,issn_online,control,Application of fungi as biological control strategies for nematode management in horticultural crops,https://doi.org/10.1186/s42483-024-00257-6,27,Phytopathology Research,https://openalex.org/W4401007774,https://phytopatholres.biomedcentral.com/counter/pdf/10.1186/s42483-024-00257-6,2024_Phytopathology_Research_Application_of_fungi_as_biological_control_strategies_for_nematode_man.pdf,pdfs/2024_Phytopathology_Research_Application_of_fungi_as_biological_control_strategies_for_nematode_man.pdf,TRUE
Phytopathology Research,2024,2524-4167,issn_online,control,Botanical extracts control the fungal pathogen Colletotrichum boninense in smallholder production of common bean,https://doi.org/10.1186/s42483-024-00235-y,9,Phytopathology Research,https://openalex.org/W4395483930,https://link.springer.com/content/pdf/10.1186/s42483-024-00235-y.pdf,2024_Phytopathology_Research_Botanical_extracts_control_the_fungal_pathogen_Colletotrichum_boninens.pdf,pdfs/2024_Phytopathology_Research_Botanical_extracts_control_the_fungal_pathogen_Colletotrichum_boninens.pdf,TRUE
Phytopathology Research,2024,2524-4167,issn_online,control,Effect of silver nanochitosan on control of seed-borne pathogens and maintaining seed quality of wheat,https://doi.org/10.1186/s42483-024-00260-x,14,Phytopathology Research,https://openalex.org/W4401446737,https://phytopatholres.biomedcentral.com/counter/pdf/10.1186/s42483-024-00260-x,2024_Phytopathology_Research_Effect_of_silver_nanochitosan_on_control_of_seed_borne_pathogens_and_m.pdf,pdfs/2024_Phytopathology_Research_Effect_of_silver_nanochitosan_on_control_of_seed_borne_pathogens_and_m.pdf,TRUE
Phytopathology Research,2023,2524-4167,issn_online,control,A potential biocontrol agent Streptomyces tauricus XF for managing wheat stripe rust,https://doi.org/10.1186/s42483-023-00168-y,22,Phytopathology Research,https://openalex.org/W4363679635,https://phytopatholres.biomedcentral.com/counter/pdf/10.1186/s42483-023-00168-y,2023_Phytopathology_Research_A_potential_biocontrol_agent_Streptomyces_tauricus_XF_for_managing_whe.pdf,pdfs/2023_Phytopathology_Research_A_potential_biocontrol_agent_Streptomyces_tauricus_XF_for_managing_whe.pdf,TRUE
Phytopathology Research,2023,2524-4167,issn_online,control,Apple Valsa canker: insights into pathogenesis and disease control,https://doi.org/10.1186/s42483-023-00200-1,55,Phytopathology Research,https://openalex.org/W4386791239,https://phytopatholres.biomedcentral.com/counter/pdf/10.1186/s42483-023-00200-1,2023_Phytopathology_Research_Apple_Valsa_canker_insights_into_pathogenesis_and_disease_control.pdf,pdfs/2023_Phytopathology_Research_Apple_Valsa_canker_insights_into_pathogenesis_and_disease_control.pdf,TRUE
Phytopathology Research,2023,2524-4167,issn_online,control,Biocontrol and molecular characterization of Bacillus velezensis D against tobacco bacterial wilt,https://doi.org/10.1186/s42483-023-00204-x,30,Phytopathology Research,https://openalex.org/W4387306569,https://phytopatholres.biomedcentral.com/counter/pdf/10.1186/s42483-023-00204-x,2023_Phytopathology_Research_Biocontrol_and_molecular_characterization_of_Bacillus_velezensis_D_aga.pdf,pdfs/2023_Phytopathology_Research_Biocontrol_and_molecular_characterization_of_Bacillus_velezensis_D_aga.pdf,TRUE
Phytopathology Research,2023,2524-4167,issn_online,control,Molecular mechanisms of Ustilaginoidea virens pathogenicity and their utilization in disease control,https://doi.org/10.1186/s42483-023-00171-3,30,Phytopathology Research,https://openalex.org/W4382340592,https://phytopatholres.biomedcentral.com/counter/pdf/10.1186/s42483-023-00171-3,2023_Phytopathology_Research_Molecular_mechanisms_of_Ustilaginoidea_virens_pathogenicity_and_their_.pdf,pdfs/2023_Phytopathology_Research_Molecular_mechanisms_of_Ustilaginoidea_virens_pathogenicity_and_their_.pdf,TRUE
Phytopathology Research,2022,2524-4167,issn_online,control,Advances in understanding the soil-borne viruses of wheat: from the laboratory bench to strategies for disease control in the field,https://doi.org/10.1186/s42483-022-00132-2,37,Phytopathology Research,https://openalex.org/W4285891535,https://link.springer.com/content/pdf/10.1186/s42483-022-00132-2.pdf,2022_Phytopathology_Research_Advances_in_understanding_the_soil_borne_viruses_of_wheat_from_the_lab.pdf,pdfs/2022_Phytopathology_Research_Advances_in_understanding_the_soil_borne_viruses_of_wheat_from_the_lab.pdf,TRUE
Phytopathology Research,2022,2524-4167,issn_online,control,Targeted isolation of biocontrol agents from plants through phytopathogen co-culture and pathogen enrichment,https://doi.org/10.1186/s42483-022-00124-2,17,Phytopathology Research,https://openalex.org/W4281558736,https://phytopatholres.biomedcentral.com/counter/pdf/10.1186/s42483-022-00124-2,2022_Phytopathology_Research_Targeted_isolation_of_biocontrol_agents_from_plants_through_phytopatho.pdf,pdfs/2022_Phytopathology_Research_Targeted_isolation_of_biocontrol_agents_from_plants_through_phytopatho.pdf,TRUE
Phytopathology Research,2022,2524-4167,issn_online,control,The histone deacetylase HOS2 controls pathogenicity through regulation of melanin biosynthesis and appressorium formation in Colletotrichum gloeosporioides,https://doi.org/10.1186/s42483-022-00126-0,26,Phytopathology Research,https://openalex.org/W4281754434,https://phytopatholres.biomedcentral.com/counter/pdf/10.1186/s42483-022-00126-0,2022_Phytopathology_Research_The_histone_deacetylase_HOS2_controls_pathogenicity_through_regulation.pdf,pdfs/2022_Phytopathology_Research_The_histone_deacetylase_HOS2_controls_pathogenicity_through_regulation.pdf,TRUE
Phytopathology Research,2021,2524-4167,issn_online,control,Comprehensive genomic analysis of Bacillus subtilis 9407 reveals its biocontrol potential against bacterial fruit blotch,https://doi.org/10.1186/s42483-021-00081-2,41,Phytopathology Research,https://openalex.org/W3164826793,https://link.springer.com/content/pdf/10.1186/s42483-021-00081-2.pdf,2021_Phytopathology_Research_Comprehensive_genomic_analysis_of_Bacillus_subtilis_9407_reveals_its_b.pdf,pdfs/2021_Phytopathology_Research_Comprehensive_genomic_analysis_of_Bacillus_subtilis_9407_reveals_its_b.pdf,TRUE
Phytopathology Research,2021,2524-4167,issn_online,control,"Evaluation of the control effect of SAR inducers against citrus Huanglongbing applied by foliar spray, soil drench or trunk injection",https://doi.org/10.1186/s42483-020-00079-2,27,Phytopathology Research,https://openalex.org/W3164614710,https://phytopatholres.biomedcentral.com/track/pdf/10.1186/s42483-020-00079-2,2021_Phytopathology_Research_Evaluation_of_the_control_effect_of_SAR_inducers_against_citrus_Huangl.pdf,pdfs/2021_Phytopathology_Research_Evaluation_of_the_control_effect_of_SAR_inducers_against_citrus_Huangl.pdf,TRUE
Phytopathology Research,2020,2524-4167,issn_online,control,A non-flagellated biocontrol bacterium employs a PilZ-PilB complex to provoke twitching motility associated with its predation behavior,https://doi.org/10.1186/s42483-020-00054-x,9,Phytopathology Research,https://openalex.org/W3032125451,https://phytopatholres.biomedcentral.com/track/pdf/10.1186/s42483-020-00054-x,2020_Phytopathology_Research_A_non_flagellated_biocontrol_bacterium_employs_a_PilZ_PilB_complex_to_.pdf,pdfs/2020_Phytopathology_Research_A_non_flagellated_biocontrol_bacterium_employs_a_PilZ_PilB_complex_to_.pdf,TRUE
Phytopathology Research,2020,2524-4167,issn_online,control,Improved efficacy of neonicotinoid in tablet formulation on the control of tomato chlorosis virus by controlling the vector Bemisia tabaci,https://doi.org/10.1186/s42483-019-0044-4,4,Phytopathology Research,https://openalex.org/W3029992348,https://phytopatholres.biomedcentral.com/track/pdf/10.1186/s42483-019-0044-4,2020_Phytopathology_Research_Improved_efficacy_of_neonicotinoid_in_tablet_formulation_on_the_contro.pdf,pdfs/2020_Phytopathology_Research_Improved_efficacy_of_neonicotinoid_in_tablet_formulation_on_the_contro.pdf,TRUE
Phytopathology Research,2020,2524-4167,issn_online,control,The effect of aggregation of pathogen and biocontrol microbe propagules on biocontrol potential: a simple modelling study,https://doi.org/10.1186/s42483-020-0047-1,5,Phytopathology Research,https://openalex.org/W3029024498,https://phytopatholres.biomedcentral.com/track/pdf/10.1186/s42483-020-0047-1,2020_Phytopathology_Research_The_effect_of_aggregation_of_pathogen_and_biocontrol_microbe_propagule.pdf,pdfs/2020_Phytopathology_Research_The_effect_of_aggregation_of_pathogen_and_biocontrol_microbe_propagule.pdf,TRUE
Plant Pathology,2025,1365-3059,issn_online,control,Biocontrol of Potato Black Scurf by <i>Trichoderma atroviride</i> <scp>SN</scp> ‐T.at016 Dependent on Antagonism and Mycoparasitism With <i>Rhizoctonia solani</i> <scp>AG</scp> ‐3,https://doi.org/10.1111/ppa.14079,4,Plant Pathology,https://openalex.org/W4408318352,https://onlinelibrary.wiley.com/doi/pdfdirect/10.1111/ppa.14079,2025_Plant_Pathology_Biocontrol_of_Potato_Black_Scurf_by_i_Trichoderma_atroviride_i_scp_SN_.pdf,pdfs/2025_Plant_Pathology_Biocontrol_of_Potato_Black_Scurf_by_i_Trichoderma_atroviride_i_scp_SN_.pdf,FALSE
Plant Pathology,2025,1365-3059,issn_online,control,Deciphering the Distribution Patterns of Pathogens Associated With Esca and Petri Diseases in Rootstock Mother Vines Potentiates the Development of Alternative Control Strategies in Grapevine Nurseries,https://doi.org/10.1111/ppa.70026,0,Plant Pathology,https://openalex.org/W4413323192,https://onlinelibrary.wiley.com/doi/pdfdirect/10.1111/ppa.70026,2025_Plant_Pathology_Deciphering_the_Distribution_Patterns_of_Pathogens_Associated_With_Esc.pdf,pdfs/2025_Plant_Pathology_Deciphering_the_Distribution_Patterns_of_Pathogens_Associated_With_Esc.pdf,FALSE
Plant Pathology,2025,1365-3059,issn_online,control,"Drought, Waterlogging and Co‐Infection Influence the Severity of <i>Coniella granati</i> and <i>Phytophthora palmivora</i> in Pomegranate and the Biocontrol Efficacy of <i>Bacillus amyloliquefaciens</i>",https://doi.org/10.1111/ppa.14058,3,Plant Pathology,https://openalex.org/W4409273865,https://onlinelibrary.wiley.com/doi/pdfdirect/10.1111/ppa.14058,2025_Plant_Pathology_Drought_Waterlogging_and_Co_Infection_Influence_the_Severity_of_i_Coni.pdf,pdfs/2025_Plant_Pathology_Drought_Waterlogging_and_Co_Infection_Influence_the_Severity_of_i_Coni.pdf,FALSE
Plant Pathology,2025,1365-3059,issn_online,control,Potential of a Microbial Co‐Culture Composed of <i>Bacillus vallismortis</i> <scp>TU</scp> ‐Orga21 and <i>Bacillus subtilis</i> <scp>TU</scp> ‐Orga1 to Improve the Efficacy of Controlling Damping‐Off Caused by <i>Pythium aphanidermatum</i> in Kale,https://doi.org/10.1111/ppa.14098,0,Plant Pathology,https://openalex.org/W4409725208,NA,2025_Plant_Pathology_Potential_of_a_Microbial_Co_Culture_Composed_of_i_Bacillus_vallismorti.pdf,pdfs/2025_Plant_Pathology_Potential_of_a_Microbial_Co_Culture_Composed_of_i_Bacillus_vallismorti.pdf,FALSE
Plant Pathology,2024,1365-3059,issn_online,control,Control of crown rot with potassium carbonate in banana cv. Enano Gigante,https://doi.org/10.1111/ppa.13861,1,Plant Pathology,https://openalex.org/W4390875577,NA,2024_Plant_Pathology_Control_of_crown_rot_with_potassium_carbonate_in_banana_cv_Enano_Gigan.pdf,pdfs/2024_Plant_Pathology_Control_of_crown_rot_with_potassium_carbonate_in_banana_cv_Enano_Gigan.pdf,FALSE
Plant Pathology,2024,1365-3059,issn_online,control,Development of inoculation methods for <i>Pythium violae</i> to evaluate resistance of carrot cultivars and efficacy of crop protection products for cavity spot control,https://doi.org/10.1111/ppa.13967,1,Plant Pathology,https://openalex.org/W4400345624,https://onlinelibrary.wiley.com/doi/pdfdirect/10.1111/ppa.13967,2024_Plant_Pathology_Development_of_inoculation_methods_for_i_Pythium_violae_i_to_evaluate_.pdf,pdfs/2024_Plant_Pathology_Development_of_inoculation_methods_for_i_Pythium_violae_i_to_evaluate_.pdf,FALSE
Plant Pathology,2024,1365-3059,issn_online,control,Multistress‐tolerant <i>Pseudomonas aeruginosa</i> SSVP3 uses multiple strategies to control <i>Meloidogyne incognita</i> in tomato,https://doi.org/10.1111/ppa.13974,7,Plant Pathology,https://openalex.org/W4400728193,NA,2024_Plant_Pathology_Multistress_tolerant_i_Pseudomonas_aeruginosa_i_SSVP3_uses_multiple_st.pdf,pdfs/2024_Plant_Pathology_Multistress_tolerant_i_Pseudomonas_aeruginosa_i_SSVP3_uses_multiple_st.pdf,FALSE
Plant Pathology,2024,1365-3059,issn_online,control,"Sustainable coffee leaf rust management: The role of soil covering, conditioners and controlled‐release fertilizers",https://doi.org/10.1111/ppa.14041,2,Plant Pathology,https://openalex.org/W4405280468,NA,2024_Plant_Pathology_Sustainable_coffee_leaf_rust_management_The_role_of_soil_covering_cond.pdf,pdfs/2024_Plant_Pathology_Sustainable_coffee_leaf_rust_management_The_role_of_soil_covering_cond.pdf,FALSE
Plant Pathology,2023,1365-3059,issn_online,control,"<i>Trichoderma gamsii</i> <scp>T6085</scp> , a biocontrol agent of Fusarium head blight, modulates biocontrol‐relevant defence genes expression in wheat",https://doi.org/10.1111/ppa.13773,24,Plant Pathology,https://openalex.org/W4381890916,https://onlinelibrary.wiley.com/doi/pdfdirect/10.1111/ppa.13773,2023_Plant_Pathology__i_Trichoderma_gamsii_i_scp_T6085_scp_a_biocontrol_agent_of_Fusarium_h.pdf,pdfs/2023_Plant_Pathology__i_Trichoderma_gamsii_i_scp_T6085_scp_a_biocontrol_agent_of_Fusarium_h.pdf,FALSE
Plant Pathology,2023,1365-3059,issn_online,control,Bacterial predation of a fungal wheat pathogen: Prelude to experimental evolution of enhanced biocontrol agents,https://doi.org/10.1111/ppa.13716,15,Plant Pathology,https://openalex.org/W4320485856,https://onlinelibrary.wiley.com/doi/pdfdirect/10.1111/ppa.13716,2023_Plant_Pathology_Bacterial_predation_of_a_fungal_wheat_pathogen_Prelude_to_experimental.pdf,pdfs/2023_Plant_Pathology_Bacterial_predation_of_a_fungal_wheat_pathogen_Prelude_to_experimental.pdf,FALSE
Plant Pathology,2023,1365-3059,issn_online,control,Intercropping and appropriate nitrogen application control faba bean Fusarium wilt by improving physiological and biochemical resistance and protein expression of faba bean,https://doi.org/10.1111/ppa.13842,2,Plant Pathology,https://openalex.org/W4389567055,NA,2023_Plant_Pathology_Intercropping_and_appropriate_nitrogen_application_control_faba_bean_F.pdf,pdfs/2023_Plant_Pathology_Intercropping_and_appropriate_nitrogen_application_control_faba_bean_F.pdf,FALSE
Plant Pathology,2022,1365-3059,issn_online,control,Biological control of plant diseases – What has been achieved and what is the direction?,https://doi.org/10.1111/ppa.13555,306,Plant Pathology,https://openalex.org/W4220914335,https://onlinelibrary.wiley.com/doi/pdfdirect/10.1111/ppa.13555,2022_Plant_Pathology_Biological_control_of_plant_diseases_What_has_been_achieved_and_what_i.pdf,pdfs/2022_Plant_Pathology_Biological_control_of_plant_diseases_What_has_been_achieved_and_what_i.pdf,FALSE
Plant Pathology,2022,1365-3059,issn_online,control,Calcium chelate is as effective as phosphite in controlling Phytophthora root rot in glasshouse trials,https://doi.org/10.1111/ppa.13642,11,Plant Pathology,https://openalex.org/W4295872963,NA,2022_Plant_Pathology_Calcium_chelate_is_as_effective_as_phosphite_in_controlling_Phytophtho.pdf,pdfs/2022_Plant_Pathology_Calcium_chelate_is_as_effective_as_phosphite_in_controlling_Phytophtho.pdf,FALSE
Plant Pathology,2022,1365-3059,issn_online,control,Silicon amendment improves wheat defence against <i>Fusarium graminearum</i> and complements the control by fungicide of Fusarium head blight,https://doi.org/10.1111/ppa.13648,13,Plant Pathology,https://openalex.org/W4296707661,NA,2022_Plant_Pathology_Silicon_amendment_improves_wheat_defence_against_i_Fusarium_graminearu.pdf,pdfs/2022_Plant_Pathology_Silicon_amendment_improves_wheat_defence_against_i_Fusarium_graminearu.pdf,FALSE
Plant Pathology,2022,1365-3059,issn_online,control,The contributions of potassium phosphite and hormonal pathways to the control of <i>Phytophthora infestans</i> in tomato cv. <scp>Micro‐Tom</scp>,https://doi.org/10.1111/ppa.13669,7,Plant Pathology,https://openalex.org/W4308263978,NA,2022_Plant_Pathology_The_contributions_of_potassium_phosphite_and_hormonal_pathways_to_the_.pdf,pdfs/2022_Plant_Pathology_The_contributions_of_potassium_phosphite_and_hormonal_pathways_to_the_.pdf,FALSE
Plant Pathology,2021,1365-3059,issn_online,control,Biocontrol of potato early blight and suppression of <i>Alternaria grandis</i> sporulation by <i>Clonostachys</i> spp.,https://doi.org/10.1111/ppa.13402,28,Plant Pathology,https://openalex.org/W3162167766,NA,2021_Plant_Pathology_Biocontrol_of_potato_early_blight_and_suppression_of_i_Alternaria_gran.pdf,pdfs/2021_Plant_Pathology_Biocontrol_of_potato_early_blight_and_suppression_of_i_Alternaria_gran.pdf,FALSE
Plant Pathology,2021,1365-3059,issn_online,control,Control of crop diseases through Integrated Crop Management to deliver climate‐smart farming systems for low‐ and high‐input crop production,https://doi.org/10.1111/ppa.13493,145,Plant Pathology,https://openalex.org/W3207478907,https://onlinelibrary.wiley.com/doi/pdfdirect/10.1111/ppa.13493,2021_Plant_Pathology_Control_of_crop_diseases_through_Integrated_Crop_Management_to_deliver.pdf,pdfs/2021_Plant_Pathology_Control_of_crop_diseases_through_Integrated_Crop_Management_to_deliver.pdf,FALSE
Plant Pathology,2021,1365-3059,issn_online,control,Ecology of pitaya stem rot caused by <i>Gilbertella persicaria</i> and its biological control by phyllosphere bacteria,https://doi.org/10.1111/ppa.13475,4,Plant Pathology,https://openalex.org/W3201179786,NA,2021_Plant_Pathology_Ecology_of_pitaya_stem_rot_caused_by_i_Gilbertella_persicaria_i_and_it.pdf,pdfs/2021_Plant_Pathology_Ecology_of_pitaya_stem_rot_caused_by_i_Gilbertella_persicaria_i_and_it.pdf,FALSE
Plant Pathology,2021,1365-3059,issn_online,control,Transgenic approaches for plant disease control: Status and prospects 2021,https://doi.org/10.1111/ppa.13443,58,Plant Pathology,https://openalex.org/W3188969670,https://onlinelibrary.wiley.com/doi/pdfdirect/10.1111/ppa.13443,2021_Plant_Pathology_Transgenic_approaches_for_plant_disease_control_Status_and_prospects_2.pdf,pdfs/2021_Plant_Pathology_Transgenic_approaches_for_plant_disease_control_Status_and_prospects_2.pdf,FALSE
Plant Pathology,2020,1365-3059,issn_online,control,Control of potato powdery scab caused by <i>Spongospora subterranea</i> by foliage cover and soil application of chemicals under field conditions with naturally infested soil,https://doi.org/10.1111/ppa.13193,13,Plant Pathology,https://openalex.org/W3016990257,NA,2020_Plant_Pathology_Control_of_potato_powdery_scab_caused_by_i_Spongospora_subterranea_i_b.pdf,pdfs/2020_Plant_Pathology_Control_of_potato_powdery_scab_caused_by_i_Spongospora_subterranea_i_b.pdf,FALSE
Plant Pathology,2020,1365-3059,issn_online,control,Highly infested soils undermine the use of resistant olive rootstocks as a control method of verticillium wilt,https://doi.org/10.1111/ppa.13264,15,Plant Pathology,https://openalex.org/W3082703972,NA,2020_Plant_Pathology_Highly_infested_soils_undermine_the_use_of_resistant_olive_rootstocks_.pdf,pdfs/2020_Plant_Pathology_Highly_infested_soils_undermine_the_use_of_resistant_olive_rootstocks_.pdf,FALSE
Plant Pathology,2020,1365-3059,issn_online,control,Improved control of septoria tritici blotch in durum wheat using cultivar mixtures,https://doi.org/10.1111/ppa.13247,37,Plant Pathology,https://openalex.org/W3046889224,https://centaur.reading.ac.uk/91550/1/664078v2.full_bioRxiv.pdf,2020_Plant_Pathology_Improved_control_of_septoria_tritici_blotch_in_durum_wheat_using_culti.pdf,pdfs/2020_Plant_Pathology_Improved_control_of_septoria_tritici_blotch_in_durum_wheat_using_culti.pdf,TRUE
Plant Pathology,2020,1365-3059,issn_online,control,Monitoring potato seed lots to control blackleg in fields in Switzerland and southern Germany,https://doi.org/10.1111/ppa.13226,12,Plant Pathology,https://openalex.org/W3032920368,NA,2020_Plant_Pathology_Monitoring_potato_seed_lots_to_control_blackleg_in_fields_in_Switzerla.pdf,pdfs/2020_Plant_Pathology_Monitoring_potato_seed_lots_to_control_blackleg_in_fields_in_Switzerla.pdf,FALSE
Plant Pathology,2019,1365-3059,issn_online,control,"<i>Phytophthora agathidicida</i> : research progress, cultural perspectives and knowledge gaps in the control and management of kauri dieback in New Zealand",https://doi.org/10.1111/ppa.13104,107,Plant Pathology,https://openalex.org/W2980002886,https://bsppjournals.onlinelibrary.wiley.com/doi/pdfdirect/10.1111/ppa.13104,2019_Plant_Pathology__i_Phytophthora_agathidicida_i_research_progress_cultural_perspectives.pdf,pdfs/2019_Plant_Pathology__i_Phytophthora_agathidicida_i_research_progress_cultural_perspectives.pdf,FALSE
Plant Pathology,2019,1365-3059,issn_online,control,Control of lettuce big‐vein disease by application of fungicides and crop covers,https://doi.org/10.1111/ppa.12990,9,Plant Pathology,https://openalex.org/W2912056882,https://onlinelibrary.wiley.com/doi/pdfdirect/10.1111/ppa.12990,2019_Plant_Pathology_Control_of_lettuce_big_vein_disease_by_application_of_fungicides_and_c.pdf,pdfs/2019_Plant_Pathology_Control_of_lettuce_big_vein_disease_by_application_of_fungicides_and_c.pdf,FALSE
Plant Pathology,2019,1365-3059,issn_online,control,Environmentally friendly methods for controlling pine pitch canker,https://doi.org/10.1111/ppa.13009,56,Plant Pathology,https://openalex.org/W2915453696,https://hdl.handle.net/2164/13924,2019_Plant_Pathology_Environmentally_friendly_methods_for_controlling_pine_pitch_canker.pdf,pdfs/2019_Plant_Pathology_Environmentally_friendly_methods_for_controlling_pine_pitch_canker.pdf,FALSE
Plant Pathology,2019,1365-3059,issn_online,control,Hormetic UV‐C seed treatments for the control of tomato diseases,https://doi.org/10.1111/ppa.12987,23,Plant Pathology,https://openalex.org/W2909525960,NA,2019_Plant_Pathology_Hormetic_UV_C_seed_treatments_for_the_control_of_tomato_diseases.pdf,pdfs/2019_Plant_Pathology_Hormetic_UV_C_seed_treatments_for_the_control_of_tomato_diseases.pdf,FALSE
Plant Pathology,2018,1365-3059,issn_online,control,Biological control of potato soft rot caused by <i>Dickeya solani</i> and the survival of bacterial antagonists under cold storage conditions,https://doi.org/10.1111/ppa.12956,43,Plant Pathology,https://openalex.org/W2896229970,NA,2018_Plant_Pathology_Biological_control_of_potato_soft_rot_caused_by_i_Dickeya_solani_i_and.pdf,pdfs/2018_Plant_Pathology_Biological_control_of_potato_soft_rot_caused_by_i_Dickeya_solani_i_and.pdf,FALSE
Plant Pathology,2018,1365-3059,issn_online,control,Control of <i>Phytophthora</i> species in plant stock for habitat restoration through best management practices,https://doi.org/10.1111/ppa.12933,42,Plant Pathology,https://openalex.org/W2888353285,https://onlinelibrary.wiley.com/doi/pdfdirect/10.1111/ppa.12933,2018_Plant_Pathology_Control_of_i_Phytophthora_i_species_in_plant_stock_for_habitat_restora.pdf,pdfs/2018_Plant_Pathology_Control_of_i_Phytophthora_i_species_in_plant_stock_for_habitat_restora.pdf,FALSE
Plant Pathology,2018,1365-3059,issn_online,control,"Evaluation of the potential biocontrol activity of <i>Dicyma pulvinata</i> against <i>Cladosporium fulvum</i> , the causal agent of tomato leaf mould",https://doi.org/10.1111/ppa.12916,14,Plant Pathology,https://openalex.org/W2863967184,https://onlinelibrary.wiley.com/doi/pdfdirect/10.1111/ppa.12916,2018_Plant_Pathology_Evaluation_of_the_potential_biocontrol_activity_of_i_Dicyma_pulvinata_.pdf,pdfs/2018_Plant_Pathology_Evaluation_of_the_potential_biocontrol_activity_of_i_Dicyma_pulvinata_.pdf,FALSE
Plant Pathology,2018,1365-3059,issn_online,control,"Field response of near‐isogenic brown midrib sorghum lines to fusarium stalk rot, and response of wildtype lines to controlled water deficit",https://doi.org/10.1111/ppa.12863,9,Plant Pathology,https://openalex.org/W2793227816,https://onlinelibrary.wiley.com/doi/pdfdirect/10.1111/ppa.12863,2018_Plant_Pathology_Field_response_of_near_isogenic_brown_midrib_sorghum_lines_to_fusarium.pdf,pdfs/2018_Plant_Pathology_Field_response_of_near_isogenic_brown_midrib_sorghum_lines_to_fusarium.pdf,FALSE
Plant Pathology,2017,1365-3059,issn_online,control,"Biological control of <i>Pythium</i> , <i>Rhizoctonia</i> and <i>Sclerotinia</i> in lettuce: association of the plant protective activity of the bacterium <i>Paenibacillus alvei</i> K165 with the induction of systemic resistance",https://doi.org/10.1111/ppa.12747,27,Plant Pathology,https://openalex.org/W2694152765,https://onlinelibrary.wiley.com/doi/pdfdirect/10.1111/ppa.12747,2017_Plant_Pathology_Biological_control_of_i_Pythium_i_i_Rhizoctonia_i_and_i_Sclerotinia_i_.pdf,pdfs/2017_Plant_Pathology_Biological_control_of_i_Pythium_i_i_Rhizoctonia_i_and_i_Sclerotinia_i_.pdf,FALSE
Plant Pathology,2017,1365-3059,issn_online,control,Evaluation of organic amendments from agro‐industry waste for the control of verticillium wilt of olive,https://doi.org/10.1111/ppa.12798,32,Plant Pathology,https://openalex.org/W2765287638,https://onlinelibrary.wiley.com/doi/pdfdirect/10.1111/ppa.12798,2017_Plant_Pathology_Evaluation_of_organic_amendments_from_agro_industry_waste_for_the_cont.pdf,pdfs/2017_Plant_Pathology_Evaluation_of_organic_amendments_from_agro_industry_waste_for_the_cont.pdf,FALSE
Plant Pathology,2017,1365-3059,issn_online,control,Integrated control of fusarium head blight and deoxynivalenol mycotoxin in wheat,https://doi.org/10.1111/ppa.12785,165,Plant Pathology,https://openalex.org/W2752210844,https://onlinelibrary.wiley.com/doi/pdfdirect/10.1111/ppa.12785,2017_Plant_Pathology_Integrated_control_of_fusarium_head_blight_and_deoxynivalenol_mycotoxi.pdf,pdfs/2017_Plant_Pathology_Integrated_control_of_fusarium_head_blight_and_deoxynivalenol_mycotoxi.pdf,FALSE
Plant Pathology,2017,1365-3059,issn_online,control,"Rhizogenic agrobacteria in hydroponic crops: epidemics, diagnostics and control",https://doi.org/10.1111/ppa.12687,34,Plant Pathology,https://openalex.org/W2586404140,NA,2017_Plant_Pathology_Rhizogenic_agrobacteria_in_hydroponic_crops_epidemics_diagnostics_and_.pdf,pdfs/2017_Plant_Pathology_Rhizogenic_agrobacteria_in_hydroponic_crops_epidemics_diagnostics_and_.pdf,FALSE
Plant Pathology,2016,1365-3059,issn_online,control,Control of rubus stunt and stolbur diseases in Madagascar periwinkle with mycorrhizae and a synthetic antibacterial peptide,https://doi.org/10.1111/ppa.12612,7,Plant Pathology,https://openalex.org/W2507747574,https://onlinelibrary.wiley.com/doi/pdfdirect/10.1111/ppa.12612,2016_Plant_Pathology_Control_of_rubus_stunt_and_stolbur_diseases_in_Madagascar_periwinkle_w.pdf,pdfs/2016_Plant_Pathology_Control_of_rubus_stunt_and_stolbur_diseases_in_Madagascar_periwinkle_w.pdf,FALSE
Plant Pathology,2016,1365-3059,issn_online,control,The control of sclerotinia stem rot on oilseed rape ( <i>Brassica napus</i> ): current practices and future opportunities,https://doi.org/10.1111/ppa.12517,201,Plant Pathology,https://openalex.org/W2271325147,NA,2016_Plant_Pathology_The_control_of_sclerotinia_stem_rot_on_oilseed_rape_i_Brassica_napus_i.pdf,pdfs/2016_Plant_Pathology_The_control_of_sclerotinia_stem_rot_on_oilseed_rape_i_Brassica_napus_i.pdf,FALSE
The Plant Pathology Journal,2025,2093-9280,issn_online,control,Biocontrol Potential and Growth-Promoting Effects of Freshwater Trichoderma Strains against Plant Pathogenic Fungi in Red Pepper,https://doi.org/10.5423/ppj.oa.02.2025.0019,1,The Plant Pathology Journal,https://openalex.org/W4410906172,http://www.ppjonline.org/upload/pdf/PPJ-OA-02-2025-0019.pdf,2025_The_Plant_Pathology_Journal_Biocontrol_Potential_and_Growth_Promoting_Effects_of_Freshwater_Tricho.pdf,pdfs/2025_The_Plant_Pathology_Journal_Biocontrol_Potential_and_Growth_Promoting_Effects_of_Freshwater_Tricho.pdf,TRUE
The Plant Pathology Journal,2025,2093-9280,issn_online,control,"Biological Control of Root-Knot Nematodes, Meloidogyne javanica by Antagonistic Fungus Cladosporium sphaerospermum",https://doi.org/10.5423/ppj.oa.05.2025.0072,1,The Plant Pathology Journal,https://openalex.org/W4414780404,http://www.ppjonline.org/upload/pdf/PPJ-OA-05-2025-0072.pdf,2025_The_Plant_Pathology_Journal_Biological_Control_of_Root_Knot_Nematodes_Meloidogyne_javanica_by_Anta.pdf,pdfs/2025_The_Plant_Pathology_Journal_Biological_Control_of_Root_Knot_Nematodes_Meloidogyne_javanica_by_Anta.pdf,TRUE
The Plant Pathology Journal,2025,2093-9280,issn_online,control,Identification of Fusarium oxysporum f. sp. melonis Race 2 in Central Taiwan and Its Potential Biocontrol Agent,https://doi.org/10.5423/ppj.oa.01.2025.0012,2,The Plant Pathology Journal,https://openalex.org/W4410906192,http://www.ppjonline.org/upload/pdf/PPJ-OA-01-2025-0012.pdf,2025_The_Plant_Pathology_Journal_Identification_of_Fusarium_oxysporum_f_sp_melonis_Race_2_in_Central_Ta.pdf,pdfs/2025_The_Plant_Pathology_Journal_Identification_of_Fusarium_oxysporum_f_sp_melonis_Race_2_in_Central_Ta.pdf,TRUE
The Plant Pathology Journal,2025,2093-9280,issn_online,control,Isolation and Characterization of Plant Growth-Promoting Rhizobacteria from Mud Flats in South Korea: Potential for Lettuce Growth Promotion and Control of Sclerotinia Rot,https://doi.org/10.5423/ppj.oa.03.2025.0035,0,The Plant Pathology Journal,https://openalex.org/W4412753018,http://www.ppjonline.org/upload/pdf/PPJ-OA-03-2025-0035.pdf,2025_The_Plant_Pathology_Journal_Isolation_and_Characterization_of_Plant_Growth_Promoting_Rhizobacteria.pdf,pdfs/2025_The_Plant_Pathology_Journal_Isolation_and_Characterization_of_Plant_Growth_Promoting_Rhizobacteria.pdf,TRUE
The Plant Pathology Journal,2024,2093-9280,issn_online,control,Assessing Cold Plasma’s Impact on Banana Growth and Fusarium Wilt Control,https://doi.org/10.5423/ppj.oa.05.2024.0083,1,The Plant Pathology Journal,https://openalex.org/W4402997135,http://www.ppjonline.org/upload/pdf/PPJ-OA-05-2024-0083.pdf,2024_The_Plant_Pathology_Journal_Assessing_Cold_Plasma_s_Impact_on_Banana_Growth_and_Fusarium_Wilt_Cont.pdf,pdfs/2024_The_Plant_Pathology_Journal_Assessing_Cold_Plasma_s_Impact_on_Banana_Growth_and_Fusarium_Wilt_Cont.pdf,TRUE
The Plant Pathology Journal,2024,2093-9280,issn_online,control,Bacteriophage Cocktail Comprising Fifi044 and Fifi318 for Biocontrol of Erwinia amylovora,https://doi.org/10.5423/ppj.oa.01.2024.0005,12,The Plant Pathology Journal,https://openalex.org/W4393376011,http://www.ppjonline.org/upload/pdf/PPJ-OA-01-2024-0005.pdf,2024_The_Plant_Pathology_Journal_Bacteriophage_Cocktail_Comprising_Fifi044_and_Fifi318_for_Biocontrol_o.pdf,pdfs/2024_The_Plant_Pathology_Journal_Bacteriophage_Cocktail_Comprising_Fifi044_and_Fifi318_for_Biocontrol_o.pdf,TRUE
The Plant Pathology Journal,2024,2093-9280,issn_online,control,Characterization and Biocontrol Efficacy of Bacillus velezensis GYUN-1190 against Apple Bitter Rot,https://doi.org/10.5423/ppj.oa.05.2024.0076,3,The Plant Pathology Journal,https://openalex.org/W4404869255,NA,2024_The_Plant_Pathology_Journal_Characterization_and_Biocontrol_Efficacy_of_Bacillus_velezensis_GYUN_1.pdf,pdfs/2024_The_Plant_Pathology_Journal_Characterization_and_Biocontrol_Efficacy_of_Bacillus_velezensis_GYUN_1.pdf,FALSE
The Plant Pathology Journal,2024,2093-9280,issn_online,control,Characterization of Tomato Seed Endophytic Bacteria as Growth Promoters and Potential Biocontrol Agents,https://doi.org/10.5423/ppj.oa.09.2024.0142,6,The Plant Pathology Journal,https://openalex.org/W4404869957,http://www.ppjonline.org/upload/pdf/PPJ-OA-09-2024-0142.pdf,2024_The_Plant_Pathology_Journal_Characterization_of_Tomato_Seed_Endophytic_Bacteria_as_Growth_Promoter.pdf,pdfs/2024_The_Plant_Pathology_Journal_Characterization_of_Tomato_Seed_Endophytic_Bacteria_as_Growth_Promoter.pdf,TRUE
The Plant Pathology Journal,2023,2093-9280,issn_online,control,"Biological Control of Fusarium oxysporum, the Causal Agent of Fusarium Basal Rot in Onion by Bacillus spp.",https://doi.org/10.5423/ppj.oa.08.2023.0118,13,The Plant Pathology Journal,https://openalex.org/W4389241257,http://www.ppjonline.org/upload/pdf/PPJ-OA-08-2023-0118.pdf,2023_The_Plant_Pathology_Journal_Biological_Control_of_Fusarium_oxysporum_the_Causal_Agent_of_Fusarium_.pdf,pdfs/2023_The_Plant_Pathology_Journal_Biological_Control_of_Fusarium_oxysporum_the_Causal_Agent_of_Fusarium_.pdf,TRUE
The Plant Pathology Journal,2023,2093-9280,issn_online,control,Evaluation and Genome Mining of Bacillus stercoris Isolate B.PNR1 as Potential Agent for Fusarium Wilt Control and Growth Promotion of Tomato,https://doi.org/10.5423/ppj.oa.01.2023.0018,16,The Plant Pathology Journal,https://openalex.org/W4387073133,http://www.ppjonline.org/upload/pdf/PPJ-OA-01-2023-0018.pdf,2023_The_Plant_Pathology_Journal_Evaluation_and_Genome_Mining_of_Bacillus_stercoris_Isolate_B_PNR1_as_P.pdf,pdfs/2023_The_Plant_Pathology_Journal_Evaluation_and_Genome_Mining_of_Bacillus_stercoris_Isolate_B_PNR1_as_P.pdf,TRUE
The Plant Pathology Journal,2023,2093-9280,issn_online,control,Evaluation of Soil Streptomyces spp. for the Biological Control of Fusarium Wilt Disease and Growth Promotion in Tomato and Banana,https://doi.org/10.5423/ppj.oa.08.2022.0124,42,The Plant Pathology Journal,https://openalex.org/W4318825038,http://www.ppjonline.org/upload/pdf/PPJ-OA-08-2022-0124.pdf,2023_The_Plant_Pathology_Journal_Evaluation_of_Soil_Streptomyces_spp_for_the_Biological_Control_of_Fusa.pdf,pdfs/2023_The_Plant_Pathology_Journal_Evaluation_of_Soil_Streptomyces_spp_for_the_Biological_Control_of_Fusa.pdf,TRUE
The Plant Pathology Journal,2023,2093-9280,issn_online,control,Improvement of Fire Blight Blossom Infection Control Using Maryblyt in Korean Apple Orchards,https://doi.org/10.5423/ppj.oa.08.2023.0110,5,The Plant Pathology Journal,https://openalex.org/W4387073097,http://www.ppjonline.org/upload/pdf/PPJ-OA-08-2023-0110.pdf,2023_The_Plant_Pathology_Journal_Improvement_of_Fire_Blight_Blossom_Infection_Control_Using_Maryblyt_in.pdf,pdfs/2023_The_Plant_Pathology_Journal_Improvement_of_Fire_Blight_Blossom_Infection_Control_Using_Maryblyt_in.pdf,TRUE
The Plant Pathology Journal,2022,2093-9280,issn_online,control,Application of Bacterial Endophytes to Control Bacterial Leaf Blight Disease and Promote Rice Growth,https://doi.org/10.5423/ppj.oa.01.2022.0014,12,The Plant Pathology Journal,https://openalex.org/W4297969066,http://www.ppjonline.org/upload/pdf/PPJ-OA-01-2022-0014.pdf,2022_The_Plant_Pathology_Journal_Application_of_Bacterial_Endophytes_to_Control_Bacterial_Leaf_Blight_D.pdf,pdfs/2022_The_Plant_Pathology_Journal_Application_of_Bacterial_Endophytes_to_Control_Bacterial_Leaf_Blight_D.pdf,TRUE
The Plant Pathology Journal,2022,2093-9280,issn_online,control,"Biocontrol Activity of Aspergillus terreus ANU-301 against Two Distinct Plant Diseases, Tomato Fusarium Wilt and Potato Soft Rot",https://doi.org/10.5423/ppj.oa.12.2021.0187,27,The Plant Pathology Journal,https://openalex.org/W4210567554,http://www.ppjonline.org/upload/pdf/PPJ-OA-12-2021-0187.pdf,2022_The_Plant_Pathology_Journal_Biocontrol_Activity_of_Aspergillus_terreus_ANU_301_against_Two_Distinc.pdf,pdfs/2022_The_Plant_Pathology_Journal_Biocontrol_Activity_of_Aspergillus_terreus_ANU_301_against_Two_Distinc.pdf,TRUE
The Plant Pathology Journal,2022,2093-9280,issn_online,control,"Enhancement of Disease Control Efficacy of Chemical Fungicides Combined with Plant Resistance Inducer 2,3-Butanediol against Turfgrass Fungal Diseases",https://doi.org/10.5423/ppj.oa.02.2022.0022,19,The Plant Pathology Journal,https://openalex.org/W4281706591,http://www.ppjonline.org/upload/pdf/PPJ-OA-02-2022-0022.pdf,2022_The_Plant_Pathology_Journal_Enhancement_of_Disease_Control_Efficacy_of_Chemical_Fungicides_Combine.pdf,pdfs/2022_The_Plant_Pathology_Journal_Enhancement_of_Disease_Control_Efficacy_of_Chemical_Fungicides_Combine.pdf,TRUE
The Plant Pathology Journal,2022,2093-9280,issn_online,control,The Control Efficacy of Sodium Hypochlorite against Violet Root Rot Caused by Helicobasidium mompa in Apple,https://doi.org/10.5423/ppj.oa.04.2022.0057,5,The Plant Pathology Journal,https://openalex.org/W4297969081,http://www.ppjonline.org/upload/pdf/PPJ-OA-04-2022-0057.pdf,2022_The_Plant_Pathology_Journal_The_Control_Efficacy_of_Sodium_Hypochlorite_against_Violet_Root_Rot_Ca.pdf,pdfs/2022_The_Plant_Pathology_Journal_The_Control_Efficacy_of_Sodium_Hypochlorite_against_Violet_Root_Rot_Ca.pdf,TRUE
The Plant Pathology Journal,2021,2093-9280,issn_online,control,Bio-control of Stem Rot in Jerusalem Artichoke (Helianthus tuberosus L.) in Field Conditions,https://doi.org/10.5423/ppj.oa.04.2021.0067,3,The Plant Pathology Journal,https://openalex.org/W3202411367,http://www.ppjonline.org/upload/pdf/PPJ-OA-04-2021-0067.pdf,2021_The_Plant_Pathology_Journal_Bio_control_of_Stem_Rot_in_Jerusalem_Artichoke_Helianthus_tuberosus_L_.pdf,pdfs/2021_The_Plant_Pathology_Journal_Bio_control_of_Stem_Rot_in_Jerusalem_Artichoke_Helianthus_tuberosus_L_.pdf,TRUE
The Plant Pathology Journal,2021,2093-9280,issn_online,control,Control Efficacy of Bacillus velezensis AFB2-2 against Potato Late Blight Caused by Phytophthora infestans in Organic Potato Cultivation,https://doi.org/10.5423/ppj.ft.09.2021.0138,24,The Plant Pathology Journal,https://openalex.org/W4200389516,http://www.ppjonline.org/upload/pdf/PPJ-FT-09-2021-0138.pdf,2021_The_Plant_Pathology_Journal_Control_Efficacy_of_Bacillus_velezensis_AFB2_2_against_Potato_Late_Bli.pdf,pdfs/2021_The_Plant_Pathology_Journal_Control_Efficacy_of_Bacillus_velezensis_AFB2_2_against_Potato_Late_Bli.pdf,TRUE
The Plant Pathology Journal,2021,2093-9280,issn_online,control,Field Sanitation and Foliar Application of Streptomyces padanus PMS-702 for the Control of Rice Sheath Blight,https://doi.org/10.5423/ppj.oa.12.2020.0227,6,The Plant Pathology Journal,https://openalex.org/W3128258207,http://www.ppjonline.org/upload/pdf/ppj-37-1-57.pdf,2021_The_Plant_Pathology_Journal_Field_Sanitation_and_Foliar_Application_of_Streptomyces_padanus_PMS_70.pdf,pdfs/2021_The_Plant_Pathology_Journal_Field_Sanitation_and_Foliar_Application_of_Streptomyces_padanus_PMS_70.pdf,TRUE
The Plant Pathology Journal,2021,2093-9280,issn_online,control,Preparation of Nanomaterial Wettable Powder Formulations of Antagonistic Bacteria from Phellodendron chinense and the Biological Control of Brown Leaf Spot Disease,https://doi.org/10.5423/ppj.oa.02.2021.0020,13,The Plant Pathology Journal,https://openalex.org/W3171990091,http://www.ppjonline.org/upload/pdf/PPJ-OA-02-2021-0020.pdf,2021_The_Plant_Pathology_Journal_Preparation_of_Nanomaterial_Wettable_Powder_Formulations_of_Antagonist.pdf,pdfs/2021_The_Plant_Pathology_Journal_Preparation_of_Nanomaterial_Wettable_Powder_Formulations_of_Antagonist.pdf,TRUE
The Plant Pathology Journal,2020,2093-9280,issn_online,control,A Synergistic Effect of Chitosan and Lactic Acid Bacteria on the Control of Cruciferous Vegetable Diseases,https://doi.org/10.5423/ppj.oa.01.2020.0004,24,The Plant Pathology Journal,https://openalex.org/W3014449884,https://www.ppjonline.org/upload/pdf/PPJ-36-157.pdf,2020_The_Plant_Pathology_Journal_A_Synergistic_Effect_of_Chitosan_and_Lactic_Acid_Bacteria_on_the_Contr.pdf,pdfs/2020_The_Plant_Pathology_Journal_A_Synergistic_Effect_of_Chitosan_and_Lactic_Acid_Bacteria_on_the_Contr.pdf,TRUE
The Plant Pathology Journal,2020,2093-9280,issn_online,control,Assessment of the Contribution of Antagonistic Secondary Metabolites to the Antifungal and Biocontrol Activities of Pseudomonas fluorescens NBC275,https://doi.org/10.5423/ppj.ft.08.2020.0149,28,The Plant Pathology Journal,https://openalex.org/W3094079241,http://www.ppjonline.org/upload/pdf/PPJ-36-491.pdf,2020_The_Plant_Pathology_Journal_Assessment_of_the_Contribution_of_Antagonistic_Secondary_Metabolites_t.pdf,pdfs/2020_The_Plant_Pathology_Journal_Assessment_of_the_Contribution_of_Antagonistic_Secondary_Metabolites_t.pdf,TRUE
The Plant Pathology Journal,2020,2093-9280,issn_online,control,Biological Control of Gom-chwi (Ligularia fischeri) Phytophthora Root Rot with Enterobacter asburiae ObRS-5 to Suppress Zoosporangia Formation and Zoospores Germination,https://doi.org/10.5423/ppj.oa.11.2019.0283,12,The Plant Pathology Journal,https://openalex.org/W3030339089,http://www.ppjonline.org/upload/pdf/PPJ-36-244.pdf,2020_The_Plant_Pathology_Journal_Biological_Control_of_Gom_chwi_Ligularia_fischeri_Phytophthora_Root_Ro.pdf,pdfs/2020_The_Plant_Pathology_Journal_Biological_Control_of_Gom_chwi_Ligularia_fischeri_Phytophthora_Root_Ro.pdf,TRUE
The Plant Pathology Journal,2020,2093-9280,issn_online,control,Screening and Application of Bacillus Strains Isolated from Nonrhizospheric Rice Soil for the Biocontrol of Rice Blast,https://doi.org/10.5423/ppj.oa.02.2020.0028,33,The Plant Pathology Journal,https://openalex.org/W3035759292,http://www.ppjonline.org/upload/pdf/PPJ-36-231.pdf,2020_The_Plant_Pathology_Journal_Screening_and_Application_of_Bacillus_Strains_Isolated_from_Nonrhizosp.pdf,pdfs/2020_The_Plant_Pathology_Journal_Screening_and_Application_of_Bacillus_Strains_Isolated_from_Nonrhizosp.pdf,TRUE
The Plant Pathology Journal,2019,2093-9280,issn_online,control,Biocontrol Potential of Fungal Endophytes against Fusarium oxysporum f. sp. cucumerinum Causing Wilt in Cucumber,https://doi.org/10.5423/ppj.oa.05.2019.0129,78,The Plant Pathology Journal,https://openalex.org/W2993994370,https://www.ppjonline.org/upload/pdf/ppj-35-598.pdf,2019_The_Plant_Pathology_Journal_Biocontrol_Potential_of_Fungal_Endophytes_against_Fusarium_oxysporum_f.pdf,pdfs/2019_The_Plant_Pathology_Journal_Biocontrol_Potential_of_Fungal_Endophytes_against_Fusarium_oxysporum_f.pdf,TRUE
The Plant Pathology Journal,2019,2093-9280,issn_online,control,Biocontrol of Citrus Canker Disease Caused by Xanthomonas citri subsp. citri Using an Endophytic Bacillus thuringiensis,https://doi.org/10.5423/ppj.oa.03.2019.0060,63,The Plant Pathology Journal,https://openalex.org/W2978000482,https://www.ppjonline.org/upload/pdf/ppj-35-486.pdf,2019_The_Plant_Pathology_Journal_Biocontrol_of_Citrus_Canker_Disease_Caused_by_Xanthomonas_citri_subsp_.pdf,pdfs/2019_The_Plant_Pathology_Journal_Biocontrol_of_Citrus_Canker_Disease_Caused_by_Xanthomonas_citri_subsp_.pdf,TRUE
The Plant Pathology Journal,2019,2093-9280,issn_online,control,Biological Control of Root-Knot Nematodes by Organic Acid-Producing Lactobacillus brevis WiKim0069 Isolated from Kimchi,https://doi.org/10.5423/ppj.oa.08.2019.0225,49,The Plant Pathology Journal,https://openalex.org/W2993069315,https://www.ppjonline.org/upload/pdf/ppj-35-662.pdf,2019_The_Plant_Pathology_Journal_Biological_Control_of_Root_Knot_Nematodes_by_Organic_Acid_Producing_La.pdf,pdfs/2019_The_Plant_Pathology_Journal_Biological_Control_of_Root_Knot_Nematodes_by_Organic_Acid_Producing_La.pdf,TRUE
The Plant Pathology Journal,2019,2093-9280,issn_online,control,Fungichromin Production by Streptomyces padanus PMS-702 for Controlling Cucumber Downy Mildew,https://doi.org/10.5423/ppj.oa.03.2019.0057,21,The Plant Pathology Journal,https://openalex.org/W2964967726,https://www.ppjonline.org/upload/pdf/ppj-35-341.pdf,2019_The_Plant_Pathology_Journal_Fungichromin_Production_by_Streptomyces_padanus_PMS_702_for_Controllin.pdf,pdfs/2019_The_Plant_Pathology_Journal_Fungichromin_Production_by_Streptomyces_padanus_PMS_702_for_Controllin.pdf,TRUE
The Plant Pathology Journal,2018,2093-9280,issn_online,control,Biocontrol Efficacy of Formulated Pseudomonas chlororaphis O6 against Plant Diseases and Root-Knot Nematodes,https://doi.org/10.5423/ppj.nt.12.2017.0264,25,The Plant Pathology Journal,https://openalex.org/W2944000616,https://www.ppjonline.org/upload/pdf/ppj-34-241.pdf,2018_The_Plant_Pathology_Journal_Biocontrol_Efficacy_of_Formulated_Pseudomonas_chlororaphis_O6_against_.pdf,pdfs/2018_The_Plant_Pathology_Journal_Biocontrol_Efficacy_of_Formulated_Pseudomonas_chlororaphis_O6_against_.pdf,TRUE
The Plant Pathology Journal,2018,2093-9280,issn_online,control,Effect of Producing Different Phenazines on Bacterial Fitness and Biological Control in Pseudomonas chlororaphis 30-84,https://doi.org/10.5423/ppj.ft.12.2017.0277,69,The Plant Pathology Journal,https://openalex.org/W2943019654,https://www.ppjonline.org/upload/pdf/ppj-34-044.pdf,2018_The_Plant_Pathology_Journal_Effect_of_Producing_Different_Phenazines_on_Bacterial_Fitness_and_Biol.pdf,pdfs/2018_The_Plant_Pathology_Journal_Effect_of_Producing_Different_Phenazines_on_Bacterial_Fitness_and_Biol.pdf,TRUE
The Plant Pathology Journal,2018,2093-9280,issn_online,control,Growth Promoting Rhizospheric and Endophytic Bacteria from Curcuma longa L. as Biocontrol Agents against Rhizome Rot and Leaf Blight Diseases,https://doi.org/10.5423/ppj.oa.11.2017.0225,90,The Plant Pathology Journal,https://openalex.org/W2892249553,https://www.ppjonline.org/upload/pdf/ppj-34-218.pdf,2018_The_Plant_Pathology_Journal_Growth_Promoting_Rhizospheric_and_Endophytic_Bacteria_from_Curcuma_lon.pdf,pdfs/2018_The_Plant_Pathology_Journal_Growth_Promoting_Rhizospheric_and_Endophytic_Bacteria_from_Curcuma_lon.pdf,TRUE
The Plant Pathology Journal,2018,2093-9280,issn_online,control,Isolation and Identification of Endophytic Bacteria with Plant Growth Promoting Activity and Biocontrol Potential from Wild Pistachio Trees,https://doi.org/10.5423/ppj.oa.07.2017.0158,148,The Plant Pathology Journal,https://openalex.org/W2805051472,https://www.ppjonline.org/upload/pdf/ppj-34-208.pdf,2018_The_Plant_Pathology_Journal_Isolation_and_Identification_of_Endophytic_Bacteria_with_Plant_Growth_.pdf,pdfs/2018_The_Plant_Pathology_Journal_Isolation_and_Identification_of_Endophytic_Bacteria_with_Plant_Growth_.pdf,TRUE
The Plant Pathology Journal,2017,2093-9280,issn_online,control,Biological Control of Bacterial Fruit Blotch of Watermelon Pathogen (Acidovorax citrulli) with Rhizosphere Associated Bacteria,https://doi.org/10.5423/ppj.oa.09.2016.0187,56,The Plant Pathology Journal,https://openalex.org/W2768320358,NA,2017_The_Plant_Pathology_Journal_Biological_Control_of_Bacterial_Fruit_Blotch_of_Watermelon_Pathogen_Ac.pdf,pdfs/2017_The_Plant_Pathology_Journal_Biological_Control_of_Bacterial_Fruit_Blotch_of_Watermelon_Pathogen_Ac.pdf,FALSE
The Plant Pathology Journal,2017,2093-9280,issn_online,control,Development of a Biofungicide Using a Mycoparasitic Fungus Simplicillium lamellicola BCP and Its Control Efficacy against Gray Mold Diseases of Tomato and Ginseng,https://doi.org/10.5423/ppj.ft.04.2017.0087,40,The Plant Pathology Journal,https://openalex.org/W2769890463,http://society.kisti.re.kr/sv/SV_svpsbs03V.do?method=download&cn1=JAKO201731242006598,2017_The_Plant_Pathology_Journal_Development_of_a_Biofungicide_Using_a_Mycoparasitic_Fungus_Simplicilli.pdf,pdfs/2017_The_Plant_Pathology_Journal_Development_of_a_Biofungicide_Using_a_Mycoparasitic_Fungus_Simplicilli.pdf,FALSE
The Plant Pathology Journal,2016,2093-9280,issn_online,control,Antifungal Effect of Plant Essential Oils on Controlling Phytophthora Species,https://doi.org/10.5423/ppj.oa.05.2015.0091,72,The Plant Pathology Journal,https://openalex.org/W2332114531,http://society.kisti.re.kr/sv/SV_svpsbs03V.do?method=download&cn1=JAKO201608361186352,2016_The_Plant_Pathology_Journal_Antifungal_Effect_of_Plant_Essential_Oils_on_Controlling_Phytophthora_.pdf,pdfs/2016_The_Plant_Pathology_Journal_Antifungal_Effect_of_Plant_Essential_Oils_on_Controlling_Phytophthora_.pdf,FALSE
The Plant Pathology Journal,2016,2093-9280,issn_online,control,Biological Control Potential of Bacillus amyloliquefaciens KB3 Isolated from the Feces of Allomyrina dichotoma Larvae,https://doi.org/10.5423/ppj.nt.12.2015.0274,39,The Plant Pathology Journal,https://openalex.org/W2440977269,NA,2016_The_Plant_Pathology_Journal_Biological_Control_Potential_of_Bacillus_amyloliquefaciens_KB3_Isolate.pdf,pdfs/2016_The_Plant_Pathology_Journal_Biological_Control_Potential_of_Bacillus_amyloliquefaciens_KB3_Isolate.pdf,FALSE
The Plant Pathology Journal,2016,2093-9280,issn_online,control,Differential Control Efficacies of Vitamin Treatments against Bacterial Wilt and Grey Mould Diseases in Tomato Plants,https://doi.org/10.5423/ppj.oa.03.2016.0076,18,The Plant Pathology Journal,https://openalex.org/W2533887264,NA,2016_The_Plant_Pathology_Journal_Differential_Control_Efficacies_of_Vitamin_Treatments_against_Bacteria.pdf,pdfs/2016_The_Plant_Pathology_Journal_Differential_Control_Efficacies_of_Vitamin_Treatments_against_Bacteria.pdf,FALSE
The Plant Pathology Journal,2016,2093-9280,issn_online,control,Genetic Variation and Biological Control of Fusarium graminearum Isolated from Wheat in Assiut-Egypt,https://doi.org/10.5423/ppj.oa.09.2015.0201,33,The Plant Pathology Journal,https://openalex.org/W2347111707,http://society.kisti.re.kr/sv/SV_svpsbs03V.do?method=download&cn1=JAKO201613360957929,2016_The_Plant_Pathology_Journal_Genetic_Variation_and_Biological_Control_of_Fusarium_graminearum_Isola.pdf,pdfs/2016_The_Plant_Pathology_Journal_Genetic_Variation_and_Biological_Control_of_Fusarium_graminearum_Isola.pdf,FALSE
Tropical Plant Pathology,2025,1983-2052,issn_online,control,Antifungal activity of essential oils in the control of Fusarium pallidoroseum and Alternaria alternata of melon,https://doi.org/10.1007/s40858-025-00753-w,1,Tropical Plant Pathology,https://openalex.org/W4412399094,NA,2025_Tropical_Plant_Pathology_Antifungal_activity_of_essential_oils_in_the_control_of_Fusarium_palli.pdf,pdfs/2025_Tropical_Plant_Pathology_Antifungal_activity_of_essential_oils_in_the_control_of_Fusarium_palli.pdf,FALSE
Tropical Plant Pathology,2025,1983-2052,issn_online,control,Biological nematicides applied as seed treatment to control Meloidogyne javanica in wheat,https://doi.org/10.1007/s40858-025-00770-9,1,Tropical Plant Pathology,https://openalex.org/W4415879389,NA,2025_Tropical_Plant_Pathology_Biological_nematicides_applied_as_seed_treatment_to_control_Meloidogyn.pdf,pdfs/2025_Tropical_Plant_Pathology_Biological_nematicides_applied_as_seed_treatment_to_control_Meloidogyn.pdf,FALSE
Tropical Plant Pathology,2025,1983-2052,issn_online,control,Tackling the plant parasitic nematode Meloidogyne enterolobii: Challenges and strategies for control in relevant crops,https://doi.org/10.1007/s40858-025-00734-z,4,Tropical Plant Pathology,https://openalex.org/W4410218590,http://www.alice.cnptia.embrapa.br/bitstream/doc/1175561/1/Tackling-the-plant-parasitic-nematode.pdf,2025_Tropical_Plant_Pathology_Tackling_the_plant_parasitic_nematode_Meloidogyne_enterolobii_Challeng.pdf,pdfs/2025_Tropical_Plant_Pathology_Tackling_the_plant_parasitic_nematode_Meloidogyne_enterolobii_Challeng.pdf,TRUE
Tropical Plant Pathology,2025,1983-2052,issn_online,control,Using mushroom substrate as a strategy for the control of Meloidogyne javanica on tomato roots,https://doi.org/10.1007/s40858-025-00702-7,2,Tropical Plant Pathology,https://openalex.org/W4406856292,NA,2025_Tropical_Plant_Pathology_Using_mushroom_substrate_as_a_strategy_for_the_control_of_Meloidogyne_.pdf,pdfs/2025_Tropical_Plant_Pathology_Using_mushroom_substrate_as_a_strategy_for_the_control_of_Meloidogyne_.pdf,FALSE
Tropical Plant Pathology,2024,1983-2052,issn_online,control,Evaluation of a forecasting system to facilitate decision-making for the chemical control of Asian soybean rust,https://doi.org/10.1007/s40858-024-00649-1,2,Tropical Plant Pathology,https://openalex.org/W4398143130,NA,2024_Tropical_Plant_Pathology_Evaluation_of_a_forecasting_system_to_facilitate_decision_making_for_t.pdf,pdfs/2024_Tropical_Plant_Pathology_Evaluation_of_a_forecasting_system_to_facilitate_decision_making_for_t.pdf,FALSE
Tropical Plant Pathology,2024,1983-2052,issn_online,control,Foliar-applied fungicide for white mold control may reduce common bean seed-borne Sclerotinia sclerotiorum,https://doi.org/10.1007/s40858-024-00664-2,2,Tropical Plant Pathology,https://openalex.org/W4400115532,NA,2024_Tropical_Plant_Pathology_Foliar_applied_fungicide_for_white_mold_control_may_reduce_common_bean.pdf,pdfs/2024_Tropical_Plant_Pathology_Foliar_applied_fungicide_for_white_mold_control_may_reduce_common_bean.pdf,FALSE
Tropical Plant Pathology,2024,1983-2052,issn_online,control,Identification of Alternaria species associated with purple blotch disease of onions in Southern Punjab of Pakistan and evaluation of plant-based fungicides for disease control,https://doi.org/10.1007/s40858-024-00654-4,2,Tropical Plant Pathology,https://openalex.org/W4400454863,NA,2024_Tropical_Plant_Pathology_Identification_of_Alternaria_species_associated_with_purple_blotch_dis.pdf,pdfs/2024_Tropical_Plant_Pathology_Identification_of_Alternaria_species_associated_with_purple_blotch_dis.pdf,FALSE
Tropical Plant Pathology,2024,1983-2052,issn_online,control,Potential use of herbicides for powdery mildew control in transgenic soybean,https://doi.org/10.1007/s40858-024-00672-2,1,Tropical Plant Pathology,https://openalex.org/W4403173105,NA,2024_Tropical_Plant_Pathology_Potential_use_of_herbicides_for_powdery_mildew_control_in_transgenic_s.pdf,pdfs/2024_Tropical_Plant_Pathology_Potential_use_of_herbicides_for_powdery_mildew_control_in_transgenic_s.pdf,FALSE
Tropical Plant Pathology,2023,1983-2052,issn_online,control,Control of sour rot in ‘Lima’ orange using hot water treatment and UV-C radiation,https://doi.org/10.1007/s40858-023-00595-4,3,Tropical Plant Pathology,https://openalex.org/W4384818287,NA,2023_Tropical_Plant_Pathology_Control_of_sour_rot_in_Lima_orange_using_hot_water_treatment_and_UV_C_.pdf,pdfs/2023_Tropical_Plant_Pathology_Control_of_sour_rot_in_Lima_orange_using_hot_water_treatment_and_UV_C_.pdf,FALSE
Tropical Plant Pathology,2023,1983-2052,issn_online,control,Fungicide sensitivity of Colletotrichum isolates and efficacy in controlling persimmon anthracnose,https://doi.org/10.1007/s40858-023-00594-5,5,Tropical Plant Pathology,https://openalex.org/W4384499421,NA,2023_Tropical_Plant_Pathology_Fungicide_sensitivity_of_Colletotrichum_isolates_and_efficacy_in_contr.pdf,pdfs/2023_Tropical_Plant_Pathology_Fungicide_sensitivity_of_Colletotrichum_isolates_and_efficacy_in_contr.pdf,FALSE
Tropical Plant Pathology,2023,1983-2052,issn_online,control,"In vitro screening of native rhizobacteria and selection of Bacillus atrophaeus for the biocontrol of pepper root rot in the Gansu Province, China",https://doi.org/10.1007/s40858-023-00582-9,6,Tropical Plant Pathology,https://openalex.org/W4376129408,NA,2023_Tropical_Plant_Pathology_In_vitro_screening_of_native_rhizobacteria_and_selection_of_Bacillus_a.pdf,pdfs/2023_Tropical_Plant_Pathology_In_vitro_screening_of_native_rhizobacteria_and_selection_of_Bacillus_a.pdf,FALSE
Tropical Plant Pathology,2023,1983-2052,issn_online,control,Sensitivity of Brazilian Botrytis cinerea isolates from strawberry to pyrimethanil and its control efficacy,https://doi.org/10.1007/s40858-023-00586-5,4,Tropical Plant Pathology,https://openalex.org/W4381330483,NA,2023_Tropical_Plant_Pathology_Sensitivity_of_Brazilian_Botrytis_cinerea_isolates_from_strawberry_to_.pdf,pdfs/2023_Tropical_Plant_Pathology_Sensitivity_of_Brazilian_Botrytis_cinerea_isolates_from_strawberry_to_.pdf,FALSE
Tropical Plant Pathology,2022,1983-2052,issn_online,control,Cross-kingdom microRNA transfer for the control of the anthracnose disease in cassava,https://doi.org/10.1007/s40858-022-00503-2,3,Tropical Plant Pathology,https://openalex.org/W4221061115,NA,2022_Tropical_Plant_Pathology_Cross_kingdom_microRNA_transfer_for_the_control_of_the_anthracnose_dis.pdf,pdfs/2022_Tropical_Plant_Pathology_Cross_kingdom_microRNA_transfer_for_the_control_of_the_anthracnose_dis.pdf,FALSE
Tropical Plant Pathology,2022,1983-2052,issn_online,control,Inactivated bacterial suspension to control tomato bacterial spot,https://doi.org/10.1007/s40858-022-00508-x,2,Tropical Plant Pathology,https://openalex.org/W4224297556,NA,2022_Tropical_Plant_Pathology_Inactivated_bacterial_suspension_to_control_tomato_bacterial_spot.pdf,pdfs/2022_Tropical_Plant_Pathology_Inactivated_bacterial_suspension_to_control_tomato_bacterial_spot.pdf,FALSE
Tropical Plant Pathology,2022,1983-2052,issn_online,control,"Prevalence, distribution and control of potato virus Y (PVY) strains in Kenyan potato cultivars",https://doi.org/10.1007/s40858-022-00520-1,9,Tropical Plant Pathology,https://openalex.org/W4289262421,https://link.springer.com/content/pdf/10.1007/s40858-022-00520-1.pdf,2022_Tropical_Plant_Pathology_Prevalence_distribution_and_control_of_potato_virus_Y_PVY_strains_in_K.pdf,pdfs/2022_Tropical_Plant_Pathology_Prevalence_distribution_and_control_of_potato_virus_Y_PVY_strains_in_K.pdf,TRUE
Tropical Plant Pathology,2021,1983-2052,issn_online,control,Doped zinc-oxide nanocrystals for the control of tomato bacterial spot and Xanthomonas gardneri in seeds,https://doi.org/10.1007/s40858-021-00436-2,17,Tropical Plant Pathology,https://openalex.org/W3165296316,NA,2021_Tropical_Plant_Pathology_Doped_zinc_oxide_nanocrystals_for_the_control_of_tomato_bacterial_spot.pdf,pdfs/2021_Tropical_Plant_Pathology_Doped_zinc_oxide_nanocrystals_for_the_control_of_tomato_bacterial_spot.pdf,FALSE
Tropical Plant Pathology,2021,1983-2052,issn_online,control,Effect of temperature on the growth of Geotrichum candidum and chemical control of sour rot on tomatoes,https://doi.org/10.1007/s40858-021-00453-1,13,Tropical Plant Pathology,https://openalex.org/W3194377679,NA,2021_Tropical_Plant_Pathology_Effect_of_temperature_on_the_growth_of_Geotrichum_candidum_and_chemica.pdf,pdfs/2021_Tropical_Plant_Pathology_Effect_of_temperature_on_the_growth_of_Geotrichum_candidum_and_chemica.pdf,FALSE
Tropical Plant Pathology,2021,1983-2052,issn_online,control,"Important chromosomal regions for genetic control of powdery mildew resistance under control, drought, and saline conditions in barley (Hordeum vulgare L.)",https://doi.org/10.1007/s40858-021-00462-0,3,Tropical Plant Pathology,https://openalex.org/W3197557444,NA,2021_Tropical_Plant_Pathology_Important_chromosomal_regions_for_genetic_control_of_powdery_mildew_re.pdf,pdfs/2021_Tropical_Plant_Pathology_Important_chromosomal_regions_for_genetic_control_of_powdery_mildew_re.pdf,FALSE
Tropical Plant Pathology,2021,1983-2052,issn_online,control,Photodynamic inactivation to control Xanthomonas gardneri in tomato seeds,https://doi.org/10.1007/s40858-021-00435-3,6,Tropical Plant Pathology,https://openalex.org/W3164439641,NA,2021_Tropical_Plant_Pathology_Photodynamic_inactivation_to_control_Xanthomonas_gardneri_in_tomato_se.pdf,pdfs/2021_Tropical_Plant_Pathology_Photodynamic_inactivation_to_control_Xanthomonas_gardneri_in_tomato_se.pdf,FALSE
Tropical Plant Pathology,2020,1983-2052,issn_online,control,Antagonist capacity of bacteria isolated from cape gooseberry cultures (Physalis peruviana L.) for biological control of Fusarium oxysporum,https://doi.org/10.1007/s40858-019-00313-z,16,Tropical Plant Pathology,https://openalex.org/W3003718756,NA,2020_Tropical_Plant_Pathology_Antagonist_capacity_of_bacteria_isolated_from_cape_gooseberry_cultures.pdf,pdfs/2020_Tropical_Plant_Pathology_Antagonist_capacity_of_bacteria_isolated_from_cape_gooseberry_cultures.pdf,FALSE
Tropical Plant Pathology,2020,1983-2052,issn_online,control,Candidatus Liberibacter asiaticus: virulence traits and control strategies,https://doi.org/10.1007/s40858-020-00341-0,34,Tropical Plant Pathology,https://openalex.org/W3037750334,NA,2020_Tropical_Plant_Pathology_Candidatus_Liberibacter_asiaticus_virulence_traits_and_control_strateg.pdf,pdfs/2020_Tropical_Plant_Pathology_Candidatus_Liberibacter_asiaticus_virulence_traits_and_control_strateg.pdf,FALSE
Tropical Plant Pathology,2020,1983-2052,issn_online,control,Development of genetically modified citrus plants for the control of citrus canker and huanglongbing,https://doi.org/10.1007/s40858-020-00362-9,23,Tropical Plant Pathology,https://openalex.org/W3030833136,NA,2020_Tropical_Plant_Pathology_Development_of_genetically_modified_citrus_plants_for_the_control_of_c.pdf,pdfs/2020_Tropical_Plant_Pathology_Development_of_genetically_modified_citrus_plants_for_the_control_of_c.pdf,FALSE
Tropical Plant Pathology,2020,1983-2052,issn_online,control,"Prevalence, distribution and control of six major potato viruses in Kenya",https://doi.org/10.1007/s40858-020-00409-x,18,Tropical Plant Pathology,https://openalex.org/W3113075483,https://link.springer.com/content/pdf/10.1007/s40858-020-00409-x.pdf,2020_Tropical_Plant_Pathology_Prevalence_distribution_and_control_of_six_major_potato_viruses_in_Ken.pdf,pdfs/2020_Tropical_Plant_Pathology_Prevalence_distribution_and_control_of_six_major_potato_viruses_in_Ken.pdf,TRUE
Tropical Plant Pathology,2019,1983-2052,issn_online,control,Biological control of Rhizoctonia solani in cowpea plants using yeast,https://doi.org/10.1007/s40858-019-00275-2,23,Tropical Plant Pathology,https://openalex.org/W2919665182,NA,2019_Tropical_Plant_Pathology_Biological_control_of_Rhizoctonia_solani_in_cowpea_plants_using_yeast.pdf,pdfs/2019_Tropical_Plant_Pathology_Biological_control_of_Rhizoctonia_solani_in_cowpea_plants_using_yeast.pdf,FALSE
Tropical Plant Pathology,2019,1983-2052,issn_online,control,Biological control of the root-knot nematode Meloidogyne incognita on tomatoes and carrots by plant growth-promoting rhizobacteria,https://doi.org/10.1007/s40858-019-00283-2,77,Tropical Plant Pathology,https://openalex.org/W2943655579,NA,2019_Tropical_Plant_Pathology_Biological_control_of_the_root_knot_nematode_Meloidogyne_incognita_on_.pdf,pdfs/2019_Tropical_Plant_Pathology_Biological_control_of_the_root_knot_nematode_Meloidogyne_incognita_on_.pdf,FALSE
Tropical Plant Pathology,2019,1983-2052,issn_online,control,"The rust Puccinia arechavaletae, a potential biological control agent of balloon vine (Cardiospermum grandiflorum) in South Africa. II: Host range",https://doi.org/10.1007/s40858-019-00297-w,2,Tropical Plant Pathology,https://openalex.org/W2954687384,NA,2019_Tropical_Plant_Pathology_The_rust_Puccinia_arechavaletae_a_potential_biological_control_agent_o.pdf,pdfs/2019_Tropical_Plant_Pathology_The_rust_Puccinia_arechavaletae_a_potential_biological_control_agent_o.pdf,FALSE
Tropical Plant Pathology,2018,1983-2052,issn_online,control,Detection and chemical control of Cercospora sojina infecting soybean seed in Argentina,https://doi.org/10.1007/s40858-018-0245-x,9,Tropical Plant Pathology,https://openalex.org/W2883113102,NA,2018_Tropical_Plant_Pathology_Detection_and_chemical_control_of_Cercospora_sojina_infecting_soybean_.pdf,pdfs/2018_Tropical_Plant_Pathology_Detection_and_chemical_control_of_Cercospora_sojina_infecting_soybean_.pdf,FALSE
Tropical Plant Pathology,2018,1983-2052,issn_online,control,Efficacy of Bacillus subtilis native strains for biocontrol of Phytophthora crown and root rot of pistachio in Iran,https://doi.org/10.1007/s40858-018-0226-0,13,Tropical Plant Pathology,https://openalex.org/W2806894438,NA,2018_Tropical_Plant_Pathology_Efficacy_of_Bacillus_subtilis_native_strains_for_biocontrol_of_Phytoph.pdf,pdfs/2018_Tropical_Plant_Pathology_Efficacy_of_Bacillus_subtilis_native_strains_for_biocontrol_of_Phytoph.pdf,FALSE
Tropical Plant Pathology,2018,1983-2052,issn_online,control,"Improvement of bean yield and Fusarium root rot biocontrol using mixtures of Bacillus, Pseudomonas and Rhizobium",https://doi.org/10.1007/s40858-018-0252-y,79,Tropical Plant Pathology,https://openalex.org/W2894741800,NA,2018_Tropical_Plant_Pathology_Improvement_of_bean_yield_and_Fusarium_root_rot_biocontrol_using_mixtu.pdf,pdfs/2018_Tropical_Plant_Pathology_Improvement_of_bean_yield_and_Fusarium_root_rot_biocontrol_using_mixtu.pdf,FALSE
Tropical Plant Pathology,2018,1983-2052,issn_online,control,Low-molecular-weight metabolites produced by Pseudomonas aeruginosa as an alternative to control Huanglongbing in Citrus sinensis cv. Valencia,https://doi.org/10.1007/s40858-018-0231-3,14,Tropical Plant Pathology,https://openalex.org/W2824180345,NA,2018_Tropical_Plant_Pathology_Low_molecular_weight_metabolites_produced_by_Pseudomonas_aeruginosa_as.pdf,pdfs/2018_Tropical_Plant_Pathology_Low_molecular_weight_metabolites_produced_by_Pseudomonas_aeruginosa_as.pdf,FALSE
Tropical Plant Pathology,2017,1983-2052,issn_online,control,Competitive and colony layer formation ability as key mechanisms by yeasts for the control Botryosphaeria dothidea fruit rot of mango,https://doi.org/10.1007/s40858-017-0183-z,7,Tropical Plant Pathology,https://openalex.org/W2754537975,NA,2017_Tropical_Plant_Pathology_Competitive_and_colony_layer_formation_ability_as_key_mechanisms_by_ye.pdf,pdfs/2017_Tropical_Plant_Pathology_Competitive_and_colony_layer_formation_ability_as_key_mechanisms_by_ye.pdf,FALSE
Tropical Plant Pathology,2017,1983-2052,issn_online,control,"Cotton blue disease in central-west Brazil: Occurrence, vector (Aphis gossypii) control levels and cultivar reaction",https://doi.org/10.1007/s40858-017-0165-1,15,Tropical Plant Pathology,https://openalex.org/W2625780044,NA,2017_Tropical_Plant_Pathology_Cotton_blue_disease_in_central_west_Brazil_Occurrence_vector_Aphis_gos.pdf,pdfs/2017_Tropical_Plant_Pathology_Cotton_blue_disease_in_central_west_Brazil_Occurrence_vector_Aphis_gos.pdf,FALSE
Tropical Plant Pathology,2017,1983-2052,issn_online,control,"Cultivar resistance and chemical, biological and fertilizer treatments for controling Botrytis leaf blight of onion",https://doi.org/10.1007/s40858-017-0193-x,12,Tropical Plant Pathology,https://openalex.org/W2762774148,NA,2017_Tropical_Plant_Pathology_Cultivar_resistance_and_chemical_biological_and_fertilizer_treatments_.pdf,pdfs/2017_Tropical_Plant_Pathology_Cultivar_resistance_and_chemical_biological_and_fertilizer_treatments_.pdf,FALSE
Tropical Plant Pathology,2017,1983-2052,issn_online,control,Evaluation of different salt-amended electrolysed water to control postharvest moulds of citrus,https://doi.org/10.1007/s40858-017-0179-8,45,Tropical Plant Pathology,https://openalex.org/W2754900733,NA,2017_Tropical_Plant_Pathology_Evaluation_of_different_salt_amended_electrolysed_water_to_control_pos.pdf,pdfs/2017_Tropical_Plant_Pathology_Evaluation_of_different_salt_amended_electrolysed_water_to_control_pos.pdf,FALSE
Tropical Plant Pathology,2016,1983-2052,issn_online,control,Biological control of gray mold and growth promotion of tomato using Bacillus spp. isolated from soil,https://doi.org/10.1007/s40858-016-0082-8,29,Tropical Plant Pathology,https://openalex.org/W2469283506,NA,2016_Tropical_Plant_Pathology_Biological_control_of_gray_mold_and_growth_promotion_of_tomato_using_B.pdf,pdfs/2016_Tropical_Plant_Pathology_Biological_control_of_gray_mold_and_growth_promotion_of_tomato_using_B.pdf,FALSE
Tropical Plant Pathology,2016,1983-2052,issn_online,control,Evaluation of Paenibacillus polymyxa strain SC09-21 for biocontrol of Phytophthora blight and growth stimulation in pepper plants,https://doi.org/10.1007/s40858-016-0077-5,36,Tropical Plant Pathology,https://openalex.org/W2305885865,NA,2016_Tropical_Plant_Pathology_Evaluation_of_Paenibacillus_polymyxa_strain_SC09_21_for_biocontrol_of_.pdf,pdfs/2016_Tropical_Plant_Pathology_Evaluation_of_Paenibacillus_polymyxa_strain_SC09_21_for_biocontrol_of_.pdf,FALSE
Tropical Plant Pathology,2016,1983-2052,issn_online,control,Timing of fungicide application for the control of Gibberella ear rot of maize,https://doi.org/10.1007/s40858-016-0095-3,30,Tropical Plant Pathology,https://openalex.org/W2465165362,NA,2016_Tropical_Plant_Pathology_Timing_of_fungicide_application_for_the_control_of_Gibberella_ear_rot_.pdf,pdfs/2016_Tropical_Plant_Pathology_Timing_of_fungicide_application_for_the_control_of_Gibberella_ear_rot_.pdf,FALSE
